{"type":"FeatureCollection","features":[{"type":"Feature","properties":{"name":"Wider Europe EEZ + land","version":"hires","source":"Flanders Marine Institute, Marine and land zones (EEZ_land union), via MarineRegions WFS"},"geometry":{"type":"MultiPolygon","coordinates":[[[[-13.805891,27.683217],[-13.81307,27.675145],[-13.819269,27.667682],[-13.832529,27.654205],[-13.833769,27.652974],[-13.836186,27.650493],[-13.841684,27.644853],[-13.847851,27.638661],[-13.857746,27.628403],[-13.867783,27.618011],[-13.868839,27.616961],[-13.878154,27.607095],[-13.886758,27.597993],[-13.897103,27.588485],[-13.910837,27.575065],[-13.917057,27.568997],[-13.926286,27.561531],[-13.949499,27.54159],[-13.956053,27.536066],[-13.956263,27.535889],[-13.957006,27.535226],[-13.972842,27.521102],[-13.985858,27.509605],[-13.988179,27.507433],[-14.001858,27.494675],[-14.011553,27.486582],[-14.116704,27.398845],[-14.340465,27.240297],[-14.348146,27.234857],[-14.359194,27.231991],[-14.37294,27.228909],[-14.391576,27.227502],[-14.448289,27.223239],[-14.464687,27.221878],[-14.481102,27.220388],[-14.497534,27.218768],[-14.502843,27.218204],[-14.513983,27.217026],[-14.530448,27.215158],[-14.546931,27.213161],[-14.556046,27.211986],[-14.563431,27.211036],[-14.579948,27.208783],[-14.596483,27.206401],[-14.613034,27.20389],[-14.639014,27.199749],[-14.701532,27.189898],[-14.85325,27.080769],[-14.918857,27.033],[-14.941807,27.020675],[-15.009881,26.984081],[-15.012858,26.982388],[-15.025898,26.974849],[-15.038883,26.967215],[-15.051811,26.959485],[-15.057092,26.956275],[-15.064685,26.951663],[-15.077503,26.943748],[-15.090266,26.935738],[-15.145683,26.900385],[-15.173116,26.88295],[-15.286208,26.813462],[-15.367308,26.764729],[-15.440417,26.723117],[-15.482935,26.698933],[-15.484996,26.697757],[-15.487058,26.69658],[-15.489119,26.6954],[-15.49118,26.694218],[-15.49324,26.693034],[-15.495301,26.691847],[-15.497361,26.690658],[-15.499421,26.689467],[-15.501481,26.688273],[-15.503541,26.687077],[-15.539593,26.6661],[-15.644916,26.605788],[-15.917974,26.455482],[-15.92636,26.450837],[-15.934753,26.446164],[-15.943153,26.441461],[-15.95156,26.43673],[-15.959974,26.431968],[-15.968396,26.427178],[-15.976825,26.422358],[-15.985261,26.417509],[-15.993705,26.412631],[-16.002155,26.407723],[-16.02101,26.396717],[-16.236752,26.305381],[-16.300896,26.278224],[-16.35731,26.254367],[-16.435702,26.22122],[-16.465579,26.208589],[-16.7206,26.129941],[-16.739236,26.118824],[-16.739255,26.118802],[-16.76524,26.088497],[-16.767464,26.085903],[-16.892347,25.940605],[-16.926701,25.902183],[-16.945944,25.881139],[-17.018393,25.801894],[-17.028195,25.79116],[-17.115536,25.695531],[-17.166466,25.664702],[-17.169123,25.66317],[-17.179176,25.657374],[-17.330017,25.58495],[-17.559054,25.47481],[-17.564444,25.472281],[-17.584626,25.462807],[-17.639477,25.436951],[-17.766247,25.377243],[-17.831995,25.34637],[-17.934415,25.300172],[-18.388069,25.096112],[-18.537922,25.029095],[-19.202394,24.709975],[-19.506681,24.584738],[-19.509919,24.58605],[-19.51189,24.586852],[-19.527669,24.593294],[-19.528653,24.593697],[-19.530622,24.594504],[-19.531607,24.594908],[-19.535545,24.596529],[-19.536529,24.596934],[-19.538497,24.597747],[-19.53948,24.598153],[-19.547349,24.601416],[-19.548332,24.601824],[-19.550298,24.602642],[-19.55128,24.603051],[-19.55521,24.604693],[-19.556191,24.605104],[-19.558155,24.605927],[-19.559136,24.606339],[-19.559959,24.606686],[-19.560795,24.607038],[-19.56163,24.607389],[-19.562466,24.607741],[-19.563302,24.608093],[-19.564138,24.608445],[-19.564974,24.608796],[-19.565809,24.609148],[-19.566645,24.6095],[-19.567483,24.609852],[-19.568318,24.610204],[-19.569152,24.610555],[-19.569988,24.610907],[-19.570823,24.611258],[-19.571659,24.61161],[-19.572495,24.611962],[-19.573331,24.612314],[-19.574167,24.612666],[-19.575002,24.613017],[-19.575838,24.613369],[-19.576674,24.613721],[-19.57751,24.614073],[-19.578345,24.614425],[-19.579181,24.614776],[-19.580016,24.615128],[-19.580852,24.61548],[-19.581688,24.615832],[-19.582524,24.616184],[-19.583361,24.616536],[-19.584196,24.616887],[-19.585031,24.617239],[-19.585867,24.617591],[-19.586703,24.617942],[-19.587538,24.618294],[-19.588374,24.618646],[-19.589209,24.618997],[-19.590045,24.619349],[-19.590881,24.619701],[-19.591717,24.620053],[-19.592553,24.620405],[-19.593388,24.620756],[-19.594224,24.621108],[-19.59506,24.62146],[-19.595896,24.621812],[-19.596732,24.622164],[-19.597567,24.622515],[-19.598402,24.622867],[-19.59924,24.623219],[-19.600076,24.623571],[-19.60091,24.623922],[-19.601746,24.624274],[-19.602582,24.624626],[-19.603417,24.624977],[-19.604252,24.625329],[-19.605089,24.625681],[-19.605925,24.626033],[-19.60676,24.626385],[-19.607595,24.626736],[-19.608431,24.627088],[-19.609268,24.62744],[-19.610103,24.627792],[-19.610939,24.628144],[-19.611775,24.628495],[-19.61261,24.628847],[-19.613446,24.629199],[-19.614282,24.629551],[-19.615119,24.629903],[-19.615955,24.630255],[-19.616788,24.630606],[-19.617624,24.630958],[-19.618461,24.63131],[-19.619296,24.631661],[-19.620132,24.632013],[-19.620968,24.632365],[-19.621803,24.632716],[-19.622639,24.633068],[-19.623475,24.63342],[-19.624311,24.633772],[-19.625147,24.634124],[-19.625982,24.634475],[-19.626817,24.634827],[-19.627654,24.635179],[-19.628489,24.635531],[-19.629325,24.635883],[-19.630161,24.636234],[-19.630998,24.636587],[-19.631833,24.636938],[-19.632668,24.63729],[-19.633504,24.637641],[-19.63434,24.637993],[-19.635175,24.638345],[-19.63601,24.638696],[-19.636847,24.639049],[-19.637683,24.6394],[-19.638518,24.639752],[-19.639354,24.640104],[-19.640189,24.640455],[-19.641025,24.640807],[-19.641861,24.641159],[-19.642697,24.641511],[-19.643533,24.641863],[-19.644369,24.642214],[-19.645204,24.642566],[-19.646039,24.642918],[-19.646872,24.643268],[-19.654097,24.646353],[-19.65529,24.646869],[-19.656134,24.647221],[-19.656972,24.64757],[-19.657808,24.647919],[-19.658646,24.648268],[-19.659482,24.648616],[-19.660318,24.648965],[-19.661156,24.649314],[-19.661992,24.649663],[-19.662829,24.650012],[-19.663666,24.65036],[-19.664503,24.650709],[-19.66534,24.651058],[-19.666164,24.651402],[-19.666985,24.651744],[-19.669399,24.652755],[-19.674225,24.654786],[-19.676636,24.655805],[-19.677461,24.656156],[-19.678293,24.656509],[-19.679129,24.656864],[-19.679963,24.657219],[-19.680798,24.657573],[-19.681633,24.657928],[-19.682466,24.658281],[-19.683303,24.658637],[-19.684139,24.658992],[-19.684493,24.659142],[-19.685263,24.659458],[-19.687082,24.660207],[-19.701637,24.666217],[-19.703454,24.66697],[-19.707087,24.668481],[-19.708902,24.669238],[-19.716162,24.672279],[-19.717975,24.67304],[-19.721599,24.674569],[-19.723409,24.675335],[-19.737896,24.681486],[-19.739704,24.682257],[-19.74332,24.683803],[-19.745126,24.684578],[-19.752351,24.687688],[-19.754155,24.688468],[-19.757762,24.690031],[-19.759563,24.690815],[-19.773979,24.697107],[-19.775778,24.697894],[-19.779376,24.699476],[-19.781174,24.700268],[-19.788363,24.703448],[-19.790158,24.704245],[-19.793747,24.705844],[-19.795539,24.706645],[-19.809883,24.713076],[-19.811673,24.713882],[-19.815253,24.715497],[-19.817041,24.716307],[-19.824194,24.719557],[-19.82598,24.720372],[-19.82955,24.722005],[-19.831334,24.722823],[-19.845603,24.729394],[-19.847384,24.730216],[-19.850946,24.731867],[-19.852725,24.732694],[-19.85984,24.736013],[-19.861617,24.736845],[-19.865169,24.738513],[-19.866942,24.739348],[-19.881137,24.746057],[-19.882908,24.746897],[-19.886451,24.748582],[-19.88822,24.749426],[-19.895298,24.752814],[-19.897065,24.753663],[-19.900598,24.755365],[-19.902362,24.756218],[-19.916479,24.763064],[-19.918241,24.763921],[-19.921764,24.76564],[-19.923524,24.766502],[-19.930562,24.769958],[-19.93232,24.770824],[-19.93578,24.77268],[-19.937534,24.773546],[-19.94354,24.776442],[-19.951618,24.78043],[-19.952737,24.780983],[-19.954976,24.78209],[-19.956092,24.782649],[-19.96055,24.784907],[-19.961664,24.785471],[-19.963892,24.786602],[-19.965004,24.787167],[-19.968116,24.788749],[-19.973876,24.791763],[-19.975457,24.792566],[-19.978692,24.794048],[-19.980273,24.794854],[-19.986596,24.798086],[-19.988507,24.799066],[-19.992327,24.801032],[-19.994236,24.802017],[-19.995727,24.80279],[-19.99672,24.803306],[-20.003403,24.806776],[-20.00407,24.807123],[-20.004867,24.807538],[-20.005928,24.808091],[-20.006457,24.808367],[-20.009644,24.810032],[-20.010408,24.810431],[-20.012031,24.811281],[-20.012825,24.811698],[-20.029377,24.820391],[-20.030409,24.820934],[-20.032474,24.822022],[-20.033507,24.822567],[-20.037636,24.824752],[-20.038668,24.825298],[-20.04073,24.826393],[-20.04176,24.826941],[-20.050007,24.831335],[-20.051036,24.831885],[-20.053096,24.832986],[-20.054124,24.833537],[-20.05824,24.835746],[-20.059268,24.836299],[-20.061324,24.837406],[-20.062352,24.837961],[-20.06305,24.838338],[-20.063782,24.838734],[-20.065244,24.839527],[-20.065975,24.839924],[-20.068898,24.841512],[-20.069628,24.841909],[-20.071088,24.842705],[-20.071817,24.843103],[-20.077656,24.846292],[-20.078384,24.84669],[-20.079842,24.847489],[-20.080571,24.847888],[-20.083485,24.849488],[-20.084213,24.849888],[-20.085668,24.850689],[-20.086395,24.85109],[-20.098041,24.857516],[-20.099494,24.85832],[-20.102401,24.859931],[-20.103852,24.860739],[-20.109659,24.863975],[-20.111109,24.864785],[-20.114007,24.866409],[-20.115455,24.867222],[-20.127038,24.873744],[-20.128483,24.87456],[-20.131374,24.876195],[-20.132818,24.877015],[-20.138593,24.880299],[-20.140035,24.881121],[-20.142917,24.882769],[-20.144357,24.883594],[-20.155876,24.890211],[-20.157314,24.891038],[-20.160189,24.892698],[-20.161625,24.893529],[-20.167367,24.896861],[-20.168801,24.897695],[-20.171668,24.899366],[-20.173099,24.900203],[-20.184554,24.906915],[-20.185984,24.907755],[-20.188842,24.909438],[-20.19027,24.910281],[-20.19598,24.91366],[-20.197406,24.914506],[-20.200256,24.916201],[-20.20168,24.917049],[-20.213069,24.923855],[-20.21449,24.924707],[-20.217332,24.926414],[-20.218752,24.927268],[-20.224429,24.930694],[-20.225847,24.931552],[-20.22868,24.93327],[-20.230095,24.934131],[-20.241418,24.941031],[-20.242831,24.941894],[-20.245656,24.943624],[-20.247068,24.94449],[-20.252711,24.947963],[-20.25412,24.948832],[-20.256937,24.950574],[-20.258344,24.951446],[-20.269599,24.958439],[-20.271004,24.959314],[-20.273812,24.961067],[-20.275215,24.961945],[-20.280825,24.965465],[-20.282226,24.966345],[-20.285025,24.96811],[-20.286424,24.968994],[-20.29761,24.97608],[-20.299006,24.976966],[-20.301798,24.978743],[-20.303192,24.979632],[-20.308767,24.983198],[-20.31016,24.98409],[-20.312942,24.985878],[-20.314332,24.986773],[-20.325449,24.993951],[-20.326837,24.994849],[-20.329611,24.996648],[-20.330996,24.997549],[-20.336537,25.00116],[-20.33792,25.002064],[-20.340685,25.003875],[-20.342066,25.004782],[-20.353113,25.012051],[-20.354492,25.01296],[-20.357248,25.014783],[-20.358625,25.015695],[-20.36413,25.019352],[-20.365505,25.020267],[-20.368252,25.022101],[-20.369624,25.023019],[-20.3806,25.030379],[-20.38197,25.031299],[-20.384708,25.033144],[-20.386076,25.034068],[-20.391546,25.03777],[-20.392911,25.038697],[-20.395641,25.040553],[-20.397003,25.041482],[-20.407908,25.048933],[-20.409268,25.049865],[-20.411989,25.051732],[-20.413348,25.052667],[-20.418781,25.056414],[-20.420137,25.057352],[-20.422849,25.059231],[-20.424202,25.060171],[-20.435034,25.067711],[-20.436369,25.068643],[-20.439141,25.070582],[-20.440148,25.071283],[-20.44161,25.072304],[-20.447482,25.076413],[-20.448947,25.077441],[-20.451877,25.079501],[-20.453339,25.080532],[-20.465051,25.088811],[-20.466512,25.089847],[-20.469434,25.091922],[-20.470893,25.092961],[-20.476726,25.097126],[-20.478182,25.098169],[-20.481092,25.100257],[-20.482545,25.101302],[-20.49419,25.109701],[-20.495194,25.110426],[-20.497203,25.11188],[-20.498206,25.112608],[-20.502221,25.115523],[-20.503223,25.116252],[-20.505227,25.117712],[-20.506227,25.118443],[-20.514236,25.1243],[-20.515777,25.125429],[-20.518856,25.127694],[-20.520394,25.128827],[-20.526542,25.133371],[-20.528208,25.134607],[-20.531538,25.137083],[-20.533227,25.138342],[-20.534,25.13892],[-20.539596,25.143109],[-20.540267,25.143612],[-20.541602,25.144613],[-20.542276,25.14512],[-20.545083,25.147231],[-20.545804,25.147773],[-20.546997,25.148673],[-20.5476,25.149128],[-20.562636,25.160487],[-20.5637,25.161292],[-20.564511,25.161908],[-20.568258,25.164757],[-20.570129,25.166185],[-20.577606,25.171908],[-20.579472,25.17334],[-20.5832,25.176212],[-20.58506,25.17765],[-20.599935,25.189185],[-20.601791,25.190629],[-20.605498,25.193522],[-20.607349,25.194971],[-20.614745,25.200782],[-20.616591,25.202237],[-20.620278,25.205152],[-20.622118,25.206612],[-20.636831,25.218322],[-20.638666,25.219787],[-20.642332,25.222724],[-20.644162,25.224195],[-20.651476,25.230092],[-20.6533,25.231568],[-20.656946,25.234527],[-20.658765,25.236008],[-20.673311,25.247889],[-20.675125,25.249375],[-20.678748,25.252354],[-20.680557,25.253846],[-20.687785,25.259827],[-20.689588,25.261323],[-20.693188,25.264322],[-20.694983,25.265821],[-20.705939,25.275005],[-20.707962,25.276698],[-20.71223,25.280283],[-20.71436,25.282079],[-20.72287,25.289283],[-20.724992,25.291087],[-20.729231,25.294704],[-20.731345,25.296514],[-20.748249,25.311046],[-20.750357,25.312865],[-20.754566,25.316511],[-20.756667,25.318338],[-20.765057,25.325662],[-20.76715,25.327496],[-20.771328,25.331172],[-20.773413,25.333012],[-20.790117,25.347819],[-20.792199,25.349672],[-20.796358,25.353387],[-20.798433,25.355248],[-20.806722,25.362709],[-20.808789,25.364577],[-20.812917,25.368321],[-20.814976,25.370196],[-20.83143,25.385237],[-20.833481,25.387118],[-20.837578,25.390892],[-20.839621,25.392781],[-20.847785,25.400359],[-20.84982,25.402255],[-20.853885,25.406057],[-20.855912,25.407961],[-20.872112,25.423232],[-20.874132,25.425142],[-20.878164,25.428973],[-20.880176,25.430891],[-20.888211,25.438582],[-20.890215,25.440507],[-20.894215,25.444366],[-20.89621,25.446298],[-20.912153,25.461795],[-20.91414,25.463734],[-20.918108,25.467621],[-20.920088,25.469567],[-20.927993,25.477371],[-20.929964,25.479324],[-20.933899,25.483239],[-20.935861,25.485199],[-20.951542,25.500919],[-20.952805,25.502187],[-20.955328,25.504729],[-20.956588,25.506001],[-20.961623,25.511099],[-20.96288,25.512375],[-20.96539,25.514929],[-20.966642,25.516207],[-20.976659,25.52645],[-20.983181,25.533278],[-20.986934,25.537118],[-20.989224,25.539487],[-20.990039,25.540331],[-20.993284,25.543698],[-20.99411,25.544556],[-20.997403,25.547985],[-20.998339,25.548961],[-20.998982,25.549631],[-20.999741,25.550424],[-21.002303,25.553115],[-21.003184,25.554044],[-21.003694,25.554584],[-21.004225,25.555144],[-21.007467,25.558593],[-21.016792,25.56858],[-21.025484,25.577697],[-21.025927,25.578172],[-21.028522,25.580958],[-21.029817,25.582352],[-21.04017,25.593525],[-21.041461,25.594922],[-21.04404,25.597721],[-21.045328,25.599121],[-21.050471,25.604732],[-21.051754,25.606136],[-21.054317,25.608946],[-21.055596,25.610353],[-21.065819,25.621626],[-21.067094,25.623035],[-21.069641,25.625858],[-21.070912,25.627271],[-21.07599,25.632932],[-21.077257,25.634347],[-21.079787,25.637183],[-21.081049,25.638602],[-21.091141,25.649973],[-21.092399,25.651395],[-21.094913,25.654242],[-21.096168,25.655667],[-21.10118,25.661377],[-21.10243,25.662805],[-21.104928,25.665665],[-21.106173,25.667096],[-21.116133,25.678564],[-21.117375,25.679998],[-21.119855,25.68287],[-21.121093,25.684307],[-21.126039,25.690065],[-21.127273,25.691505],[-21.129737,25.694389],[-21.130966,25.695832],[-21.140792,25.707396],[-21.142017,25.708842],[-21.144464,25.711738],[-21.145685,25.713187],[-21.150564,25.718992],[-21.151781,25.720444],[-21.154211,25.723352],[-21.155423,25.724806],[-21.165114,25.736465],[-21.166332,25.737934],[-21.168764,25.740876],[-21.169977,25.742349],[-21.174825,25.748247],[-21.176035,25.749722],[-21.178449,25.752676],[-21.179654,25.754154],[-21.189282,25.765998],[-21.190483,25.767479],[-21.192881,25.770446],[-21.194078,25.771931],[-21.198859,25.777878],[-21.200052,25.779367],[-21.202435,25.782348],[-21.203625,25.783841],[-21.213644,25.796446],[-21.216301,25.799793],[-21.217444,25.801236],[-21.219713,25.80411],[-21.220846,25.805548],[-21.225353,25.811287],[-21.226477,25.812722],[-21.228722,25.815597],[-21.229842,25.817034],[-21.238775,25.828533],[-21.239889,25.82997],[-21.242113,25.832849],[-21.243223,25.834289],[-21.247657,25.840059],[-21.248763,25.841502],[-21.250971,25.844391],[-21.252072,25.845836],[-21.261212,25.85786],[-21.262352,25.859363],[-21.264627,25.862373],[-21.265762,25.86388],[-21.270297,25.869913],[-21.271428,25.871422],[-21.273685,25.874443],[-21.274811,25.875954],[-21.283811,25.888066],[-21.284933,25.88958],[-21.287173,25.892613],[-21.28829,25.89413],[-21.292754,25.900207],[-21.293867,25.901726],[-21.29609,25.904769],[-21.297198,25.906292],[-21.306056,25.91849],[-21.30716,25.920015],[-21.309365,25.923068],[-21.310464,25.924596],[-21.314857,25.930716],[-21.315952,25.932247],[-21.318139,25.935311],[-21.31923,25.936844],[-21.327944,25.949127],[-21.329031,25.950663],[-21.3312,25.953738],[-21.332281,25.955276],[-21.336602,25.961438],[-21.33768,25.962979],[-21.339831,25.966065],[-21.340903,25.967608],[-21.349474,25.979975],[-21.350265,25.981119],[-21.351845,25.983409],[-21.352634,25.984554],[-21.355785,25.989141],[-21.356571,25.990288],[-21.358142,25.992584],[-21.358925,25.993732],[-21.36519,26.002931],[-21.36621,26.004433],[-21.368246,26.007441],[-21.369262,26.008945],[-21.373319,26.014972],[-21.374331,26.016479],[-21.37635,26.019497],[-21.377358,26.021006],[-21.379361,26.024017],[-21.380066,26.025079],[-21.381242,26.02685],[-21.381946,26.027912],[-21.389858,26.039868],[-21.390791,26.041281],[-21.392655,26.044112],[-21.393587,26.045532],[-21.397282,26.051177],[-21.398222,26.052617],[-21.399923,26.05523],[-21.400774,26.05654],[-21.408034,26.06775],[-21.408336,26.068216],[-21.408939,26.06915],[-21.410746,26.071956],[-21.411648,26.073359],[-21.415248,26.078978],[-21.416146,26.080384],[-21.417938,26.083196],[-21.418832,26.084603],[-21.42604,26.095977],[-21.426932,26.097387],[-21.428712,26.100213],[-21.429601,26.101626],[-21.433148,26.107285],[-21.434033,26.108701],[-21.435799,26.111533],[-21.436679,26.11295],[-21.443716,26.124301],[-21.444593,26.12572],[-21.446344,26.12856],[-21.447217,26.129981],[-21.450705,26.135671],[-21.451575,26.137094],[-21.453311,26.139942],[-21.454177,26.141366],[-21.461045,26.152695],[-21.461901,26.154111],[-21.46361,26.156946],[-21.464462,26.158364],[-21.467866,26.164042],[-21.468715,26.165462],[-21.470409,26.168304],[-21.471254,26.169726],[-21.478003,26.181113],[-21.478845,26.182536],[-21.480524,26.185386],[-21.481362,26.186811],[-21.484707,26.192518],[-21.48554,26.193945],[-21.487205,26.196802],[-21.488035,26.19823],[-21.494666,26.209676],[-21.495492,26.211106],[-21.497142,26.213969],[-21.497965,26.215402],[-21.50125,26.221138],[-21.502069,26.222572],[-21.503704,26.225442],[-21.504519,26.226878],[-21.511031,26.238379],[-21.511842,26.239817],[-21.513462,26.242694],[-21.51427,26.244134],[-21.517495,26.249897],[-21.5183,26.251338],[-21.519904,26.254223],[-21.520704,26.255665],[-21.527096,26.267222],[-21.527893,26.268666],[-21.529482,26.271558],[-21.530275,26.273004],[-21.533441,26.278795],[-21.53423,26.280243],[-21.535804,26.283141],[-21.536589,26.28459],[-21.54286,26.296201],[-21.543642,26.297652],[-21.545201,26.300557],[-21.545979,26.30201],[-21.549084,26.307828],[-21.549858,26.309283],[-21.551402,26.312194],[-21.552172,26.31365],[-21.558322,26.325314],[-21.559088,26.326772],[-21.560617,26.32969],[-21.56138,26.331149],[-21.564424,26.336994],[-21.565182,26.338455],[-21.566696,26.34138],[-21.567451,26.342842],[-21.573479,26.354558],[-21.57423,26.356022],[-21.575728,26.358954],[-21.576476,26.36042],[-21.579459,26.36629],[-21.580202,26.367757],[-21.581685,26.370695],[-21.582425,26.372164],[-21.58833,26.383931],[-21.589065,26.385402],[-21.590533,26.388345],[-21.591265,26.389818],[-21.594187,26.395713],[-21.594915,26.397187],[-21.596367,26.400137],[-21.597091,26.401612],[-21.602873,26.41343],[-21.603594,26.414906],[-21.605031,26.417863],[-21.605747,26.419341],[-21.608607,26.425262],[-21.60932,26.426742],[-21.610741,26.429704],[-21.61145,26.431185],[-21.617108,26.443052],[-21.618252,26.445464],[-21.62053,26.450293],[-21.621664,26.45271],[-21.62618,26.462386],[-21.627304,26.464806],[-21.629541,26.469651],[-21.630653,26.472074],[-21.639521,26.49149],[-21.640624,26.493917],[-21.642819,26.498777],[-21.643911,26.501208],[-21.648262,26.510945],[-21.649344,26.51338],[-21.651497,26.518254],[-21.652568,26.520692],[-21.664446,26.547875],[-21.664782,26.548646],[-21.665345,26.549936],[-21.665682,26.550711],[-21.666639,26.55291],[-21.667133,26.554048],[-21.668118,26.556326],[-21.66861,26.557465],[-21.670572,26.562025],[-21.671701,26.564663],[-21.673945,26.569945],[-21.675061,26.572587],[-21.677635,26.57872],[-21.677902,26.579357],[-21.67853,26.580858],[-21.679568,26.583352],[-21.680085,26.584599],[-21.687994,26.603711],[-21.688416,26.604734],[-21.688976,26.6061],[-21.690933,26.610883],[-21.691906,26.613276],[-21.695781,26.622858],[-21.696744,26.625254],[-21.698661,26.63005],[-21.699614,26.632449],[-21.705629,26.647677],[-21.706377,26.64958],[-21.707868,26.653389],[-21.70861,26.655294],[-21.711566,26.662923],[-21.712302,26.664831],[-21.713767,26.668648],[-21.714497,26.670557],[-21.72031,26.685848],[-21.721033,26.687758],[-21.722473,26.691584],[-21.72319,26.693497],[-21.726046,26.701157],[-21.726757,26.703072],[-21.728172,26.706905],[-21.728876,26.708821],[-21.734488,26.724173],[-21.735185,26.726091],[-21.736575,26.729932],[-21.737267,26.731852],[-21.740022,26.739543],[-21.740707,26.741465],[-21.742071,26.745313],[-21.74275,26.747237],[-21.748159,26.762648],[-21.748831,26.764573],[-21.75017,26.768428],[-21.750836,26.770356],[-21.75349,26.778075],[-21.754149,26.780005],[-21.755463,26.783867],[-21.756116,26.785798],[-21.761321,26.801266],[-21.761645,26.802232],[-21.762292,26.804164],[-21.762615,26.805131],[-21.763903,26.809],[-21.764224,26.809967],[-21.764865,26.811902],[-21.765184,26.81287],[-21.767736,26.820618],[-21.768054,26.821586],[-21.768688,26.823523],[-21.769005,26.824492],[-21.770268,26.828369],[-21.770582,26.829338],[-21.771211,26.831278],[-21.771524,26.832248],[-21.771699,26.83279],[-21.77195,26.833572],[-21.772452,26.835136],[-21.772702,26.835919],[-21.773701,26.839049],[-21.77395,26.839832],[-21.774448,26.841397],[-21.774696,26.842179],[-21.776678,26.848445],[-21.776925,26.849227],[-21.777418,26.850793],[-21.777664,26.851576],[-21.778646,26.85471],[-21.778891,26.855493],[-21.77938,26.85706],[-21.779624,26.857842],[-21.783521,26.87039],[-21.784006,26.871958],[-21.784971,26.875096],[-21.785452,26.876664],[-21.787367,26.882946],[-21.787843,26.884516],[-21.788792,26.887658],[-21.789264,26.889228],[-21.793027,26.901809],[-21.793495,26.903381],[-21.794427,26.906527],[-21.794891,26.9081],[-21.796739,26.914398],[-21.797198,26.915972],[-21.798114,26.919122],[-21.798569,26.920696],[-21.802198,26.933309],[-21.802649,26.934885],[-21.803547,26.938038],[-21.803994,26.939615],[-21.805774,26.945929],[-21.806217,26.947507],[-21.807099,26.950664],[-21.807537,26.952243],[-21.811031,26.964886],[-21.811465,26.966466],[-21.81233,26.969627],[-21.81276,26.971208],[-21.814473,26.977536],[-21.814898,26.979118],[-21.815746,26.982283],[-21.816168,26.983866],[-21.819526,26.996539],[-21.820191,26.999071],[-21.821512,27.004141],[-21.822166,27.006676],[-21.824764,27.016827],[-21.825407,27.01936],[-21.826682,27.024431],[-21.827314,27.026966],[-21.830384,27.039399],[-21.830714,27.040734],[-21.830975,27.04179],[-21.832342,27.047343],[-21.83253,27.04811],[-21.832906,27.049645],[-21.833093,27.050412],[-21.833841,27.053483],[-21.834027,27.05425],[-21.834399,27.055786],[-21.834584,27.056553],[-21.837182,27.067342],[-21.83746,27.068505],[-21.838016,27.070833],[-21.838293,27.071997],[-21.839395,27.076656],[-21.83967,27.07782],[-21.840216,27.08015],[-21.840488,27.081314],[-21.842657,27.090641],[-21.84302,27.092208],[-21.843741,27.095346],[-21.844099,27.096914],[-21.845525,27.103193],[-21.845879,27.104763],[-21.846583,27.107903],[-21.846933,27.109474],[-21.847692,27.112901],[-21.847959,27.114109],[-21.848403,27.116124],[-21.848668,27.117332],[-21.851917,27.132186],[-21.852144,27.133226],[-21.85254,27.135051],[-21.85331,27.138633],[-21.853692,27.140424],[-21.855097,27.147053],[-21.855276,27.147901],[-21.855615,27.149516],[-21.856147,27.152068],[-21.856411,27.153343],[-21.859371,27.167692],[-21.859693,27.169265],[-21.860467,27.173072],[-21.860829,27.174866],[-21.862265,27.182047],[-21.862621,27.183841],[-21.863328,27.187432],[-21.863679,27.189227],[-21.866466,27.203604],[-21.866811,27.2054],[-21.867497,27.208994],[-21.867837,27.210791],[-21.869187,27.217985],[-21.869521,27.219783],[-21.870185,27.223381],[-21.870514,27.225179],[-21.873127,27.239582],[-21.873451,27.241381],[-21.874093,27.244982],[-21.874412,27.246782],[-21.875675,27.253989],[-21.875987,27.25579],[-21.876608,27.259394],[-21.876915,27.261195],[-21.879216,27.275651],[-21.879531,27.277449],[-21.880172,27.281047],[-21.880493,27.282846],[-21.880622,27.283573],[-21.881697,27.290058],[-21.881994,27.291861],[-21.882586,27.295468],[-21.882874,27.297272],[-21.884324,27.306721],[-21.885044,27.311734],[-21.885303,27.313542],[-21.885981,27.317138],[-21.886255,27.318944],[-21.887344,27.326173],[-21.887613,27.32798],[-21.888146,27.331595],[-21.88841,27.333402],[-21.8905,27.347873],[-21.890758,27.34968],[-21.89127,27.353298],[-21.891522,27.355106],[-21.892523,27.362346],[-21.892771,27.364155],[-21.89326,27.367775],[-21.893502,27.369584],[-21.895416,27.384074],[-21.895653,27.385884],[-21.89612,27.389506],[-21.896351,27.391317],[-21.897265,27.398566],[-21.89749,27.400378],[-21.897935,27.404002],[-21.898155,27.405814],[-21.899894,27.420321],[-21.900109,27.422133],[-21.900532,27.42576],[-21.900741,27.427573],[-21.901566,27.43483],[-21.90177,27.436644],[-21.902171,27.440272],[-21.902369,27.442086],[-21.903932,27.456609],[-21.904124,27.458423],[-21.904504,27.462054],[-21.904691,27.463869],[-21.905428,27.471133],[-21.90561,27.472949],[-21.905967,27.476581],[-21.906143,27.478396],[-21.907529,27.492934],[-21.9077,27.49475],[-21.908035,27.498384],[-21.9082,27.500201],[-21.908849,27.507472],[-21.909008,27.509289],[-21.909322,27.512924],[-21.909475,27.514741],[-21.910685,27.529292],[-21.910833,27.531109],[-21.911124,27.534746],[-21.911267,27.536564],[-21.911828,27.543841],[-21.911965,27.54566],[-21.912234,27.549298],[-21.912366,27.551116],[-21.913398,27.565677],[-21.914103,27.577197],[-21.914232,27.579692],[-21.914599,27.585052],[-21.914807,27.588211],[-21.915206,27.59453],[-21.915398,27.59769],[-21.915708,27.603049],[-21.915788,27.604469],[-21.915946,27.607308],[-21.916023,27.608727],[-21.91641,27.616013],[-21.916492,27.617593],[-21.916651,27.620754],[-21.916729,27.622334],[-21.916924,27.62641],[-21.917053,27.629251],[-21.917298,27.634934],[-21.917413,27.637775],[-21.917553,27.641433],[-21.917882,27.648086],[-21.918205,27.65556],[-21.918625,27.66693],[-21.918689,27.66873],[-21.918811,27.672331],[-21.91887,27.674131],[-21.919092,27.681335],[-21.919145,27.683136],[-21.919246,27.686738],[-21.919293,27.688539],[-21.919373,27.691765],[-21.919401,27.692903],[-21.919446,27.694799],[-21.919472,27.695936],[-21.919797,27.710492],[-21.919814,27.711273],[-21.919839,27.712448],[-21.919872,27.714102],[-21.919934,27.71741],[-21.919963,27.719063],[-21.920051,27.724634],[-21.920061,27.725283],[-21.92008,27.726581],[-21.920099,27.727973],[-21.920118,27.72946],[-21.920127,27.730202],[-21.920275,27.743435],[-21.920292,27.745088],[-21.92032,27.748395],[-21.920327,27.749342],[-21.920331,27.750048],[-21.920369,27.756664],[-21.920376,27.758317],[-21.920386,27.761624],[-21.920388,27.763277],[-21.92039,27.776317],[-21.920388,27.777933],[-21.92038,27.781165],[-21.920373,27.782781],[-21.920339,27.789248],[-21.920328,27.790864],[-21.920302,27.794097],[-21.920287,27.795712],[-21.920148,27.808648],[-21.920129,27.810263],[-21.920085,27.813496],[-21.920062,27.815112],[-21.919957,27.821578],[-21.919929,27.823194],[-21.919868,27.826426],[-21.919835,27.828041],[-21.919558,27.840874],[-21.919521,27.842477],[-21.919443,27.845684],[-21.919402,27.847287],[-21.919229,27.853702],[-21.919183,27.855304],[-21.919088,27.858511],[-21.919038,27.860113],[-21.918623,27.872943],[-21.918569,27.874545],[-21.918456,27.877751],[-21.918398,27.879354],[-21.918155,27.885767],[-21.918092,27.887369],[-21.917963,27.890575],[-21.917895,27.892176],[-21.917341,27.905002],[-21.91727,27.906604],[-21.917123,27.909808],[-21.917047,27.91141],[-21.916735,27.917821],[-21.916655,27.919423],[-21.916491,27.922627],[-21.916406,27.924228],[-21.915713,27.937049],[-21.915625,27.938649],[-21.915443,27.941853],[-21.91535,27.943454],[-21.914969,27.949862],[-21.914871,27.951463],[-21.914672,27.954665],[-21.91457,27.956266],[-21.913739,27.96908],[-21.913633,27.97068],[-21.913416,27.973881],[-21.913306,27.975482],[-21.912855,27.981886],[-21.91274,27.983486],[-21.912507,27.986687],[-21.912388,27.988286],[-21.911417,28.001092],[-21.911294,28.002691],[-21.911043,28.005891],[-21.910915,28.00749],[-21.910395,28.01389],[-21.910263,28.015489],[-21.909994,28.018688],[-21.909858,28.020286],[-21.908749,28.033083],[-21.908608,28.034681],[-21.908322,28.037879],[-21.908177,28.039477],[-21.907588,28.045872],[-21.907438,28.04747],[-21.907135,28.050666],[-21.906982,28.052263],[-21.905733,28.06505],[-21.905575,28.066647],[-21.905255,28.069842],[-21.905092,28.071438],[-21.904434,28.077828],[-21.904267,28.079425],[-21.903929,28.082618],[-21.903758,28.084214],[-21.902371,28.09699],[-21.902196,28.098585],[-21.901841,28.101777],[-21.901661,28.103372],[-21.900933,28.109756],[-21.900749,28.111351],[-21.900376,28.114541],[-21.900188,28.116136],[-21.898662,28.128899],[-21.898469,28.130492],[-21.898079,28.133681],[-21.897882,28.135275],[-21.897085,28.141652],[-21.896883,28.143246],[-21.896476,28.146433],[-21.89627,28.148025],[-21.894606,28.160775],[-21.894395,28.162368],[-21.894253,28.163444],[-21.893805,28.167088],[-21.891978,28.181586],[-21.891747,28.183397],[-21.891279,28.187019],[-21.891042,28.188829],[-21.890084,28.196073],[-21.889842,28.197883],[-21.889351,28.201503],[-21.889104,28.203311],[-21.887097,28.217792],[-21.886843,28.2196],[-21.886331,28.223217],[-21.886072,28.225025],[-21.885024,28.232259],[-21.884759,28.234066],[-21.884224,28.237681],[-21.883954,28.239487],[-21.881768,28.253947],[-21.8816,28.255049],[-21.881263,28.257254],[-21.881093,28.258356],[-21.880409,28.262768],[-21.880237,28.26387],[-21.879891,28.266075],[-21.879717,28.267177],[-21.878315,28.275998],[-21.878139,28.277099],[-21.877785,28.279303],[-21.877606,28.280405],[-21.876889,28.284813],[-21.876708,28.285914],[-21.876346,28.288118],[-21.876161,28.289231],[-21.875564,28.292816],[-21.875298,28.294405],[-21.874895,28.296802],[-21.87462,28.298431],[-21.874339,28.300092],[-21.874116,28.301401],[-21.873959,28.302319],[-21.873652,28.304112],[-21.873497,28.305008],[-21.87289,28.308513],[-21.872737,28.309389],[-21.872431,28.311141],[-21.872276,28.312024],[-21.871107,28.318657],[-21.870874,28.319974],[-21.870728,28.320795],[-21.870451,28.322347],[-21.870312,28.323123],[-21.869915,28.325331],[-21.869815,28.325882],[-21.869616,28.326985],[-21.869516,28.327535],[-21.86697,28.34154],[-21.866805,28.342441],[-21.866475,28.344243],[-21.866151,28.345992],[-21.865835,28.347688],[-21.865676,28.348536],[-21.864361,28.355531],[-21.86403,28.357279],[-21.863362,28.360774],[-21.863249,28.361363],[-21.863025,28.362521],[-21.86031,28.376501],[-21.859968,28.378246],[-21.859279,28.381738],[-21.858932,28.383484],[-21.857532,28.390466],[-21.85718,28.392211],[-21.856469,28.395699],[-21.856112,28.397442],[-21.853227,28.411396],[-21.852864,28.413138],[-21.852133,28.416624],[-21.851765,28.418366],[-21.85028,28.425335],[-21.849907,28.427076],[-21.849154,28.430558],[-21.848776,28.432297],[-21.845722,28.446223],[-21.845338,28.447962],[-21.844565,28.45144],[-21.844175,28.453178],[-21.842607,28.460133],[-21.842212,28.46187],[-21.841417,28.465345],[-21.841018,28.467081],[-21.837795,28.480977],[-21.83739,28.482712],[-21.836575,28.486182],[-21.836164,28.487917],[-21.834511,28.494856],[-21.834096,28.49659],[-21.833259,28.500057],[-21.832838,28.501789],[-21.829447,28.515654],[-21.829021,28.517385],[-21.828163,28.520848],[-21.827732,28.522578],[-21.825995,28.529502],[-21.825558,28.531231],[-21.824679,28.53469],[-21.824237,28.536418],[-21.820678,28.55025],[-21.820231,28.551977],[-21.819331,28.555431],[-21.818879,28.557158],[-21.817057,28.564065],[-21.8166,28.56579],[-21.815679,28.56924],[-21.815216,28.570964],[-21.811489,28.584762],[-21.811021,28.586484],[-21.810079,28.58993],[-21.809606,28.591652],[-21.8077,28.598541],[-21.807222,28.600262],[-21.806259,28.603703],[-21.805775,28.605423],[-21.80188,28.619184],[-21.801391,28.620902],[-21.800407,28.624339],[-21.79998,28.625822],[-21.800608,28.636144],[-21.800716,28.637963],[-21.800926,28.641604],[-21.801028,28.643424],[-21.801426,28.650709],[-21.801523,28.652529],[-21.80171,28.656171],[-21.801801,28.657991],[-21.802507,28.672565],[-21.802576,28.674007],[-21.802708,28.676892],[-21.802773,28.678334],[-21.803024,28.684106],[-21.803086,28.685549],[-21.803204,28.688434],[-21.803262,28.689876],[-21.803709,28.701425],[-21.803778,28.703287],[-21.80391,28.707012],[-21.803973,28.708874],[-21.804214,28.716326],[-21.804272,28.718189],[-21.804381,28.721915],[-21.804432,28.723778],[-21.804525,28.727342],[-21.804557,28.728598],[-21.804609,28.730693],[-21.804639,28.73195],[-21.805007,28.747818],[-21.805037,28.749153],[-21.805078,28.751101],[-21.805151,28.754909],[-21.805185,28.756812],[-21.805296,28.763747],[-21.805313,28.764885],[-21.805336,28.766561],[-21.805367,28.769004],[-21.805381,28.770224],[-21.805538,28.785456],[-21.805554,28.78732],[-21.805582,28.791165],[-21.805592,28.793068],[-21.805622,28.800684],[-21.805626,28.802587],[-21.805629,28.806393],[-21.805627,28.808296],[-21.805588,28.823529],[-21.805584,28.824479],[-21.805576,28.826381],[-21.805572,28.827333],[-21.80555,28.83114],[-21.805543,28.832091],[-21.805529,28.833994],[-21.805521,28.834945],[-21.805453,28.842561],[-21.805443,28.843512],[-21.805423,28.845416],[-21.805412,28.846367],[-21.805366,28.850175],[-21.805353,28.851127],[-21.805327,28.853031],[-21.805313,28.853983],[-21.805289,28.855479],[-21.805277,28.856892],[-21.805241,28.860702],[-21.80522,28.862606],[-21.805026,28.877849],[-21.804999,28.879753],[-21.804938,28.883562],[-21.804904,28.885466],[-21.804758,28.893086],[-21.804719,28.89499],[-21.804633,28.898799],[-21.804587,28.900703],[-21.804213,28.915286],[-21.804164,28.917108],[-21.804059,28.920752],[-21.804004,28.922573],[-21.803771,28.929863],[-21.80371,28.931685],[-21.803583,28.935329],[-21.803517,28.937149],[-21.802962,28.951728],[-21.802889,28.953549],[-21.802739,28.957192],[-21.802662,28.959013],[-21.802339,28.9663],[-21.802255,28.968121],[-21.802083,28.971763],[-21.801994,28.973583],[-21.801258,28.988156],[-21.801163,28.989976],[-21.800968,28.993617],[-21.800867,28.995437],[-21.800454,29.002721],[-21.800348,29.00454],[-21.80013,29.008181],[-21.800019,29.01],[-21.799102,29.024565],[-21.798984,29.026383],[-21.798744,29.030023],[-21.798621,29.031842],[-21.798117,29.039121],[-21.797988,29.040939],[-21.797725,29.044578],[-21.797591,29.046395],[-21.796493,29.06095],[-21.796353,29.062768],[-21.796067,29.066405],[-21.795921,29.068222],[-21.795327,29.075496],[-21.795176,29.077314],[-21.794867,29.080949],[-21.79471,29.082765],[-21.793431,29.097309],[-21.793268,29.099125],[-21.792937,29.102759],[-21.792769,29.104575],[-21.792084,29.111842],[-21.79191,29.113658],[-21.791557,29.11729],[-21.791377,29.119105],[-21.789916,29.133635],[-21.789731,29.13545],[-21.789355,29.13908],[-21.789164,29.140895],[-21.788388,29.148155],[-21.788192,29.149969],[-21.787793,29.153598],[-21.787591,29.155411],[-21.785949,29.169926],[-21.785741,29.171739],[-21.785319,29.175365],[-21.785106,29.177177],[-21.78424,29.18443],[-21.784021,29.186242],[-21.783576,29.189867],[-21.783351,29.191677],[-21.781528,29.206176],[-21.781298,29.207987],[-21.780831,29.211609],[-21.780595,29.213419],[-21.779638,29.220663],[-21.779396,29.222473],[-21.778907,29.226093],[-21.778659,29.227901],[-21.776655,29.242382],[-21.776402,29.24419],[-21.77589,29.247807],[-21.775631,29.249615],[-21.774583,29.256849],[-21.774319,29.258657],[-21.773784,29.262272],[-21.773514,29.264078],[-21.771329,29.278538],[-21.771112,29.279962],[-21.770674,29.282811],[-21.770453,29.284235],[-21.769563,29.289934],[-21.769339,29.291358],[-21.768887,29.294206],[-21.76866,29.295629],[-21.766823,29.307022],[-21.766564,29.308614],[-21.766042,29.311799],[-21.765778,29.313391],[-21.764715,29.319761],[-21.764448,29.321352],[-21.763907,29.324536],[-21.763632,29.326146],[-21.763342,29.327827],[-21.76311,29.329167],[-21.761135,29.340538],[-21.761011,29.341244],[-21.760765,29.342653],[-21.760641,29.343357],[-21.760145,29.346175],[-21.7599,29.347553],[-21.759407,29.35031],[-21.75916,29.351688],[-21.758671,29.354384],[-21.758549,29.355057],[-21.758303,29.356404],[-21.75818,29.357076],[-21.756157,29.368097],[-21.75602,29.368843],[-21.755744,29.370335],[-21.755488,29.371711],[-21.755252,29.372972],[-21.755133,29.373603],[-21.754095,29.379109],[-21.753834,29.380484],[-21.753309,29.383236],[-21.753045,29.38461],[-21.750898,29.395709],[-21.750648,29.39699],[-21.75011,29.39974],[-21.749839,29.401114],[-21.748748,29.406612],[-21.748474,29.407985],[-21.747922,29.410733],[-21.747644,29.412106],[-21.74541,29.423095],[-21.745129,29.424467],[-21.744564,29.427213],[-21.74428,29.428585],[-21.743136,29.434075],[-21.742849,29.435446],[-21.74227,29.43819],[-21.74198,29.43956],[-21.739639,29.450533],[-21.739345,29.451903],[-21.738754,29.454644],[-21.738456,29.456014],[-21.73726,29.461496],[-21.736959,29.462865],[-21.736354,29.465604],[-21.736051,29.466972],[-21.733604,29.477927],[-21.733297,29.479295],[-21.732679,29.482032],[-21.732369,29.4834],[-21.731119,29.488872],[-21.730806,29.490239],[-21.730174,29.492973],[-21.729857,29.49434],[-21.727306,29.505276],[-21.726985,29.506642],[-21.726341,29.509374],[-21.726017,29.510739],[-21.724715,29.516202],[-21.724388,29.517567],[-21.723731,29.520297],[-21.7234,29.52166],[-21.720743,29.532578],[-21.72041,29.533941],[-21.719739,29.536668],[-21.719402,29.538031],[-21.718047,29.543485],[-21.717707,29.544847],[-21.717023,29.547571],[-21.71668,29.548933],[-21.713917,29.559831],[-21.71357,29.561191],[-21.712873,29.563913],[-21.712523,29.565274],[-21.711116,29.570717],[-21.710762,29.572077],[-21.710052,29.574796],[-21.709696,29.576155],[-21.706828,29.587032],[-21.706468,29.58839],[-21.705744,29.591107],[-21.705381,29.592465],[-21.703921,29.597897],[-21.703555,29.599254],[-21.702818,29.601968],[-21.702449,29.603324],[-21.699475,29.61418],[-21.699102,29.615535],[-21.698353,29.618247],[-21.697976,29.619602],[-21.696464,29.625024],[-21.696084,29.626378],[-21.695321,29.629087],[-21.694939,29.63044],[-21.69186,29.641273],[-21.691474,29.642626],[-21.690698,29.645332],[-21.690309,29.646684],[-21.688744,29.652094],[-21.688351,29.653446],[-21.687562,29.656149],[-21.687166,29.657499],[-21.683983,29.668309],[-21.683589,29.669641],[-21.682798,29.672304],[-21.682401,29.673634],[-21.680806,29.678959],[-21.680406,29.680289],[-21.679602,29.68295],[-21.679199,29.684279],[-21.675958,29.694918],[-21.675551,29.696246],[-21.674735,29.698903],[-21.674325,29.700231],[-21.672679,29.705544],[-21.672266,29.706871],[-21.671437,29.709526],[-21.671021,29.710852],[-21.667831,29.72098],[-21.667573,29.721797],[-21.667142,29.723161],[-21.666883,29.72398],[-21.666104,29.726436],[-21.665844,29.727254],[-21.66541,29.728618],[-21.665149,29.729437],[-21.664872,29.730305],[-21.664525,29.73139],[-21.663828,29.73356],[-21.663478,29.734644],[-21.662075,29.738981],[-21.661724,29.740065],[-21.661018,29.742232],[-21.660665,29.743314],[-21.657825,29.75198],[-21.65747,29.753062],[-21.656756,29.755227],[-21.656398,29.756308],[-21.654962,29.760636],[-21.654602,29.761717],[-21.653879,29.763879],[-21.653518,29.764959],[-21.648783,29.779043],[-21.648192,29.780791],[-21.647004,29.784288],[-21.646408,29.786035],[-21.644009,29.793025],[-21.643407,29.794771],[-21.642197,29.798262],[-21.64159,29.800006],[-21.636704,29.813965],[-21.636091,29.815707],[-21.634858,29.819193],[-21.63424,29.820934],[-21.631752,29.827901],[-21.631128,29.829641],[-21.629874,29.83312],[-21.629244,29.834858],[-21.624217,29.84867],[-21.623726,29.850011],[-21.622742,29.852695],[-21.622248,29.854036],[-21.620266,29.859402],[-21.619769,29.860742],[-21.618771,29.863423],[-21.618271,29.864762],[-21.614253,29.87548],[-21.613591,29.877236],[-21.612263,29.880746],[-21.611596,29.882501],[-21.608915,29.889517],[-21.608242,29.89127],[-21.606891,29.894774],[-21.606212,29.896526],[-21.604836,29.90006],[-21.60435,29.901307],[-21.603538,29.903384],[-21.603051,29.904628],[-21.597273,29.919343],[-21.59699,29.92006],[-21.596276,29.921868],[-21.594861,29.925433],[-21.594151,29.927214],[-21.591438,29.933986],[-21.591164,29.934672],[-21.590334,29.936272],[-21.589274,29.939058],[-21.588717,29.940439],[-21.588096,29.942042],[-21.583013,29.954693],[-21.582568,29.955806],[-21.58229,29.956469],[-21.580806,29.960009],[-21.580064,29.961778],[-21.577098,29.968864],[-21.576825,29.969517],[-21.576343,29.970626],[-21.574811,29.974146],[-21.574053,29.975908],[-21.56821,29.990135],[-21.56746,29.991903],[-21.565953,29.995438],[-21.565197,29.997205],[-21.562159,30.00427],[-21.561397,30.006034],[-21.559867,30.009562],[-21.5591,30.011324],[-21.55293,30.025425],[-21.552157,30.027185],[-21.550603,30.030705],[-21.549824,30.032464],[-21.546692,30.039499],[-21.545907,30.041255],[-21.54433,30.044768],[-21.54354,30.046522],[-21.537183,30.060561],[-21.536387,30.062313],[-21.534786,30.065818],[-21.533984,30.067569],[-21.530759,30.074571],[-21.529951,30.07632],[-21.528328,30.079817],[-21.527513,30.081563],[-21.520971,30.095538],[-21.520151,30.097282],[-21.518505,30.100771],[-21.517679,30.102513],[-21.514362,30.109484],[-21.51353,30.111224],[-21.51186,30.114705],[-21.511023,30.116443],[-21.504295,30.130352],[-21.503875,30.131219],[-21.503032,30.132955],[-21.50261,30.133823],[-21.500916,30.137295],[-21.500493,30.138163],[-21.499643,30.139897],[-21.499218,30.140764],[-21.495808,30.147702],[-21.495381,30.148568],[-21.494526,30.150301],[-21.494098,30.151167],[-21.492381,30.154631],[-21.491952,30.155497],[-21.49109,30.157228],[-21.490659,30.158093],[-21.49027,30.158873],[-21.489509,30.160391],[-21.487984,30.163425],[-21.487219,30.16494],[-21.48415,30.171002],[-21.483381,30.172515],[-21.481839,30.175542],[-21.481066,30.177053],[-21.474857,30.189149],[-21.47408,30.190659],[-21.47252,30.193678],[-21.471738,30.195186],[-21.468599,30.201218],[-21.467813,30.202725],[-21.466236,30.205736],[-21.465446,30.207239],[-21.452746,30.23132],[-21.451952,30.232821],[-21.450356,30.235825],[-21.449557,30.237326],[-21.446347,30.243331],[-21.445543,30.244831],[-21.443929,30.247829],[-21.443121,30.249326],[-21.43663,30.261311],[-21.435817,30.262807],[-21.434185,30.265799],[-21.433368,30.267293],[-21.430087,30.273271],[-21.429265,30.274765],[-21.427615,30.27775],[-21.426789,30.279242],[-21.426401,30.27994],[-21.425763,30.281085],[-21.424699,30.282993],[-21.42406,30.284137],[-21.422139,30.287569],[-21.421498,30.288712],[-21.420429,30.290617],[-21.419787,30.291759],[-21.416242,30.298051],[-21.415681,30.299045],[-21.414555,30.301034],[-21.413992,30.302028],[-21.411732,30.306004],[-21.411167,30.306998],[-21.410034,30.308983],[-21.409467,30.309975],[-21.404917,30.317915],[-21.404347,30.318906],[-21.403206,30.320889],[-21.402635,30.321879],[-21.400345,30.325842],[-21.399772,30.326831],[-21.398623,30.32881],[-21.398048,30.329798],[-21.391873,30.340393],[-21.391108,30.341702],[-21.389573,30.344319],[-21.384685,30.352477],[-21.382017,30.357029],[-21.377211,30.365139],[-21.375681,30.367706],[-21.37412,30.370312],[-21.372508,30.372988],[-21.369358,30.378187],[-21.368982,30.378809],[-21.367449,30.381333],[-21.363902,30.387103],[-21.360374,30.392774],[-21.358145,30.396638],[-21.355557,30.400848],[-21.354909,30.4019],[-21.353611,30.404002],[-21.352961,30.405052],[-21.347749,30.413458],[-21.346611,30.415286],[-21.344327,30.41894],[-21.343183,30.420765],[-21.338588,30.428062],[-21.337436,30.429884],[-21.335125,30.433527],[-21.333967,30.435347],[-21.329948,30.441635],[-21.329439,30.44243],[-21.328419,30.44402],[-21.327909,30.444814],[-21.32598,30.447812],[-21.325497,30.448562],[-21.32453,30.45006],[-21.324046,30.450809],[-21.311722,30.469842],[-21.310905,30.471099],[-21.309494,30.473267],[-21.308783,30.474358],[-21.305709,30.479058],[-21.30494,30.480231],[-21.303334,30.482675],[-21.302626,30.48375],[-21.296432,30.493131],[-21.295657,30.494302],[-21.294104,30.496644],[-21.293326,30.497814],[-21.290206,30.502493],[-21.289425,30.503662],[-21.28786,30.505999],[-21.287076,30.507167],[-21.286719,30.507698],[-21.286286,30.508339],[-21.285421,30.509622],[-21.284988,30.510262],[-21.283254,30.512826],[-21.282821,30.513466],[-21.281952,30.514746],[-21.281518,30.515386],[-21.278036,30.520505],[-21.277601,30.521145],[-21.276729,30.522423],[-21.276293,30.523062],[-21.274546,30.525617],[-21.274109,30.526256],[-21.273235,30.527532],[-21.272797,30.528169],[-21.26578,30.538381],[-21.264902,30.539655],[-21.263141,30.542204],[-21.26226,30.543477],[-21.258724,30.548569],[-21.257839,30.54984],[-21.256065,30.552381],[-21.255177,30.553651],[-21.248051,30.563807],[-21.24716,30.565075],[-21.245372,30.567609],[-21.244477,30.568876],[-21.240888,30.573939],[-21.239989,30.575204],[-21.238189,30.577731],[-21.237287,30.578993],[-21.230054,30.589094],[-21.229149,30.590354],[-21.227334,30.592875],[-21.226426,30.594134],[-21.222783,30.599169],[-21.221871,30.600427],[-21.220043,30.60294],[-21.219128,30.604195],[-21.211788,30.614239],[-21.21087,30.615492],[-21.209029,30.617998],[-21.208107,30.61925],[-21.20441,30.624257],[-21.203485,30.625507],[-21.201631,30.628006],[-21.200702,30.629254],[-21.193256,30.639239],[-21.192324,30.640486],[-21.190456,30.642977],[-21.189521,30.644222],[-21.185771,30.6492],[-21.184833,30.650442],[-21.182952,30.652927],[-21.182011,30.654168],[-21.174458,30.664095],[-21.173512,30.665334],[-21.171617,30.667813],[-21.170668,30.669051],[-21.166863,30.674002],[-21.165891,30.675264],[-21.163942,30.677787],[-21.162965,30.679048],[-21.156562,30.687298],[-21.155649,30.688472],[-21.155088,30.689194],[-21.151951,30.693223],[-21.151009,30.69443],[-21.149121,30.696842],[-21.148177,30.698047],[-21.140094,30.708327],[-21.139083,30.70961],[-21.137056,30.712175],[-21.136041,30.713456],[-21.131972,30.718579],[-21.130953,30.719858],[-21.128912,30.722415],[-21.12789,30.723691],[-21.119715,30.733879],[-21.118692,30.73515],[-21.116642,30.737691],[-21.115615,30.738961],[-21.1115,30.744037],[-21.11047,30.745304],[-21.108406,30.747838],[-21.107372,30.749102],[-21.099084,30.759223],[-21.098047,30.760485],[-21.095968,30.76301],[-21.094928,30.764271],[-21.090756,30.769314],[-21.089712,30.770572],[-21.087619,30.773089],[-21.086572,30.774345],[-21.078171,30.784397],[-21.076568,30.786308],[-21.073353,30.790126],[-21.071741,30.792032],[-21.065277,30.799649],[-21.063658,30.80155],[-21.060411,30.805348],[-21.058784,30.807243],[-21.045726,30.822398],[-21.044088,30.824291],[-21.040804,30.828073],[-21.039158,30.829962],[-21.032555,30.837509],[-21.030899,30.839394],[-21.027578,30.843162],[-21.026535,30.844341],[-21.023066,30.848288],[-21.022205,30.849265],[-21.020489,30.851209],[-21.01963,30.852181],[-21.016196,30.856057],[-21.015336,30.857026],[-21.013613,30.858963],[-21.012749,30.859933],[-21.007905,30.865358],[-21.000256,30.873974],[-20.998875,30.875524],[-20.996112,30.878617],[-20.994728,30.880161],[-20.989183,30.886329],[-20.987794,30.887869],[-20.985012,30.890945],[-20.983619,30.89248],[-20.972445,30.904756],[-20.970518,30.906864],[-20.966652,30.911075],[-20.964714,30.913177],[-20.95694,30.921574],[-20.95499,30.923671],[-20.951078,30.927861],[-20.949117,30.929952],[-20.944671,30.934674],[-20.944102,30.935278],[-20.942962,30.936485],[-20.942391,30.937089],[-20.940379,30.939216],[-20.939872,30.939751],[-20.938856,30.940822],[-20.938341,30.941365],[-20.934014,30.945917],[-20.931307,30.948823],[-20.93062,30.949561],[-20.929932,30.950297],[-20.928585,30.951738],[-20.927911,30.952458],[-20.925254,30.955292],[-20.923484,30.957173],[-20.919935,30.960929],[-20.918152,30.962809],[-20.913564,30.967629],[-20.912384,30.968865],[-20.91028,30.971064],[-20.909213,30.972177],[-20.90409,30.977508],[-20.903408,30.97823],[-20.901346,30.980405],[-20.896813,30.985168],[-20.89565,30.986386],[-20.893617,30.988511],[-20.892593,30.989579],[-20.878806,31.003927],[-20.878169,31.004588],[-20.87708,31.005716],[-20.873619,31.009291],[-20.871885,31.011075],[-20.864932,31.018206],[-20.863191,31.019985],[-20.8597,31.023539],[-20.857951,31.025313],[-20.846969,31.036413],[-20.845595,31.037797],[-20.842841,31.040565],[-20.841462,31.041946],[-20.835935,31.047469],[-20.834551,31.048848],[-20.831779,31.051602],[-20.830392,31.052976],[-20.819263,31.06397],[-20.817871,31.065341],[-20.815081,31.068082],[-20.813684,31.06945],[-20.808084,31.07492],[-20.806682,31.076285],[-20.803874,31.079012],[-20.802468,31.080373],[-20.791195,31.09126],[-20.789784,31.092617],[-20.786958,31.095331],[-20.785543,31.096686],[-20.779871,31.102101],[-20.778451,31.103453],[-20.775607,31.106153],[-20.774184,31.107501],[-20.762766,31.118278],[-20.761338,31.119622],[-20.758476,31.122309],[-20.757043,31.12365],[-20.7513,31.12901],[-20.749862,31.130348],[-20.746983,31.133021],[-20.745541,31.134355],[-20.733982,31.145022],[-20.732536,31.146353],[-20.729638,31.149011],[-20.728188,31.150339],[-20.722374,31.155644],[-20.720919,31.156968],[-20.718003,31.159613],[-20.716545,31.160933],[-20.704844,31.171488],[-20.703381,31.172805],[-20.700448,31.175436],[-20.69898,31.176749],[-20.693096,31.181998],[-20.691623,31.183308],[-20.691366,31.183536],[-20.697746,31.193059],[-20.698801,31.194638],[-20.700907,31.197801],[-20.701958,31.199383],[-20.706152,31.20572],[-20.707197,31.207304],[-20.709284,31.210476],[-20.710324,31.212063],[-20.718635,31.224776],[-20.719671,31.226365],[-20.721738,31.229546],[-20.722769,31.231138],[-20.726886,31.237513],[-20.727912,31.239107],[-20.729959,31.242298],[-20.73098,31.243894],[-20.739136,31.256683],[-20.740152,31.258281],[-20.74218,31.261481],[-20.743191,31.263082],[-20.747229,31.269495],[-20.748236,31.271098],[-20.750244,31.274308],[-20.751246,31.275913],[-20.759244,31.288776],[-20.76024,31.290383],[-20.762229,31.293602],[-20.763221,31.295213],[-20.76718,31.301662],[-20.768167,31.303274],[-20.770136,31.306502],[-20.771117,31.308117],[-20.778957,31.321052],[-20.779934,31.322669],[-20.781883,31.325906],[-20.782855,31.327525],[-20.786735,31.33401],[-20.787702,31.335632],[-20.789631,31.338878],[-20.790593,31.340501],[-20.798273,31.353508],[-20.79923,31.355133],[-20.80114,31.358388],[-20.802092,31.360016],[-20.805892,31.366537],[-20.806839,31.368167],[-20.808728,31.37143],[-20.80967,31.373062],[-20.81719,31.386139],[-20.818127,31.387773],[-20.819996,31.391046],[-20.820928,31.392682],[-20.824647,31.399237],[-20.825574,31.400876],[-20.827423,31.404157],[-20.828345,31.405797],[-20.835704,31.418942],[-20.836621,31.420585],[-20.83845,31.423874],[-20.839361,31.425519],[-20.843,31.432108],[-20.843907,31.433755],[-20.845715,31.437053],[-20.846617,31.438702],[-20.853813,31.451914],[-20.85471,31.453565],[-20.856498,31.456871],[-20.857389,31.458524],[-20.860947,31.465146],[-20.861833,31.466801],[-20.863601,31.470115],[-20.864482,31.471772],[-20.871515,31.48505],[-20.872391,31.486709],[-20.874139,31.490031],[-20.87501,31.491693],[-20.878485,31.498346],[-20.879351,31.50001],[-20.881078,31.50334],[-20.881938,31.505005],[-20.888808,31.518346],[-20.889663,31.520013],[-20.891369,31.523351],[-20.89222,31.525021],[-20.895613,31.531706],[-20.896458,31.533378],[-20.898144,31.536724],[-20.898984,31.538396],[-20.905688,31.5518],[-20.906522,31.553475],[-20.908188,31.556828],[-20.909017,31.558505],[-20.912328,31.565222],[-20.913152,31.566901],[-20.914796,31.570262],[-20.915615,31.571942],[-20.922153,31.585407],[-20.922822,31.586787],[-20.924155,31.58955],[-20.92482,31.590932],[-20.927475,31.596466],[-20.928136,31.597849],[-20.929456,31.600618],[-20.930113,31.602002],[-20.935366,31.613091],[-20.936211,31.614881],[-20.937894,31.618463],[-20.938732,31.620255],[-20.942076,31.627429],[-20.942908,31.629222],[-20.944568,31.632813],[-20.945395,31.63461],[-20.946973,31.638053],[-20.947529,31.639267],[-20.948454,31.641292],[-20.949007,31.642505],[-20.956079,31.658047],[-20.956461,31.658887],[-20.957034,31.66015],[-20.957893,31.662051],[-20.959605,31.665857],[-20.960458,31.66776],[-20.963353,31.674255],[-20.96359,31.674787],[-20.964064,31.675851],[-20.964783,31.677476],[-20.965748,31.67966],[-20.966228,31.680752],[-20.972934,31.696023],[-20.973768,31.697931],[-20.97548,31.701866],[-20.976258,31.703663],[-20.979558,31.711314],[-20.980379,31.713227],[-20.982015,31.717056],[-20.982829,31.718971],[-20.989322,31.73431],[-20.990129,31.736226],[-20.991738,31.740064],[-20.99254,31.741983],[-20.995732,31.749668],[-20.996527,31.751589],[-20.998109,31.755435],[-20.998897,31.757357],[-21.005176,31.772762],[-21.005956,31.774686],[-21.007512,31.77854],[-21.008287,31.780467],[-21.011372,31.788184],[-21.01214,31.790114],[-21.013668,31.793975],[-21.014429,31.795906],[-21.020493,31.811374],[-21.021247,31.813306],[-21.022749,31.817176],[-21.023496,31.819111],[-21.026474,31.826859],[-21.027215,31.828796],[-21.02869,31.832673],[-21.029423,31.834611],[-21.035271,31.85014],[-21.035998,31.85208],[-21.037446,31.855965],[-21.038166,31.857907],[-21.041036,31.865686],[-21.041749,31.86763],[-21.04317,31.871522],[-21.043876,31.873468],[-21.049507,31.889056],[-21.049857,31.890028],[-21.050557,31.891976],[-21.050906,31.89295],[-21.0523,31.896849],[-21.052647,31.897824],[-21.053341,31.899774],[-21.053686,31.900748],[-21.056447,31.908556],[-21.056791,31.909532],[-21.057478,31.911484],[-21.05782,31.91246],[-21.059187,31.916367],[-21.059527,31.917344],[-21.060207,31.919298],[-21.060546,31.920275],[-21.062425,31.925704],[-21.06269,31.926474],[-21.063221,31.928015],[-21.063486,31.928785],[-21.064543,31.931868],[-21.064807,31.932639],[-21.065334,31.934181],[-21.065596,31.934951],[-21.067694,31.941123],[-21.067956,31.941894],[-21.068478,31.943437],[-21.068739,31.944208],[-21.069779,31.947295],[-21.070038,31.948066],[-21.070556,31.94961],[-21.070814,31.950381],[-21.074943,31.962742],[-21.075457,31.964286],[-21.07648,31.967377],[-21.07699,31.968923],[-21.07902,31.975111],[-21.079525,31.976657],[-21.080531,31.979753],[-21.081032,31.9813],[-21.085024,31.993694],[-21.08552,31.995242],[-21.08651,31.998341],[-21.087002,31.999891],[-21.088964,32.006095],[-21.089452,32.007646],[-21.090424,32.010749],[-21.090907,32.0123],[-21.094762,32.024726],[-21.095242,32.026278],[-21.096197,32.029385],[-21.096672,32.030939],[-21.098565,32.037158],[-21.099036,32.038713],[-21.099973,32.041824],[-21.10044,32.043379],[-21.104157,32.055835],[-21.104619,32.057391],[-21.10554,32.060506],[-21.105998,32.062063],[-21.107822,32.068298],[-21.108275,32.069856],[-21.109178,32.072975],[-21.109628,32.074534],[-21.113207,32.087019],[-21.113652,32.088579],[-21.114538,32.091701],[-21.114978,32.093262],[-21.116733,32.099511],[-21.11717,32.101073],[-21.118038,32.104199],[-21.11847,32.105761],[-21.121911,32.118275],[-21.122338,32.119838],[-21.12319,32.122967],[-21.123613,32.124532],[-21.125299,32.130795],[-21.125718,32.13236],[-21.126551,32.135493],[-21.126966,32.137059],[-21.130268,32.1496],[-21.13063,32.150982],[-21.131351,32.153749],[-21.13171,32.155132],[-21.133139,32.160669],[-21.133495,32.162053],[-21.134202,32.164822],[-21.134554,32.166206],[-21.137359,32.177292],[-21.137781,32.178967],[-21.138619,32.182321],[-21.139035,32.183998],[-21.140692,32.190709],[-21.141103,32.192387],[-21.141921,32.195745],[-21.142328,32.197424],[-21.142923,32.199897],[-21.143132,32.200769],[-21.14348,32.202223],[-21.143688,32.203094],[-21.147131,32.217528],[-21.147278,32.218148],[-21.147573,32.219392],[-21.14772,32.220013],[-21.148308,32.222502],[-21.148728,32.224289],[-21.14956,32.227865],[-21.149974,32.229652],[-21.151044,32.234315],[-21.15131,32.23548],[-21.151841,32.237811],[-21.152104,32.238976],[-21.155348,32.253368],[-21.155756,32.255192],[-21.156534,32.2587],[-21.156921,32.260454],[-21.158489,32.26762],[-21.158831,32.269192],[-21.15965,32.272995],[-21.160034,32.274787],[-21.163079,32.289135],[-21.163457,32.290927],[-21.164207,32.294515],[-21.164579,32.296309],[-21.166056,32.303489],[-21.166422,32.305283],[-21.167149,32.308874],[-21.16751,32.310669],[-21.170373,32.325044],[-21.170728,32.32684],[-21.171432,32.330434],[-21.171782,32.332231],[-21.173168,32.339424],[-21.173511,32.341222],[-21.174193,32.344819],[-21.174531,32.346617],[-21.177212,32.361018],[-21.177544,32.362817],[-21.178203,32.366417],[-21.178529,32.368218],[-21.179824,32.375423],[-21.180145,32.377224],[-21.180781,32.380827],[-21.181095,32.382628],[-21.183594,32.397053],[-21.183903,32.398855],[-21.184516,32.402461],[-21.18482,32.404264],[-21.186023,32.411481],[-21.186321,32.413284],[-21.186911,32.416893],[-21.187203,32.418697],[-21.189518,32.433144],[-21.189804,32.434948],[-21.190371,32.43856],[-21.190652,32.440365],[-21.191764,32.447593],[-21.192038,32.449399],[-21.192582,32.453013],[-21.192851,32.45482],[-21.194983,32.469287],[-21.195246,32.471094],[-21.195767,32.47471],[-21.196025,32.476518],[-21.197044,32.483756],[-21.197296,32.485564],[-21.197794,32.489183],[-21.19804,32.490992],[-21.199987,32.505477],[-21.200227,32.507287],[-21.200702,32.510908],[-21.200937,32.512718],[-21.201864,32.519964],[-21.202093,32.521775],[-21.202545,32.525399],[-21.202768,32.527209],[-21.20453,32.541712],[-21.204747,32.543523],[-21.205176,32.547149],[-21.205387,32.548961],[-21.206222,32.556215],[-21.206428,32.558028],[-21.206833,32.561655],[-21.207033,32.563468],[-21.20861,32.577986],[-21.208804,32.579799],[-21.209187,32.583428],[-21.209375,32.585242],[-21.210117,32.592504],[-21.210299,32.594318],[-21.210659,32.597949],[-21.210835,32.599764],[-21.212227,32.614295],[-21.212397,32.61611],[-21.212733,32.619742],[-21.212899,32.621558],[-21.213548,32.628826],[-21.213707,32.630642],[-21.21402,32.634276],[-21.214173,32.636092],[-21.215378,32.650635],[-21.215526,32.652451],[-21.215816,32.656086],[-21.215957,32.657904],[-21.216513,32.665177],[-21.216649,32.666995],[-21.216916,32.670631],[-21.217046,32.672448],[-21.218065,32.687002],[-21.218189,32.688819],[-21.218432,32.692457],[-21.21855,32.694275],[-21.219013,32.701553],[-21.219126,32.703372],[-21.219345,32.70701],[-21.219452,32.708829],[-21.220284,32.723391],[-21.22037,32.724924],[-21.220537,32.727992],[-21.220618,32.729526],[-21.220936,32.735666],[-21.221013,32.7372],[-21.221164,32.740269],[-21.221237,32.741803],[-21.221805,32.754087],[-21.221887,32.755906],[-21.222044,32.759548],[-21.222119,32.761368],[-21.222409,32.768654],[-21.222479,32.770474],[-21.222613,32.774117],[-21.222676,32.775939],[-21.222757,32.778366],[-21.222786,32.779222],[-21.222832,32.780649],[-21.222859,32.781503],[-21.223321,32.796218],[-21.223342,32.796896],[-21.223383,32.798254],[-21.223403,32.798933],[-21.223482,32.801651],[-21.223532,32.803473],[-21.223626,32.807116],[-21.22367,32.808937],[-21.223773,32.813506],[-21.223798,32.814647],[-21.223845,32.816931],[-21.223867,32.818075],[-21.224141,32.832871],[-21.224173,32.83479],[-21.224225,32.838214],[-21.224248,32.839933],[-21.224336,32.847221],[-21.224355,32.849034],[-21.224388,32.852685],[-21.224401,32.854505],[-21.224483,32.869084],[-21.22449,32.870904],[-21.224499,32.874547],[-21.2245,32.876369],[-21.224495,32.883657],[-21.22449,32.885478],[-21.224475,32.889121],[-21.224465,32.890942],[-21.224359,32.90552],[-21.224343,32.90734],[-21.224305,32.910983],[-21.224282,32.912804],[-21.224182,32.920092],[-21.224154,32.921913],[-21.224093,32.925556],[-21.224059,32.927376],[-21.223764,32.941952],[-21.223725,32.943773],[-21.223639,32.947415],[-21.223594,32.949236],[-21.223399,32.956522],[-21.223348,32.958343],[-21.223239,32.961985],[-21.223182,32.963805],[-21.222699,32.978377],[-21.222635,32.980197],[-21.222503,32.983838],[-21.222434,32.985658],[-21.222145,32.992943],[-21.22207,32.994762],[-21.221914,32.998403],[-21.221833,33.000223],[-21.221161,33.01479],[-21.221074,33.016609],[-21.220895,33.020249],[-21.220802,33.022068],[-21.220419,33.029349],[-21.22032,33.031168],[-21.220117,33.034807],[-21.220013,33.036626],[-21.219152,33.051186],[-21.219041,33.053004],[-21.218815,33.056642],[-21.218698,33.05846],[-21.218221,33.065737],[-21.218098,33.067555],[-21.217848,33.071192],[-21.21772,33.07301],[-21.21667,33.087561],[-21.216536,33.089378],[-21.216262,33.093014],[-21.216122,33.094831],[-21.21555,33.102103],[-21.215404,33.10392],[-21.215106,33.107554],[-21.214955,33.10937],[-21.213716,33.123911],[-21.213558,33.125727],[-21.213237,33.12936],[-21.213073,33.131175],[-21.212407,33.138442],[-21.212237,33.140257],[-21.211892,33.143889],[-21.211717,33.145703],[-21.210289,33.160231],[-21.210107,33.162045],[-21.209739,33.165675],[-21.209551,33.167489],[-21.20879,33.174749],[-21.208597,33.176563],[-21.208205,33.180191],[-21.208006,33.182004],[-21.206388,33.196518],[-21.206183,33.19833],[-21.205767,33.201956],[-21.205556,33.203769],[-21.204701,33.211021],[-21.204484,33.212833],[-21.204044,33.216457],[-21.203821,33.218268],[-21.202015,33.232766],[-21.201786,33.234577],[-21.201323,33.238199],[-21.201088,33.240009],[-21.200138,33.247253],[-21.199897,33.249063],[-21.19941,33.252683],[-21.199164,33.254491],[-21.197168,33.268972],[-21.196916,33.27078],[-21.196405,33.274398],[-21.196147,33.276206],[-21.195102,33.283441],[-21.194838,33.285248],[-21.194303,33.288863],[-21.194033,33.29067],[-21.191848,33.305131],[-21.191617,33.306646],[-21.191151,33.309677],[-21.190915,33.311191],[-21.189966,33.317253],[-21.189726,33.318767],[-21.189243,33.321797],[-21.188999,33.32331],[-21.187033,33.335428],[-21.186737,33.337232],[-21.186026,33.340826],[-21.18573,33.342629],[-21.185065,33.346922],[-21.184576,33.349854],[-21.184274,33.351658],[-21.183666,33.355267],[-21.183361,33.357071],[-21.18294,33.359541],[-21.182782,33.36041],[-21.182518,33.361858],[-21.18236,33.362725],[-21.180473,33.373033],[-21.179638,33.377258],[-21.179544,33.377901],[-21.179275,33.379174],[-21.17933,33.379853],[-21.178868,33.382419],[-21.17854,33.38422],[-21.177879,33.387821],[-21.177545,33.389621],[-21.176679,33.394258],[-21.176461,33.395416],[-21.176023,33.397732],[-21.175803,33.398891],[-21.173024,33.413418],[-21.172665,33.415278],[-21.17199,33.418739],[-21.17165,33.420472],[-21.170227,33.427661],[-21.169887,33.429362],[-21.169144,33.433049],[-21.16878,33.434844],[-21.165838,33.44921],[-21.165467,33.451004],[-21.16472,33.454593],[-21.164344,33.456386],[-21.162826,33.463562],[-21.162443,33.465354],[-21.161673,33.46894],[-21.161285,33.470731],[-21.158154,33.48507],[-21.15776,33.48686],[-21.156965,33.490441],[-21.156565,33.492231],[-21.154953,33.499392],[-21.154547,33.501181],[-21.153729,33.504759],[-21.153317,33.506547],[-21.149997,33.520856],[-21.14958,33.522642],[-21.148738,33.526216],[-21.148315,33.528002],[-21.146608,33.535148],[-21.146178,33.536933],[-21.145313,33.540503],[-21.144878,33.542287],[-21.141369,33.556564],[-21.140928,33.558347],[-21.140039,33.561913],[-21.139592,33.563695],[-21.137791,33.570825],[-21.137338,33.572606],[-21.136426,33.576168],[-21.135967,33.577947],[-21.13227,33.592192],[-21.131805,33.59397],[-21.13087,33.597528],[-21.130399,33.599305],[-21.128503,33.606418],[-21.128027,33.608195],[-21.127068,33.611748],[-21.126585,33.613523],[-21.1227,33.627733],[-21.122212,33.629507],[-21.121229,33.633055],[-21.120735,33.634829],[-21.118745,33.641924],[-21.118245,33.643696],[-21.117239,33.64724],[-21.116733,33.649011],[-21.11266,33.663184],[-21.112148,33.664953],[-21.111119,33.668492],[-21.110601,33.670261],[-21.108517,33.677337],[-21.107994,33.679105],[-21.106941,33.682639],[-21.106412,33.684405],[-21.10215,33.69854],[-21.101615,33.700304],[-21.100539,33.703834],[-21.099998,33.705598],[-21.09782,33.712654],[-21.097273,33.714417],[-21.096173,33.717942],[-21.095621,33.719703],[-21.091172,33.733797],[-21.090614,33.735557],[-21.08949,33.739076],[-21.088926,33.740835],[-21.086655,33.747871],[-21.086084,33.749628],[-21.084938,33.753143],[-21.084362,33.754898],[-21.079726,33.768951],[-21.079144,33.770705],[-21.077974,33.774215],[-21.077386,33.775968],[-21.075021,33.782983],[-21.074428,33.784735],[-21.073234,33.788238],[-21.072635,33.789989],[-21.067812,33.803998],[-21.067207,33.805746],[-21.06599,33.809245],[-21.065379,33.810992],[-21.062921,33.817985],[-21.062304,33.819731],[-21.061064,33.823224],[-21.060441,33.824968],[-21.055432,33.838932],[-21.054804,33.840675],[-21.05354,33.844162],[-21.052906,33.845904],[-21.050355,33.852874],[-21.049715,33.854614],[-21.048428,33.858095],[-21.047782,33.859834],[-21.042587,33.873751],[-21.04205,33.875183],[-21.040972,33.878047],[-21.040431,33.879479],[-21.038259,33.885206],[-21.037714,33.886636],[-21.03662,33.889497],[-21.036071,33.890926],[-21.031662,33.902365],[-21.030991,33.904098],[-21.029643,33.907563],[-21.028966,33.909295],[-21.026245,33.916221],[-21.025563,33.917951],[-21.024191,33.921411],[-21.023502,33.92314],[-21.022469,33.92572],[-21.022105,33.92663],[-21.021496,33.928146],[-21.021131,33.929054],[-21.015504,33.943023],[-21.015298,33.943534],[-21.014884,33.944559],[-21.014677,33.945072],[-21.013846,33.947123],[-21.013144,33.948848],[-21.011734,33.952297],[-21.011026,33.95402],[-21.009028,33.958864],[-21.008557,33.960003],[-21.007616,33.962271],[-21.007084,33.963548],[-21.00127,33.977466],[-21.000548,33.979186],[-20.999099,33.982623],[-20.998372,33.98434],[-20.995451,33.991208],[-20.995119,33.991988],[-20.994718,33.992924],[-20.993246,33.996354],[-20.992508,33.998067],[-20.986573,34.011779],[-20.985829,34.013491],[-20.984334,34.016914],[-20.983584,34.018624],[-20.980571,34.025465],[-20.979815,34.027174],[-20.978297,34.03059],[-20.977536,34.032297],[-20.971417,34.045953],[-20.97065,34.047658],[-20.969109,34.051067],[-20.968336,34.05277],[-20.965231,34.059584],[-20.964452,34.061285],[-20.962889,34.064687],[-20.962105,34.066386],[-20.955802,34.079986],[-20.955012,34.081683],[-20.953426,34.085078],[-20.95263,34.086774],[-20.949433,34.093558],[-20.948632,34.095253],[-20.947023,34.09864],[-20.946216,34.100332],[-20.939731,34.113873],[-20.938918,34.115563],[-20.937286,34.118943],[-20.936467,34.120631],[-20.933179,34.127386],[-20.932355,34.129073],[-20.9307,34.132445],[-20.929871,34.13413],[-20.923203,34.14761],[-20.922368,34.149292],[-20.92069,34.152657],[-20.919849,34.154338],[-20.91647,34.161062],[-20.915623,34.162741],[-20.913923,34.166098],[-20.913071,34.167774],[-20.906222,34.181192],[-20.905364,34.182867],[-20.903641,34.186216],[-20.902777,34.187889],[-20.899308,34.194581],[-20.898438,34.196253],[-20.896693,34.199594],[-20.895818,34.201263],[-20.888788,34.214617],[-20.887907,34.216283],[-20.886139,34.219616],[-20.885253,34.221281],[-20.881693,34.227941],[-20.880801,34.229604],[-20.87901,34.232929],[-20.878113,34.23459],[-20.870903,34.247878],[-20.87,34.249537],[-20.868187,34.252854],[-20.867278,34.25451],[-20.863628,34.261137],[-20.862713,34.262792],[-20.860878,34.2661],[-20.859958,34.267752],[-20.852569,34.280974],[-20.851643,34.282624],[-20.849785,34.285923],[-20.848854,34.287572],[-20.845115,34.294165],[-20.844177,34.295811],[-20.842297,34.299102],[-20.841355,34.300746],[-20.833787,34.313898],[-20.832839,34.31554],[-20.830936,34.318822],[-20.829982,34.320462],[-20.826154,34.32702],[-20.825195,34.328657],[-20.82327,34.331931],[-20.822306,34.333566],[-20.814559,34.346648],[-20.813589,34.34828],[-20.811642,34.351545],[-20.810666,34.353176],[-20.806749,34.359698],[-20.805767,34.361327],[-20.803798,34.364583],[-20.802811,34.366209],[-20.794888,34.379218],[-20.793895,34.380842],[-20.791904,34.384089],[-20.790906,34.38571],[-20.7869,34.392196],[-20.785896,34.393816],[-20.783883,34.397053],[-20.782874,34.39867],[-20.774774,34.411606],[-20.773963,34.412897],[-20.772338,34.415479],[-20.771523,34.416769],[-20.768257,34.421929],[-20.767439,34.423217],[-20.765799,34.425793],[-20.764977,34.42708],[-20.758387,34.437377],[-20.757355,34.438984],[-20.755284,34.442198],[-20.754246,34.443803],[-20.750081,34.450222],[-20.749038,34.451825],[-20.746945,34.45503],[-20.745896,34.456631],[-20.744105,34.459355],[-20.743473,34.460315],[-20.742418,34.461915],[-20.741786,34.462873],[-20.733125,34.475973],[-20.7325,34.476918],[-20.73156,34.478336],[-20.730499,34.479932],[-20.728371,34.48312],[-20.727304,34.484713],[-20.723872,34.489824],[-20.723421,34.490495],[-20.722517,34.491837],[-20.721655,34.493112],[-20.720836,34.494322],[-20.720427,34.494925],[-20.711802,34.507631],[-20.710722,34.509216],[-20.708556,34.512386],[-20.707806,34.513481],[-20.70747,34.51397],[-20.703115,34.520302],[-20.702024,34.521883],[-20.699836,34.525043],[-20.69874,34.526621],[-20.689941,34.539246],[-20.68884,34.540821],[-20.68663,34.543971],[-20.685523,34.545545],[-20.681081,34.551836],[-20.679968,34.553407],[-20.677737,34.556547],[-20.67662,34.558115],[-20.667649,34.570658],[-20.666526,34.572223],[-20.664273,34.575353],[-20.663145,34.576916],[-20.658617,34.583166],[-20.657483,34.584727],[-20.655209,34.587846],[-20.65407,34.589403],[-20.644928,34.601863],[-20.643783,34.603418],[-20.641488,34.606527],[-20.640338,34.608079],[-20.635725,34.614287],[-20.634569,34.615837],[-20.632253,34.618935],[-20.631093,34.620482],[-20.62178,34.632857],[-20.620614,34.634401],[-20.618276,34.637489],[-20.617105,34.639031],[-20.612407,34.645196],[-20.61123,34.646735],[-20.608871,34.649812],[-20.60769,34.651348],[-20.598208,34.663637],[-20.597021,34.66517],[-20.594641,34.668235],[-20.593448,34.669766],[-20.588666,34.675888],[-20.587468,34.677416],[-20.585067,34.680471],[-20.583864,34.681996],[-20.574214,34.694197],[-20.573006,34.695719],[-20.570584,34.698763],[-20.56937,34.700283],[-20.564504,34.70636],[-20.563285,34.707877],[-20.560842,34.71091],[-20.559619,34.712424],[-20.549801,34.724535],[-20.548572,34.726046],[-20.546108,34.729067],[-20.544874,34.730576],[-20.539924,34.736608],[-20.538684,34.738114],[-20.5362,34.741123],[-20.534956,34.742626],[-20.524971,34.754646],[-20.523722,34.756146],[-20.521216,34.759144],[-20.519961,34.760641],[-20.514928,34.766627],[-20.513668,34.768122],[-20.511142,34.771108],[-20.509877,34.772599],[-20.499728,34.784527],[-20.498458,34.786015],[-20.495911,34.78899],[-20.494635,34.790476],[-20.48952,34.796415],[-20.488239,34.797898],[-20.485672,34.800861],[-20.484387,34.80234],[-20.474073,34.814174],[-20.472782,34.81565],[-20.470195,34.818601],[-20.468899,34.820075],[-20.463702,34.825967],[-20.4624,34.827438],[-20.459793,34.830378],[-20.458487,34.831845],[-20.44801,34.843583],[-20.446699,34.845047],[-20.444071,34.847975],[-20.442754,34.849436],[-20.437476,34.85528],[-20.436155,34.856739],[-20.433506,34.859654],[-20.43218,34.861109],[-20.421542,34.87275],[-20.42021,34.874202],[-20.417542,34.877105],[-20.416205,34.878555],[-20.410846,34.88435],[-20.40171,34.894022],[-20.400964,34.894837],[-20.396231,34.899952],[-20.394967,34.901305],[-20.394439,34.90187],[-20.39237,34.904078],[-20.391866,34.904616],[-20.387721,34.909031],[-20.384662,34.912269],[-20.382575,34.914464],[-20.380158,34.916992],[-20.371758,34.925737],[-20.37109,34.926432],[-20.370272,34.92728],[-20.368518,34.929144],[-20.361482,34.936509],[-20.358722,34.939356],[-20.35734,34.940778],[-20.354583,34.943607],[-20.353609,34.944604],[-20.351985,34.946265],[-20.351008,34.947264],[-20.339562,34.958939],[-20.338132,34.960393],[-20.335266,34.9633],[-20.333831,34.964751],[-20.328273,34.970353],[-20.327645,34.970986],[-20.326283,34.972354],[-20.324059,34.97458],[-20.322946,34.975692],[-20.311672,34.986929],[-20.310822,34.987776],[-20.310262,34.988331],[-20.307435,34.991133],[-20.306019,34.992532],[-20.300343,34.998124],[-20.298923,34.999519],[-20.296076,35.002308],[-20.294652,35.0037],[-20.283222,35.014833],[-20.281787,35.016227],[-20.27891,35.019012],[-20.27747,35.020403],[-20.271697,35.025962],[-20.270252,35.027349],[-20.267357,35.030121],[-20.265907,35.031504],[-20.254282,35.04257],[-20.252835,35.043943],[-20.251763,35.044958],[-20.250379,35.046287],[-20.248777,35.047821],[-20.235878,35.060129],[-20.234264,35.061664],[-20.231029,35.064731],[-20.229409,35.066262],[-20.222913,35.072382],[-20.221286,35.073909],[-20.218027,35.07696],[-20.216396,35.078483],[-20.204656,35.089403],[-20.203187,35.090765],[-20.200244,35.093487],[-20.19877,35.094847],[-20.192863,35.100279],[-20.191384,35.101634],[-20.188422,35.104343],[-20.186939,35.105695],[-20.175048,35.116507],[-20.17356,35.117855],[-20.170579,35.12055],[-20.169086,35.121895],[-20.163103,35.127273],[-20.161606,35.128615],[-20.158606,35.131296],[-20.157105,35.132634],[-20.145062,35.143336],[-20.143556,35.14467],[-20.140537,35.147338],[-20.139026,35.148669],[-20.132968,35.153992],[-20.131452,35.15532],[-20.128415,35.157973],[-20.126895,35.159297],[-20.114704,35.169887],[-20.113179,35.171208],[-20.110123,35.173847],[-20.108593,35.175165],[-20.102461,35.180431],[-20.100927,35.181745],[-20.097853,35.184371],[-20.096314,35.185681],[-20.083975,35.196158],[-20.082429,35.197467],[-20.079332,35.200082],[-20.077781,35.201388],[-20.071565,35.206606],[-20.070014,35.207904],[-20.066906,35.210499],[-20.065344,35.211799],[-20.056514,35.219128],[-20.052469,35.22252],[-20.050721,35.223981],[-20.04723,35.22689],[-20.045469,35.228352],[-20.040536,35.232436],[-20.035058,35.237058],[-20.032546,35.239167],[-20.027527,35.243364],[-20.025012,35.245457],[-20.004881,35.262133],[-20.002361,35.26421],[-19.997306,35.268359],[-19.994774,35.270428],[-19.984615,35.278691],[-19.982071,35.280751],[-19.97697,35.284862],[-19.974415,35.286912],[-19.956088,35.301548],[-19.953795,35.303372],[-19.949196,35.307014],[-19.946893,35.308831],[-19.937657,35.316087],[-19.935344,35.317896],[-19.930709,35.321508],[-19.928388,35.32331],[-19.909768,35.337701],[-19.907438,35.339494],[-19.902766,35.343075],[-19.900426,35.344861],[-19.891044,35.351994],[-19.888695,35.353773],[-19.883988,35.357323],[-19.881631,35.359093],[-19.862721,35.373236],[-19.861171,35.374392],[-19.858066,35.376701],[-19.856512,35.377854],[-19.850284,35.382462],[-19.848725,35.383611],[-19.845605,35.385908],[-19.844043,35.387054],[-19.831523,35.396217],[-19.829498,35.397694],[-19.82544,35.400643],[-19.823409,35.402114],[-19.815266,35.407991],[-19.813228,35.409457],[-19.809144,35.412384],[-19.8071,35.413844],[-19.803242,35.41659],[-19.80235,35.417225],[-19.80101,35.418177],[-19.800546,35.418506],[-19.799618,35.419164],[-19.79912,35.419517],[-19.798141,35.42021],[-19.784357,35.429959],[-19.783162,35.430803],[-19.780772,35.432486],[-19.779083,35.433672],[-19.778098,35.434362],[-19.777606,35.434706],[-19.770838,35.439438],[-19.769144,35.440619],[-19.765753,35.442976],[-19.765283,35.443302],[-19.764056,35.444152],[-19.750451,35.453555],[-19.74875,35.454728],[-19.745341,35.45707],[-19.743636,35.458238],[-19.736801,35.462908],[-19.735091,35.464073],[-19.731666,35.466399],[-19.729953,35.467559],[-19.716216,35.476837],[-19.714498,35.477993],[-19.711057,35.480304],[-19.709334,35.481457],[-19.702434,35.486063],[-19.700708,35.487212],[-19.69725,35.489507],[-19.695521,35.490651],[-19.681653,35.499802],[-19.679919,35.500942],[-19.676445,35.503221],[-19.674707,35.504358],[-19.667741,35.508901],[-19.665999,35.510034],[-19.662509,35.512296],[-19.660763,35.513425],[-19.646766,35.522447],[-19.645016,35.523572],[-19.641511,35.525819],[-19.639756,35.52694],[-19.632727,35.531418],[-19.630968,35.532535],[-19.627447,35.534765],[-19.625685,35.535878],[-19.611561,35.544771],[-19.609795,35.545879],[-19.606258,35.548093],[-19.604487,35.549198],[-19.597395,35.553612],[-19.595621,35.554712],[-19.592068,35.55691],[-19.59029,35.558007],[-19.576041,35.566769],[-19.57426,35.567861],[-19.570691,35.570043],[-19.568905,35.571131],[-19.56175,35.575479],[-19.559961,35.576563],[-19.556377,35.578728],[-19.554584,35.579808],[-19.540211,35.588439],[-19.538414,35.589515],[-19.534814,35.591663],[-19.533013,35.592735],[-19.525797,35.597017],[-19.523992,35.598085],[-19.520377,35.600217],[-19.518569,35.60128],[-19.504074,35.609778],[-19.502262,35.610838],[-19.498632,35.612953],[-19.496816,35.614008],[-19.489539,35.618223],[-19.487719,35.619274],[-19.484075,35.621373],[-19.482251,35.62242],[-19.467637,35.630784],[-19.465809,35.631826],[-19.46215,35.633908],[-19.460318,35.634947],[-19.452982,35.639095],[-19.451147,35.640129],[-19.447473,35.642194],[-19.445635,35.643224],[-19.430902,35.651453],[-19.42906,35.652479],[-19.425371,35.654527],[-19.423525,35.655548],[-19.41613,35.659628],[-19.41428,35.660646],[-19.410577,35.662677],[-19.408724,35.66369],[-19.393875,35.671783],[-19.392018,35.672791],[-19.3883,35.674805],[-19.38644,35.67581],[-19.378987,35.679822],[-19.377123,35.680822],[-19.373391,35.682819],[-19.371524,35.683815],[-19.35656,35.691771],[-19.354689,35.692762],[-19.350943,35.694742],[-19.349068,35.695729],[-19.341559,35.699672],[-19.33968,35.700656],[-19.33592,35.702618],[-19.334039,35.703597],[-19.318962,35.711415],[-19.317077,35.712389],[-19.313303,35.714334],[-19.311414,35.715304],[-19.303849,35.719178],[-19.301957,35.720143],[-19.298168,35.722071],[-19.296273,35.723032],[-19.281086,35.730711],[-19.279806,35.731357],[-19.277244,35.732646],[-19.275962,35.73329],[-19.270829,35.735863],[-19.269546,35.736505],[-19.266977,35.737787],[-19.265692,35.738427],[-19.255399,35.743542],[-19.253431,35.744517],[-19.24949,35.746462],[-19.247519,35.747432],[-19.239622,35.751305],[-19.237442,35.75237],[-19.233077,35.754496],[-19.230851,35.755576],[-19.229645,35.756158],[-19.222131,35.759785],[-19.221235,35.760217],[-19.219453,35.761075],[-19.218561,35.761503],[-19.214931,35.763245],[-19.214011,35.763686],[-19.212289,35.764509],[-19.211428,35.764921],[-19.191743,35.774307],[-19.190679,35.774813],[-19.189282,35.775475],[-19.184352,35.777806],[-19.181885,35.778968],[-19.172001,35.783602],[-19.169528,35.784757],[-19.164577,35.787059],[-19.162101,35.788206],[-19.142246,35.79736],[-19.139764,35.798499],[-19.134792,35.800772],[-19.132304,35.801905],[-19.122336,35.806423],[-19.119843,35.807548],[-19.114851,35.809792],[-19.112353,35.81091],[-19.092334,35.81983],[-19.091084,35.820385],[-19.088581,35.821496],[-19.087329,35.82205],[-19.082315,35.824264],[-19.081062,35.824817],[-19.078553,35.82592],[-19.077298,35.826471],[-19.067248,35.830871],[-19.065992,35.83142],[-19.063477,35.832516],[-19.06222,35.833063],[-19.057184,35.835249],[-19.055925,35.835794],[-19.053406,35.836883],[-19.052146,35.837426],[-19.047808,35.839293],[-19.046461,35.839871],[-19.043766,35.841025],[-19.042418,35.841601],[-19.037021,35.843902],[-19.035671,35.844476],[-19.032971,35.845622],[-19.031621,35.846194],[-19.020803,35.850762],[-19.019452,35.851331],[-19.016746,35.852468],[-19.015393,35.853036],[-19.009975,35.855302],[-19.00862,35.855867],[-19.00591,35.856996],[-19.004556,35.857558],[-18.982831,35.866558],[-18.980115,35.867677],[-18.974675,35.869909],[-18.971953,35.871021],[-18.961048,35.875452],[-18.958321,35.876555],[-18.952859,35.878753],[-18.950127,35.879847],[-18.928229,35.888573],[-18.925491,35.889658],[-18.920008,35.891822],[-18.917265,35.892899],[-18.906274,35.897193],[-18.903526,35.898262],[-18.898022,35.900391],[-18.895269,35.901451],[-18.873202,35.909902],[-18.870444,35.910953],[-18.864919,35.913047],[-18.862154,35.91409],[-18.851081,35.918246],[-18.848312,35.91928],[-18.842767,35.92134],[-18.839993,35.922365],[-18.817763,35.930539],[-18.814985,35.931555],[-18.809419,35.93358],[-18.806635,35.934588],[-18.795481,35.938605],[-18.792692,35.939604],[-18.787107,35.941594],[-18.784314,35.942585],[-18.774287,35.946007],[-18.761906,35.950421],[-18.759112,35.951415],[-18.753518,35.953399],[-18.750715,35.954374],[-18.739469,35.958205],[-18.736657,35.95916],[-18.733454,35.960245],[-18.731022,35.961038],[-18.728204,35.961973],[-18.705705,35.969717],[-18.702887,35.970663],[-18.697245,35.972548],[-18.694422,35.973486],[-18.683117,35.977221],[-18.680289,35.97815],[-18.674629,35.979999],[-18.671798,35.980919],[-18.649111,35.988249],[-18.647446,35.988785],[-18.644112,35.989855],[-18.642444,35.990388],[-18.635766,35.992517],[-18.634096,35.993047],[-18.630755,35.994105],[-18.629085,35.994632],[-18.615701,35.998841],[-18.613516,35.999525],[-18.609143,36.000888],[-18.606955,36.001567],[-18.598196,36.004273],[-18.59585,36.004995],[-18.591155,36.006432],[-18.588774,36.007157],[-18.587858,36.007435],[-18.582206,36.009146],[-18.581532,36.00935],[-18.580192,36.009754],[-18.579522,36.009956],[-18.576802,36.010775],[-18.576114,36.010982],[-18.574814,36.011372],[-18.574164,36.011567],[-18.559409,36.015984],[-18.558634,36.016215],[-18.557566,36.016533],[-18.553875,36.01763],[-18.552029,36.018176],[-18.544639,36.020354],[-18.542791,36.020897],[-18.539094,36.021978],[-18.537245,36.022517],[-18.522435,36.026814],[-18.520584,36.027349],[-18.51688,36.028415],[-18.515027,36.028947],[-18.50761,36.031065],[-18.505755,36.031593],[-18.502044,36.032644],[-18.500189,36.033168],[-18.485325,36.037346],[-18.483468,36.037866],[-18.47975,36.038902],[-18.477891,36.039419],[-18.470446,36.041477],[-18.468586,36.04199],[-18.464861,36.043012],[-18.462999,36.04352],[-18.448083,36.047578],[-18.446219,36.048083],[-18.442489,36.049089],[-18.440623,36.049591],[-18.433153,36.051589],[-18.431286,36.052087],[-18.427549,36.053078],[-18.42568,36.053572],[-18.410713,36.057509],[-18.408828,36.058003],[-18.405054,36.058987],[-18.403167,36.059477],[-18.39561,36.061431],[-18.393721,36.061917],[-18.389941,36.062886],[-18.388051,36.063369],[-18.372912,36.067215],[-18.37102,36.067694],[-18.367234,36.068647],[-18.36534,36.069122],[-18.357759,36.071014],[-18.355864,36.071485],[-18.352072,36.072423],[-18.350176,36.07289],[-18.334861,36.076645],[-18.332745,36.077161],[-18.328509,36.078189],[-18.32639,36.0787],[-18.317909,36.080737],[-18.315789,36.081244],[-18.311546,36.082253],[-18.309425,36.082755],[-18.292432,36.086752],[-18.290309,36.087249],[-18.286059,36.088239],[-18.283933,36.088731],[-18.275424,36.090691],[-18.273297,36.091178],[-18.26904,36.092148],[-18.266912,36.092631],[-18.247231,36.097067],[-18.244788,36.097615],[-18.239897,36.098703],[-18.237451,36.099244],[-18.227657,36.101397],[-18.225209,36.101932],[-18.22031,36.102995],[-18.21786,36.103524],[-18.198236,36.107728],[-18.195784,36.10825],[-18.190875,36.109287],[-18.188421,36.109803],[-18.178593,36.111854],[-18.176136,36.112363],[-18.171219,36.113375],[-18.168761,36.113878],[-18.149195,36.117853],[-18.146751,36.118346],[-18.141857,36.119326],[-18.13941,36.119813],[-18.129612,36.121749],[-18.127163,36.12223],[-18.122261,36.123185],[-18.119811,36.12366],[-18.100181,36.127431],[-18.097729,36.127899],[-18.09282,36.128829],[-18.090365,36.129291],[-18.088721,36.129598],[-18.08506,36.131025],[-18.083036,36.131811],[-18.078984,36.133379],[-18.076959,36.13416],[-18.060724,36.140396],[-18.058695,36.141172],[-18.054633,36.142721],[-18.0526,36.143493],[-18.044462,36.146574],[-18.042427,36.147341],[-18.038353,36.148872],[-18.036316,36.149634],[-18.019993,36.155721],[-18.017953,36.156479],[-18.013868,36.157991],[-18.011825,36.158744],[-18.003642,36.16175],[-18.001596,36.162498],[-17.9975,36.163991],[-17.995453,36.164735],[-17.979042,36.170672],[-17.976991,36.171411],[-17.972885,36.172885],[-17.970831,36.17362],[-17.962605,36.17655],[-17.960549,36.17728],[-17.956432,36.178735],[-17.954373,36.17946],[-17.937878,36.185246],[-17.935816,36.185966],[-17.931689,36.187402],[-17.929624,36.188118],[-17.921357,36.190973],[-17.91929,36.191684],[-17.915152,36.193101],[-17.913083,36.193807],[-17.896505,36.199441],[-17.894434,36.200142],[-17.890286,36.201541],[-17.888211,36.202237],[-17.879903,36.205016],[-17.877825,36.205708],[-17.873667,36.207087],[-17.871588,36.207775],[-17.85493,36.213256],[-17.852848,36.213938],[-17.84868,36.215299],[-17.846595,36.215976],[-17.838247,36.218678],[-17.83616,36.219351],[-17.831983,36.220692],[-17.829894,36.22136],[-17.813157,36.226689],[-17.81186,36.2271],[-17.809263,36.227923],[-17.807965,36.228333],[-17.802765,36.229971],[-17.801465,36.230379],[-17.798864,36.231194],[-17.797564,36.231601],[-17.787148,36.234848],[-17.785328,36.235413],[-17.781685,36.236541],[-17.779863,36.237102],[-17.772569,36.239343],[-17.770466,36.239986],[-17.766257,36.241268],[-17.764151,36.241907],[-17.762895,36.242286],[-17.762058,36.242539],[-17.755283,36.24458],[-17.754086,36.24494],[-17.753287,36.24518],[-17.752485,36.24542],[-17.749125,36.246426],[-17.748325,36.246665],[-17.746726,36.247142],[-17.745976,36.247365],[-17.72904,36.2524],[-17.72693,36.253024],[-17.722705,36.254269],[-17.720592,36.254889],[-17.712132,36.25736],[-17.710016,36.257975],[-17.705783,36.2592],[-17.703666,36.25981],[-17.686707,36.264675],[-17.684588,36.26528],[-17.680346,36.266486],[-17.678224,36.267086],[-17.669728,36.269479],[-17.667604,36.270075],[-17.663353,36.271262],[-17.661227,36.271852],[-17.644199,36.276561],[-17.642071,36.277147],[-17.637811,36.278313],[-17.635681,36.278894],[-17.627151,36.281209],[-17.625018,36.281785],[-17.62075,36.282933],[-17.618598,36.283509],[-17.615133,36.284431],[-17.602925,36.287932],[-17.600805,36.288537],[-17.596562,36.289743],[-17.594439,36.290344],[-17.585941,36.292737],[-17.583816,36.293333],[-17.579564,36.294519],[-17.577438,36.29511],[-17.560404,36.299819],[-17.558276,36.300404],[-17.554015,36.301571],[-17.551884,36.302152],[-17.543351,36.304467],[-17.541218,36.305043],[-17.536949,36.306191],[-17.534814,36.306762],[-17.517714,36.311314],[-17.515577,36.31188],[-17.511299,36.313008],[-17.50916,36.313569],[-17.500594,36.315806],[-17.498453,36.316362],[-17.494167,36.317471],[-17.492024,36.318022],[-17.474859,36.322417],[-17.472714,36.322964],[-17.46842,36.324052],[-17.466273,36.324594],[-17.457675,36.326752],[-17.455526,36.327289],[-17.451224,36.328358],[-17.449073,36.328889],[-17.431845,36.333127],[-17.429692,36.333653],[-17.425383,36.334703],[-17.423228,36.335224],[-17.414599,36.337303],[-17.412442,36.33782],[-17.408125,36.33885],[-17.405967,36.339362],[-17.388678,36.343441],[-17.386518,36.343948],[-17.382193,36.344957],[-17.380031,36.345459],[-17.371372,36.347459],[-17.369208,36.347956],[-17.364877,36.348946],[-17.362711,36.349438],[-17.345363,36.353359],[-17.343196,36.353846],[-17.338857,36.354815],[-17.336688,36.355298],[-17.328001,36.357218],[-17.325829,36.357695],[-17.321484,36.358645],[-17.319311,36.359117],[-17.301908,36.362878],[-17.299733,36.363345],[-17.295381,36.364275],[-17.293204,36.364737],[-17.28449,36.366578],[-17.282312,36.367035],[-17.277952,36.367945],[-17.275773,36.368397],[-17.258316,36.371999],[-17.256135,36.372446],[-17.251769,36.373336],[-17.249586,36.373778],[-17.240845,36.375538],[-17.238661,36.375976],[-17.234288,36.376846],[-17.232103,36.377278],[-17.214594,36.380719],[-17.212407,36.381146],[-17.208028,36.381995],[-17.205839,36.382418],[-17.197073,36.384098],[-17.194882,36.384515],[-17.190497,36.385345],[-17.188305,36.385757],[-17.170748,36.389037],[-17.168554,36.389444],[-17.164164,36.390253],[-17.161968,36.390656],[-17.153179,36.392255],[-17.150982,36.392652],[-17.146585,36.393442],[-17.144388,36.393834],[-17.126783,36.396953],[-17.124584,36.397339],[-17.120182,36.398109],[-17.117981,36.398491],[-17.109168,36.400009],[-17.106966,36.400386],[-17.102558,36.401136],[-17.100355,36.401507],[-17.082706,36.404464],[-17.080501,36.404831],[-17.076088,36.40556],[-17.073882,36.405922],[-17.065048,36.407359],[-17.06284,36.407716],[-17.058421,36.408425],[-17.056213,36.408777],[-17.038522,36.411571],[-17.037283,36.411766],[-17.034801,36.412155],[-17.033561,36.412348],[-17.028594,36.41312],[-17.027352,36.413312],[-17.024869,36.413694],[-17.023627,36.413884],[-17.013684,36.415402],[-17.012164,36.415632],[-17.009121,36.416092],[-17.0076,36.41632],[-17.00151,36.41723],[-16.999354,36.417549],[-16.995042,36.418184],[-16.99277,36.418515],[-16.989871,36.418934],[-16.989172,36.419035],[-16.987685,36.419249],[-16.98709,36.419335],[-16.979302,36.42045],[-16.97833,36.420589],[-16.976384,36.420865],[-16.975411,36.421003],[-16.971517,36.421553],[-16.970544,36.421689],[-16.968597,36.421962],[-16.967625,36.422098],[-16.949858,36.424567],[-16.947638,36.424873],[-16.943196,36.42548],[-16.940975,36.425781],[-16.932083,36.426975],[-16.929861,36.427271],[-16.925414,36.427857],[-16.923191,36.428148],[-16.905389,36.430454],[-16.903165,36.43074],[-16.898714,36.431306],[-16.896489,36.431586],[-16.88758,36.432699],[-16.885354,36.432974],[-16.880899,36.43352],[-16.878672,36.43379],[-16.860837,36.435933],[-16.858609,36.436198],[-16.85415,36.436724],[-16.851921,36.436984],[-16.842997,36.438014],[-16.840767,36.438269],[-16.836304,36.438774],[-16.834073,36.439024],[-16.816208,36.441003],[-16.813977,36.441248],[-16.80951,36.441732],[-16.807277,36.441972],[-16.798339,36.44292],[-16.796105,36.443155],[-16.791635,36.443619],[-16.789401,36.443848],[-16.771508,36.445663],[-16.769273,36.445887],[-16.7648,36.446331],[-16.762564,36.44655],[-16.753612,36.447416],[-16.751375,36.44763],[-16.746898,36.448053],[-16.744661,36.448262],[-16.726743,36.449913],[-16.724505,36.450117],[-16.720026,36.450519],[-16.717786,36.450717],[-16.708822,36.451502],[-16.706582,36.451695],[-16.7021,36.452077],[-16.69986,36.452265],[-16.681919,36.453752],[-16.679678,36.453935],[-16.675193,36.454296],[-16.672951,36.454474],[-16.663976,36.455176],[-16.661733,36.455349],[-16.657246,36.45569],[-16.655003,36.455857],[-16.637041,36.457179],[-16.634798,36.457342],[-16.630308,36.457662],[-16.628063,36.457819],[-16.619079,36.458439],[-16.616833,36.458591],[-16.612341,36.458891],[-16.610096,36.459038],[-16.592116,36.460195],[-16.589871,36.460337],[-16.585376,36.460615],[-16.58313,36.460752],[-16.574137,36.461289],[-16.571889,36.461421],[-16.567393,36.461679],[-16.565146,36.461806],[-16.547151,36.462798],[-16.544903,36.462919],[-16.540405,36.463157],[-16.538156,36.463273],[-16.529156,36.463728],[-16.526907,36.463839],[-16.522407,36.464056],[-16.520159,36.464162],[-16.50215,36.464989],[-16.4999,36.465089],[-16.495399,36.465285],[-16.493149,36.465381],[-16.484143,36.465753],[-16.481892,36.465844],[-16.47739,36.466019],[-16.475139,36.466105],[-16.45712,36.466766],[-16.454869,36.466846],[-16.450365,36.467001],[-16.448114,36.467076],[-16.439103,36.467366],[-16.436851,36.467435],[-16.432346,36.46757],[-16.430095,36.467634],[-16.412067,36.468131],[-16.409815,36.46819],[-16.405309,36.468304],[-16.403057,36.468358],[-16.394042,36.468565],[-16.39179,36.468614],[-16.387283,36.468707],[-16.385031,36.468751],[-16.366997,36.469082],[-16.364745,36.46912],[-16.360237,36.469193],[-16.357984,36.469226],[-16.348967,36.46935],[-16.346714,36.469379],[-16.342207,36.469431],[-16.339954,36.469454],[-16.321916,36.469619],[-16.319663,36.469637],[-16.315156,36.469668],[-16.312902,36.469681],[-16.303884,36.469723],[-16.30163,36.46973],[-16.297122,36.469741],[-16.29487,36.469743],[-16.27683,36.469743],[-16.274578,36.469741],[-16.27007,36.46973],[-16.267816,36.469723],[-16.258798,36.469681],[-16.256545,36.469668],[-16.252037,36.469637],[-16.249784,36.469619],[-16.231746,36.469454],[-16.229493,36.469431],[-16.224986,36.469379],[-16.222733,36.46935],[-16.213716,36.469226],[-16.211463,36.469193],[-16.206955,36.46912],[-16.204703,36.469082],[-16.186669,36.468751],[-16.184417,36.468707],[-16.17991,36.468614],[-16.177658,36.468565],[-16.168643,36.468358],[-16.166391,36.468304],[-16.161885,36.46819],[-16.159633,36.468131],[-16.141605,36.467634],[-16.139354,36.46757],[-16.134849,36.467435],[-16.132597,36.467366],[-16.123586,36.467076],[-16.121335,36.467001],[-16.116831,36.466846],[-16.11458,36.466766],[-16.096561,36.466105],[-16.09431,36.466019],[-16.089808,36.465844],[-16.087557,36.465753],[-16.078551,36.465381],[-16.076301,36.465285],[-16.0718,36.465089],[-16.06955,36.464989],[-16.051542,36.464162],[-16.049293,36.464056],[-16.044793,36.463839],[-16.042544,36.463728],[-16.033544,36.463273],[-16.031295,36.463157],[-16.026797,36.462919],[-16.02455,36.462798],[-16.006554,36.461806],[-16.004307,36.461679],[-15.999811,36.461421],[-15.997563,36.461289],[-15.98857,36.460752],[-15.986324,36.460615],[-15.981829,36.460337],[-15.979584,36.460195],[-15.961604,36.459038],[-15.959359,36.458891],[-15.954867,36.458591],[-15.952621,36.458439],[-15.943637,36.457819],[-15.941392,36.457662],[-15.936902,36.457342],[-15.934659,36.457179],[-15.916697,36.455857],[-15.914455,36.45569],[-15.909967,36.455349],[-15.907724,36.455176],[-15.898749,36.454474],[-15.896507,36.454296],[-15.892022,36.453935],[-15.889781,36.453752],[-15.87184,36.452265],[-15.8696,36.452077],[-15.865118,36.451695],[-15.862878,36.451502],[-15.853914,36.450717],[-15.851675,36.450519],[-15.847195,36.450117],[-15.844957,36.449913],[-15.827039,36.448262],[-15.824802,36.448053],[-15.820325,36.44763],[-15.818088,36.447416],[-15.809136,36.44655],[-15.8069,36.446331],[-15.802427,36.445887],[-15.800192,36.445663],[-15.782299,36.443848],[-15.780065,36.443619],[-15.775595,36.443155],[-15.773361,36.44292],[-15.764423,36.441972],[-15.76219,36.441732],[-15.757723,36.441248],[-15.755492,36.441003],[-15.737627,36.439024],[-15.735396,36.438774],[-15.730933,36.438269],[-15.728703,36.438014],[-15.719779,36.436984],[-15.71755,36.436724],[-15.713091,36.436198],[-15.710863,36.435933],[-15.693028,36.43379],[-15.690801,36.43352],[-15.686346,36.432974],[-15.68412,36.432699],[-15.675211,36.431586],[-15.672986,36.431306],[-15.668535,36.43074],[-15.666311,36.430454],[-15.648509,36.428148],[-15.646286,36.427857],[-15.641839,36.427271],[-15.639617,36.426975],[-15.630725,36.425781],[-15.628504,36.42548],[-15.624062,36.424873],[-15.621842,36.424567],[-15.604075,36.422098],[-15.603103,36.421962],[-15.601156,36.421689],[-15.600184,36.421553],[-15.596289,36.421003],[-15.595316,36.420865],[-15.59337,36.420589],[-15.592398,36.42045],[-15.58461,36.419335],[-15.584015,36.419249],[-15.582528,36.419035],[-15.581829,36.418934],[-15.57893,36.418515],[-15.576535,36.418165],[-15.571977,36.417494],[-15.569697,36.417156],[-15.563115,36.416171],[-15.561471,36.415924],[-15.558182,36.415426],[-15.556538,36.415176],[-15.545612,36.413503],[-15.544247,36.413293],[-15.541518,36.412871],[-15.540154,36.412659],[-15.534696,36.411807],[-15.533332,36.411593],[-15.530606,36.411164],[-15.529244,36.410948],[-15.50959,36.407822],[-15.507137,36.407429],[-15.502229,36.406635],[-15.499776,36.406235],[-15.489963,36.404622],[-15.487512,36.404216],[-15.482611,36.403398],[-15.480162,36.402985],[-15.460561,36.399659],[-15.458114,36.399241],[-15.453219,36.398397],[-15.450773,36.397972],[-15.440987,36.39626],[-15.438543,36.395829],[-15.433655,36.39496],[-15.431213,36.394523],[-15.411668,36.390998],[-15.410449,36.390777],[-15.408008,36.390333],[-15.406789,36.390111],[-15.401907,36.389217],[-15.400688,36.388993],[-15.398249,36.388543],[-15.39703,36.388318],[-15.387272,36.386505],[-15.386054,36.386277],[-15.383616,36.385821],[-15.382397,36.385592],[-15.377522,36.384674],[-15.376304,36.384443],[-15.373867,36.383981],[-15.372649,36.383749],[-15.372126,36.383649],[-15.370543,36.383345],[-15.367379,36.382735],[-15.365797,36.382428],[-15.359472,36.381197],[-15.357891,36.380889],[-15.354731,36.380268],[-15.353152,36.379957],[-15.340514,36.377453],[-15.338936,36.377139],[-15.33578,36.376508],[-15.334202,36.376192],[-15.327891,36.374919],[-15.326315,36.3746],[-15.323163,36.373959],[-15.321589,36.373638],[-15.296368,36.368462],[-15.29322,36.36781],[-15.286924,36.366496],[-15.283778,36.365834],[-15.271196,36.363163],[-15.268054,36.36249],[-15.261772,36.361134],[-15.258634,36.360452],[-15.233525,36.354943],[-15.230391,36.354249],[-15.224124,36.352852],[-15.220993,36.352148],[-15.208469,36.349311],[-15.205341,36.348597],[-15.199088,36.347158],[-15.195966,36.346434],[-15.170976,36.340593],[-15.167857,36.339858],[-15.16162,36.338378],[-15.158504,36.337633],[-15.146041,36.33463],[-15.142929,36.333874],[-15.136708,36.332353],[-15.1336,36.331588],[-15.108737,36.325416],[-15.105634,36.32464],[-15.099429,36.323078],[-15.096329,36.322291],[-15.083931,36.319124],[-15.080836,36.318327],[-15.074647,36.316724],[-15.071556,36.315917],[-15.046826,36.309418],[-15.04374,36.308601],[-15.037568,36.306956],[-15.034485,36.306129],[-15.022156,36.302797],[-15.019078,36.30196],[-15.012923,36.300274],[-15.00985,36.299427],[-14.98526,36.292601],[-14.982191,36.291743],[-14.976055,36.290017],[-14.97299,36.289149],[-14.960732,36.285655],[-14.957672,36.284777],[-14.951554,36.28301],[-14.948498,36.282122],[-14.924055,36.274971],[-14.922786,36.274599],[-14.920245,36.273851],[-14.918975,36.273477],[-14.913894,36.271974],[-14.912624,36.271597],[-14.910064,36.270836],[-14.908818,36.270465],[-14.898474,36.267254],[-14.897381,36.266915],[-14.896558,36.266636],[-14.895853,36.266507],[-14.892714,36.26555],[-14.890145,36.264748],[-14.884987,36.263223],[-14.882409,36.262459],[-14.879547,36.261608],[-14.875101,36.260249],[-14.873277,36.25969],[-14.869629,36.25857],[-14.867809,36.258003],[-14.857399,36.254721],[-14.856099,36.254311],[-14.854101,36.253679],[-14.853502,36.253484],[-14.852206,36.253061],[-14.847024,36.251367],[-14.845731,36.25094],[-14.843084,36.250261],[-14.841786,36.249849],[-14.825044,36.24452],[-14.822955,36.243852],[-14.818776,36.242511],[-14.816688,36.241838],[-14.808338,36.239136],[-14.806253,36.238458],[-14.802083,36.237098],[-14.800001,36.236416],[-14.783338,36.230934],[-14.781258,36.230247],[-14.777099,36.228868],[-14.775021,36.228176],[-14.76671,36.225397],[-14.764635,36.2247],[-14.760486,36.223302],[-14.758413,36.222601],[-14.741831,36.216966],[-14.739761,36.21626],[-14.735622,36.214843],[-14.733555,36.214132],[-14.725285,36.211277],[-14.72322,36.210561],[-14.719091,36.209125],[-14.717029,36.208405],[-14.700529,36.202619],[-14.69847,36.201894],[-14.694352,36.200438],[-14.692294,36.199709],[-14.684066,36.196778],[-14.682012,36.196044],[-14.677904,36.194569],[-14.675853,36.19383],[-14.659438,36.187894],[-14.657389,36.18715],[-14.653292,36.185657],[-14.651246,36.184908],[-14.643061,36.181902],[-14.641017,36.181149],[-14.636931,36.179637],[-14.63489,36.178879],[-14.618562,36.172792],[-14.616525,36.17203],[-14.61245,36.170499],[-14.610414,36.169732],[-14.602273,36.166651],[-14.600241,36.165879],[-14.596177,36.16433],[-14.594147,36.163554],[-14.577908,36.157317],[-14.575882,36.156536],[-14.571829,36.154968],[-14.569805,36.154182],[-14.561709,36.151027],[-14.559688,36.150237],[-14.555646,36.14865],[-14.553628,36.147855],[-14.53748,36.141471],[-14.535465,36.140671],[-14.531436,36.139066],[-14.529423,36.138261],[-14.521373,36.135032],[-14.519363,36.134223],[-14.515345,36.1326],[-14.513339,36.131787],[-14.497284,36.125254],[-14.495281,36.124436],[-14.491275,36.122794],[-14.489274,36.121971],[-14.481271,36.118669],[-14.479273,36.117841],[-14.475279,36.116181],[-14.473284,36.115349],[-14.457325,36.10867],[-14.455334,36.107834],[-14.451352,36.106155],[-14.449362,36.105314],[-14.441408,36.101938],[-14.439422,36.101092],[-14.435452,36.099396],[-14.433469,36.098546],[-14.417608,36.091721],[-14.415628,36.090866],[-14.411671,36.089151],[-14.409694,36.088292],[-14.401789,36.084843],[-14.399815,36.083979],[-14.39587,36.082247],[-14.3939,36.081378],[-14.378137,36.074408],[-14.376171,36.073535],[-14.372238,36.071784],[-14.370274,36.070907],[-14.362419,36.067386],[-14.360458,36.066504],[-14.356538,36.064735],[-14.35458,36.063849],[-14.338919,36.056735],[-14.336965,36.055844],[-14.333058,36.054057],[-14.331106,36.053162],[-14.323303,36.049569],[-14.321354,36.048669],[-14.31746,36.046865],[-14.315515,36.045961],[-14.299958,36.038703],[-14.298017,36.037795],[-14.294136,36.035972],[-14.292197,36.035059],[-14.284446,36.031395],[-14.283934,36.031153],[-14.282745,36.030589],[-14.279344,36.028972],[-14.277411,36.02805],[-14.276827,36.027771],[-14.261259,36.020316],[-14.260665,36.020031],[-14.259475,36.019459],[-14.25888,36.019174],[-14.256505,36.018032],[-14.255853,36.017718],[-14.25455,36.01709],[-14.253899,36.016776],[-14.248783,36.014305],[-14.246892,36.013388],[-14.24311,36.01155],[-14.241221,36.01063],[-14.233677,36.00694],[-14.231793,36.006015],[-14.228028,36.004162],[-14.226147,36.003234],[-14.216068,35.998242],[-14.21481,35.997617],[-14.212294,35.996366],[-14.211037,35.99574],[-14.206011,35.993229],[-14.204755,35.992601],[-14.202246,35.991342],[-14.200993,35.990712],[-14.186299,35.983311],[-14.184466,35.982385],[-14.180801,35.980527],[-14.17897,35.979597],[-14.17165,35.975864],[-14.169823,35.974929],[-14.16617,35.973056],[-14.164346,35.972117],[-14.149756,35.964587],[-14.147936,35.963644],[-14.144296,35.961754],[-14.142479,35.960807],[-14.135211,35.95701],[-14.133396,35.95606],[-14.12977,35.954154],[-14.127959,35.953199],[-14.113474,35.94554],[-14.112571,35.945062],[-14.110763,35.944103],[-14.10986,35.943623],[-14.106247,35.941701],[-14.105344,35.94122],[-14.10354,35.940257],[-14.102638,35.939776],[-14.095423,35.935914],[-14.094522,35.935431],[-14.092721,35.934464],[-14.09182,35.93398],[-14.088219,35.932041],[-14.08732,35.931556],[-14.085521,35.930585],[-14.084623,35.930099],[-14.082106,35.928736],[-14.081399,35.928353],[-14.079986,35.927586],[-14.07928,35.927202],[-14.076456,35.925665],[-14.07575,35.925281],[-14.074339,35.924512],[-14.073634,35.924127],[-14.067993,35.921043],[-14.067289,35.920658],[-14.065881,35.919886],[-14.065177,35.9195],[-14.062361,35.917954],[-14.061658,35.917567],[-14.060252,35.916793],[-14.05955,35.916406],[-14.048302,35.910199],[-14.046898,35.909423],[-14.044092,35.907867],[-14.04269,35.907088],[-14.037083,35.903965],[-14.035683,35.903184],[-14.032885,35.901618],[-14.031487,35.900835],[-14.020307,35.89455],[-14.018912,35.893764],[-14.016122,35.892188],[-14.014729,35.891399],[-14.009156,35.888238],[-14.007765,35.887447],[-14.004984,35.885862],[-14.003595,35.885068],[-13.992483,35.878706],[-13.991096,35.87791],[-13.988324,35.876315],[-13.986939,35.875517],[-13.981401,35.872317],[-13.980018,35.871516],[-13.977254,35.869911],[-13.975874,35.869108],[-13.964832,35.862669],[-13.963454,35.861864],[-13.960699,35.860249],[-13.959323,35.859441],[-13.95382,35.856203],[-13.952446,35.855392],[-13.949699,35.853769],[-13.948328,35.852956],[-13.937356,35.84644],[-13.935986,35.845625],[-13.933249,35.843992],[-13.931882,35.843175],[-13.926414,35.839898],[-13.925049,35.839078],[-13.92232,35.837435],[-13.920958,35.836613],[-13.910056,35.830021],[-13.908696,35.829197],[-13.905976,35.827544],[-13.904618,35.826717],[-13.899186,35.823403],[-13.89783,35.822573],[-13.895119,35.820912],[-13.893765,35.82008],[-13.882936,35.813413],[-13.881585,35.812579],[-13.878883,35.810908],[-13.877534,35.810071],[-13.872138,35.806719],[-13.87079,35.80588],[-13.868098,35.8042],[-13.866753,35.803359],[-13.855996,35.796616],[-13.854654,35.795773],[-13.851971,35.794083],[-13.85063,35.793237],[-13.845271,35.789847],[-13.843933,35.788999],[-13.841258,35.7873],[-13.839923,35.78645],[-13.829239,35.779633],[-13.827906,35.77878],[-13.825241,35.777072],[-13.82391,35.776217],[-13.818587,35.77279],[-13.817259,35.771932],[-13.814603,35.770215],[-13.813276,35.769355],[-13.802667,35.762464],[-13.801343,35.761602],[-13.798697,35.759875],[-13.797375,35.759011],[-13.792089,35.755547],[-13.79077,35.75468],[-13.788133,35.752944],[-13.786816,35.752076],[-13.776281,35.745111],[-13.774967,35.74424],[-13.772339,35.742494],[-13.771026,35.741621],[-13.765778,35.73812],[-13.764468,35.737245],[-13.76185,35.73549],[-13.760542,35.734613],[-13.750083,35.727575],[-13.748778,35.726694],[-13.746169,35.724931],[-13.744867,35.724048],[-13.739657,35.720512],[-13.738356,35.719627],[-13.735757,35.717854],[-13.734459,35.716968],[-13.724076,35.709857],[-13.72278,35.708968],[-13.720191,35.707186],[-13.718897,35.706295],[-13.713518,35.702578],[-13.712435,35.701828],[-13.709854,35.700037],[-13.700966,35.693779],[-13.69534,35.689759],[-13.693849,35.688725],[-13.69331,35.688351],[-13.690734,35.686562],[-13.690095,35.686118],[-13.689062,35.685399],[-13.688458,35.684979],[-13.682342,35.680719],[-13.677785,35.677521],[-13.673574,35.674544],[-13.670304,35.672218],[-13.669789,35.671851],[-13.668611,35.671007],[-13.667521,35.670224],[-13.666883,35.669767],[-13.664766,35.668246],[-13.664042,35.667725],[-13.661096,35.665604],[-13.660389,35.665094],[-13.654545,35.660876],[-13.647273,35.655562],[-13.644403,35.65344],[-13.635297,35.646956],[-13.630473,35.643424],[-13.629269,35.642541],[-13.626863,35.640771],[-13.625662,35.639886],[-13.612424,35.630111],[-13.610773,35.628889],[-13.607473,35.626438],[-13.605826,35.625212],[-13.599243,35.620294],[-13.5976,35.619064],[-13.594318,35.616598],[-13.59268,35.615365],[-13.579581,35.605469],[-13.577948,35.604231],[-13.574683,35.601751],[-13.573054,35.600509],[-13.56654,35.595532],[-13.564915,35.594286],[-13.561668,35.591791],[-13.560047,35.590542],[-13.54709,35.580527],[-13.545474,35.579274],[-13.542244,35.576764],[-13.540632,35.575507],[-13.53419,35.570471],[-13.532582,35.569211],[-13.529371,35.566686],[-13.527768,35.565422],[-13.514952,35.555289],[-13.513354,35.554021],[-13.510161,35.551482],[-13.508567,35.55021],[-13.502195,35.545115],[-13.500606,35.54384],[-13.49743,35.541286],[-13.495845,35.540008],[-13.483174,35.529758],[-13.481594,35.528476],[-13.478436,35.525907],[-13.47686,35.524621],[-13.470561,35.519468],[-13.46899,35.518178],[-13.46585,35.515595],[-13.464283,35.514302],[-13.451757,35.503937],[-13.450195,35.50264],[-13.447074,35.500043],[-13.445516,35.498743],[-13.43929,35.493532],[-13.437737,35.492228],[-13.434634,35.489616],[-13.433086,35.488309],[-13.420706,35.47783],[-13.419163,35.476519],[-13.416079,35.473893],[-13.414539,35.472579],[-13.408387,35.467311],[-13.406852,35.465993],[-13.403786,35.463353],[-13.402256,35.462032],[-13.390025,35.451439],[-13.3885,35.450115],[-13.385453,35.447461],[-13.383932,35.446132],[-13.377855,35.440809],[-13.376339,35.439477],[-13.37331,35.436809],[-13.371799,35.435474],[-13.359717,35.42477],[-13.358211,35.423431],[-13.355201,35.420749],[-13.353699,35.419407],[-13.347697,35.414028],[-13.3462,35.412682],[-13.343209,35.409987],[-13.341716,35.408638],[-13.329786,35.397824],[-13.328298,35.396472],[-13.325327,35.393762],[-13.323843,35.392406],[-13.317917,35.386973],[-13.316439,35.385613],[-13.313486,35.382891],[-13.312012,35.381528],[-13.300235,35.370606],[-13.298766,35.36924],[-13.295833,35.366503],[-13.294368,35.365134],[-13.288519,35.359646],[-13.287059,35.358273],[-13.284145,35.355524],[-13.282691,35.354148],[-13.271067,35.343118],[-13.269618,35.341739],[-13.266722,35.338976],[-13.265278,35.337593],[-13.259505,35.332052],[-13.258065,35.330666],[-13.255189,35.32789],[-13.253754,35.326501],[-13.242286,35.315365],[-13.240856,35.313973],[-13.238,35.311183],[-13.236574,35.309787],[-13.23088,35.304194],[-13.229459,35.302794],[-13.226622,35.299992],[-13.226206,35.299581],[-13.225207,35.29859],[-13.213895,35.28735],[-13.212833,35.286292],[-13.210709,35.284173],[-13.209404,35.282866],[-13.20879,35.282251],[-13.203455,35.276892],[-13.202053,35.27548],[-13.199253,35.272652],[-13.197835,35.271216],[-13.197242,35.270613],[-13.185737,35.258913],[-13.184773,35.257931],[-13.183166,35.256293],[-13.182203,35.255309],[-13.179473,35.252518],[-13.178086,35.251096],[-13.175317,35.248248],[-13.173935,35.246823],[-13.168416,35.241114],[-13.167039,35.239686],[-13.16429,35.236826],[-13.162918,35.235395],[-13.154492,35.226577],[-13.153441,35.225475],[-13.151341,35.223267],[-13.150293,35.222163],[-13.146104,35.21774],[-13.145059,35.216634],[-13.142971,35.21442],[-13.14193,35.213313],[-13.131094,35.201768],[-13.128568,35.199062],[-13.123532,35.193637],[-13.121024,35.19092],[-13.111021,35.180027],[-13.108524,35.177292],[-13.103546,35.171811],[-13.101198,35.169212],[-13.098795,35.166539],[-13.096416,35.163939],[-13.094217,35.161523],[-13.085671,35.152088],[-13.083542,35.149726],[-13.079296,35.144993],[-13.077179,35.142623],[-13.073102,35.138035],[-13.072597,35.137467],[-13.071588,35.136329],[-13.071084,35.13576],[-13.069069,35.133482],[-13.068566,35.132912],[-13.06756,35.131773],[-13.067058,35.131204],[-13.058973,35.122022],[-13.057965,35.120875],[-13.05595,35.118577],[-13.054945,35.117427],[-13.050928,35.112822],[-13.049925,35.111671],[-13.047923,35.109365],[-13.046924,35.108212],[-13.044643,35.105573],[-13.04375,35.104539],[-13.041968,35.102468],[-13.041078,35.101432],[-13.037522,35.097284],[-13.036634,35.096247],[-13.034862,35.09417],[-13.033977,35.093132],[-13.028339,35.086501],[-13.027354,35.08534],[-13.025387,35.083015],[-13.024405,35.081852],[-13.020481,35.077194],[-13.019502,35.076029],[-13.017547,35.073696],[-13.016571,35.07253],[-13.012915,35.068147],[-13.010726,35.065559],[-13.007976,35.062287],[-12.997084,35.049237],[-12.994374,35.045969],[-12.988977,35.039418],[-12.986291,35.036137],[-12.976442,35.024023],[-12.975214,35.022509],[-12.972763,35.019476],[-12.971541,35.017958],[-12.966659,35.01188],[-12.965441,35.01036],[-12.963011,35.007315],[-12.9618,35.005793],[-12.952118,34.99359],[-12.950912,34.992064],[-12.948503,34.989009],[-12.947302,34.98748],[-12.942504,34.981357],[-12.941308,34.979826],[-12.93892,34.97676],[-12.93773,34.975226],[-12.928218,34.962935],[-12.927032,34.961399],[-12.924666,34.958322],[-12.923486,34.956782],[-12.918773,34.950616],[-12.917598,34.949073],[-12.915252,34.945986],[-12.914083,34.944441],[-12.904741,34.932063],[-12.903577,34.930516],[-12.901254,34.927418],[-12.900095,34.925868],[-12.895467,34.919658],[-12.894313,34.918105],[-12.892011,34.914996],[-12.890863,34.913441],[-12.881692,34.900979],[-12.88055,34.899421],[-12.878269,34.896301],[-12.877131,34.894741],[-12.872589,34.888489],[-12.871457,34.886926],[-12.869197,34.883796],[-12.868071,34.88223],[-12.859072,34.869684],[-12.857951,34.868116],[-12.855713,34.864976],[-12.854598,34.863405],[-12.850142,34.857112],[-12.849031,34.855539],[-12.846815,34.852388],[-12.84571,34.850812],[-12.836885,34.838185],[-12.835785,34.836607],[-12.833591,34.833446],[-12.832496,34.831865],[-12.828022,34.825379],[-12.827039,34.823948],[-12.824866,34.820777],[-12.823782,34.819192],[-12.815131,34.806484],[-12.814767,34.805949],[-12.814039,34.804877],[-12.81319,34.803624],[-12.812221,34.80219],[-12.811737,34.801473],[-12.808355,34.796453],[-12.807286,34.79486],[-12.805151,34.791671],[-12.804087,34.790075],[-12.803075,34.788553],[-12.802402,34.78754],[-12.79371,34.774429],[-12.793087,34.773488],[-12.792048,34.771916],[-12.791425,34.770973],[-12.789661,34.768298],[-12.788609,34.766697],[-12.786509,34.763492],[-12.785463,34.761888],[-12.781286,34.755468],[-12.780245,34.753863],[-12.778167,34.750649],[-12.777132,34.749041],[-12.770492,34.738697],[-12.769664,34.737404],[-12.768012,34.734816],[-12.767188,34.733521],[-12.763897,34.728338],[-12.763076,34.727042],[-12.761438,34.724448],[-12.760621,34.723151],[-12.752497,34.710213],[-12.751485,34.708596],[-12.749466,34.705358],[-12.74846,34.703738],[-12.744442,34.697251],[-12.743441,34.695629],[-12.741444,34.692382],[-12.740449,34.690758],[-12.732502,34.677746],[-12.731512,34.67612],[-12.729537,34.672864],[-12.728553,34.671235],[-12.724624,34.664712],[-12.723646,34.663081],[-12.721693,34.659815],[-12.72072,34.658183],[-12.712951,34.645099],[-12.711984,34.643463],[-12.710054,34.640189],[-12.709091,34.638552],[-12.705252,34.631993],[-12.704296,34.630353],[-12.702388,34.62707],[-12.701437,34.625428],[-12.693847,34.612274],[-12.692902,34.61063],[-12.691016,34.607338],[-12.690077,34.605692],[-12.686327,34.599098],[-12.685393,34.597449],[-12.68353,34.594149],[-12.682602,34.592499],[-12.675191,34.579276],[-12.674269,34.577623],[-12.672428,34.574314],[-12.671511,34.572659],[-12.667851,34.566032],[-12.66694,34.564375],[-12.665121,34.561058],[-12.664216,34.559399],[-12.656986,34.546109],[-12.656086,34.544448],[-12.65429,34.541122],[-12.653396,34.539459],[-12.649826,34.532798],[-12.648937,34.531133],[-12.647164,34.5278],[-12.646281,34.526133],[-12.639232,34.512777],[-12.63623,34.507014],[-12.630292,34.495464],[-12.629722,34.49434],[-12.628358,34.491711],[-12.62294,34.48117],[-12.622222,34.479768],[-12.620788,34.47696],[-12.620073,34.475556],[-12.616667,34.468841],[-12.615575,34.466677],[-12.6134,34.462346],[-12.612317,34.460179],[-12.610039,34.455597],[-12.60864,34.452764],[-12.605858,34.447093],[-12.604474,34.444254],[-12.602085,34.439319],[-12.599401,34.433947],[-12.595201,34.425376],[-12.590454,34.41549],[-12.708293,33.486431],[-12.732162,33.283696],[-12.736896,33.237776],[-12.807013,32.994436],[-12.842491,32.87131],[-12.863602,32.801625],[-12.885674,32.732291],[-12.89037,32.718219],[-12.941749,32.564259],[-12.960864,32.509044],[-13.032461,32.309421],[-13.039742,32.289084],[-12.461386,31.496887],[-12.343341,31.334455],[-12.293513,31.263176],[-12.245616,31.191881],[-12.22794,31.164469],[-12.202872,31.121931],[-12.161391,31.047894],[-12.156235,31.038731],[-12.116084,30.9635],[-12.098439,30.924628],[-12.062558,30.845584],[-11.992499,30.692722],[-11.963581,30.632495],[-11.952534,30.61053],[-11.865338,30.44439],[-11.835555,30.387563],[-11.81269,30.343576],[-11.813349,30.307162],[-11.822134,30.273519],[-11.827016,30.255392],[-11.836476,30.220275],[-11.872838,30.096446],[-11.873704,30.093496],[-11.948677,29.840493],[-11.957783,29.810414],[-11.986023,29.719062],[-11.996511,29.684962],[-12.066343,29.45788],[-12.067252,29.455607],[-12.08055,29.422553],[-12.123408,29.316295],[-12.164607,29.229612],[-12.177302,29.205144],[-12.212866,29.136598],[-12.219812,29.128619],[-12.22691,29.120701],[-12.251341,29.093456],[-12.256789,29.08751],[-12.258012,29.086184],[-12.271895,29.071323],[-12.278144,29.064952],[-12.296303,29.046657],[-12.305099,29.037825],[-12.312773,29.030151],[-12.33666,29.006454],[-12.341267,29.002],[-12.411972,28.933788],[-12.433504,28.913406],[-12.459585,28.895597],[-12.47978,28.880596],[-12.491682,28.871838],[-12.502669,28.864388],[-12.505774,28.862285],[-12.530053,28.845851],[-12.534016,28.842921],[-12.564295,28.820965],[-12.57546,28.812952],[-12.580387,28.809524],[-12.60055,28.796153],[-12.614901,28.785715],[-12.635462,28.771069],[-12.640401,28.767691],[-12.648851,28.762022],[-12.649822,28.761372],[-12.650375,28.761003],[-12.655173,28.757806],[-12.671769,28.746773],[-12.687743,28.735073],[-12.690032,28.733398],[-12.694284,28.730289],[-12.70442,28.722892],[-12.731489,28.70323],[-12.733469,28.701796],[-12.738247,28.698683],[-12.761679,28.683476],[-12.777399,28.674271],[-12.848097,28.634604],[-12.852942,28.63206],[-12.853744,28.631646],[-12.858837,28.629028],[-12.868544,28.624082],[-12.875599,28.620579],[-12.877836,28.619403],[-12.93225,28.591983],[-12.93915,28.588509],[-12.960015,28.578022],[-12.961572,28.577241],[-12.970339,28.572846],[-13.012986,28.554326],[-13.020502,28.551096],[-13.047872,28.539354],[-13.076288,28.52718],[-13.097851,28.517963],[-13.110323,28.512638],[-13.129386,28.503288],[-13.144033,28.492668],[-13.147012,28.49051],[-13.180613,28.462613],[-13.202141,28.445194],[-13.214885,28.434939],[-13.230652,28.420323],[-13.231387,28.419481],[-13.231995,28.418783],[-13.247166,28.401405],[-13.268318,28.368664],[-13.323495,28.28184],[-13.344019,28.249485],[-13.353368,28.234413],[-13.356789,28.22933],[-13.375977,28.200781],[-13.387709,28.183297],[-13.390936,28.177714],[-13.402658,28.154182],[-13.403176,28.153106],[-13.404438,28.150491],[-13.407978,28.143869],[-13.423513,28.11482],[-13.425195,28.111698],[-13.426265,28.109712],[-13.426453,28.109363],[-13.43616,28.091279],[-13.436631,28.090404],[-13.441046,28.082198],[-13.448765,28.068309],[-13.462414,28.054524],[-13.488168,28.028491],[-13.508829,28.006317],[-13.536347,27.976999],[-13.552664,27.959831],[-13.554657,27.957665],[-13.556187,27.956004],[-13.61419,27.891241],[-13.650805,27.849512],[-13.664751,27.833617],[-13.681659,27.817026],[-13.686619,27.812164],[-13.699364,27.799681],[-13.703877,27.795295],[-13.731711,27.76616],[-13.758751,27.7357],[-13.764147,27.729166],[-13.76748,27.725134],[-13.76854,27.723907],[-13.786003,27.705581],[-13.805891,27.683217]]],[[[-2.471961,35.155208],[-2.472069,35.155222],[-2.472194,35.155238],[-2.472328,35.155256],[-2.472587,35.155289],[-2.472848,35.155321],[-2.473109,35.155353],[-2.47337,35.155385],[-2.473633,35.155415],[-2.473896,35.155445],[-2.47416,35.155475],[-2.474412,35.155503],[-2.474423,35.155506],[-2.474654,35.15556],[-2.474884,35.155614],[-2.475116,35.155667],[-2.475348,35.15572],[-2.47558,35.155773],[-2.487493,35.158435],[-2.48775,35.158493],[-2.487992,35.158548],[-2.492396,35.159818],[-2.494947,35.160739],[-2.495178,35.160823],[-2.495409,35.160907],[-2.495641,35.160991],[-2.495872,35.161077],[-2.512058,35.167051],[-2.512372,35.167167],[-2.512687,35.167284],[-2.513237,35.16749],[-2.524555,35.175535],[-2.441311,35.183212],[-2.441283,35.183369],[-2.441054,35.183236],[-2.44,35.183333],[-2.439165,35.1835],[-2.435686,35.184196],[-2.432085,35.184916],[-2.428313,35.185671],[-2.423333,35.186667],[-2.423306,35.186654],[-2.42054,35.185347],[-2.383722,35.167952],[-2.385619,35.166943],[-2.38582,35.166836],[-2.386021,35.166731],[-2.386222,35.166626],[-2.386662,35.166397],[-2.386809,35.16632],[-2.386955,35.166244],[-2.388208,35.165584],[-2.388409,35.165479],[-2.38861,35.165374],[-2.388811,35.16527],[-2.388915,35.165217],[-2.389016,35.165167],[-2.389217,35.165067],[-2.389419,35.164968],[-2.38962,35.164869],[-2.389821,35.164772],[-2.3913,35.164058],[-2.39151,35.163965],[-2.392683,35.163537],[-2.392861,35.163472],[-2.393039,35.163408],[-2.394869,35.162755],[-2.396812,35.162748],[-2.397091,35.162748],[-2.397367,35.162749],[-2.406096,35.162801],[-2.409507,35.162901],[-2.409715,35.162906],[-2.409923,35.16291],[-2.410129,35.162913],[-2.410336,35.162915],[-2.410541,35.162917],[-2.410747,35.162916],[-2.410951,35.162915],[-2.411155,35.162913],[-2.411359,35.16291],[-2.411561,35.162906],[-2.411764,35.162901],[-2.411965,35.162895],[-2.412045,35.162892],[-2.41219,35.162887],[-2.412313,35.162884],[-2.412334,35.162883],[-2.415203,35.162813],[-2.415377,35.162809],[-2.41555,35.162807],[-2.415724,35.162805],[-2.415841,35.162805],[-2.415999,35.162805],[-2.416156,35.162806],[-2.416314,35.162808],[-2.416471,35.16281],[-2.419891,35.16288],[-2.420045,35.162884],[-2.420198,35.162889],[-2.420352,35.162894],[-2.420505,35.162901],[-2.423514,35.16304],[-2.423678,35.163048],[-2.423842,35.163057],[-2.424006,35.163068],[-2.42417,35.163079],[-2.424334,35.163091],[-2.424785,35.163126],[-2.424961,35.163141],[-2.425137,35.163157],[-2.425313,35.163174],[-2.425489,35.163191],[-2.425665,35.16321],[-2.425842,35.16323],[-2.426882,35.163353],[-2.427064,35.163376],[-2.42723,35.163397],[-2.427246,35.163395],[-2.42742,35.16337],[-2.427527,35.163356],[-2.427591,35.163325],[-2.428066,35.163102],[-2.4282,35.16304],[-2.428334,35.162979],[-2.428468,35.162919],[-2.430728,35.161908],[-2.430889,35.161835],[-2.43105,35.161761],[-2.43121,35.161686],[-2.43137,35.16161],[-2.431529,35.161533],[-2.431688,35.161456],[-2.431847,35.161377],[-2.436678,35.158943],[-2.436712,35.158927],[-2.438925,35.158093],[-2.438945,35.158086],[-2.439116,35.158034],[-2.439226,35.158002],[-2.439338,35.15797],[-2.439512,35.157921],[-2.439686,35.157873],[-2.439861,35.157826],[-2.440036,35.157779],[-2.440346,35.157699],[-2.440515,35.157656],[-2.440685,35.157614],[-2.440855,35.157572],[-2.441006,35.157536],[-2.441136,35.157508],[-2.441297,35.157474],[-2.446345,35.156417],[-2.446516,35.156391],[-2.446721,35.15636],[-2.446927,35.15633],[-2.447134,35.156301],[-2.447342,35.156273],[-2.44755,35.156245],[-2.447759,35.156219],[-2.447828,35.15621],[-2.447957,35.15618],[-2.448152,35.156136],[-2.448347,35.156092],[-2.448542,35.156049],[-2.448738,35.156007],[-2.448935,35.155965],[-2.449132,35.155925],[-2.44933,35.155885],[-2.449529,35.155846],[-2.449728,35.155807],[-2.449927,35.15577],[-2.450128,35.155733],[-2.450261,35.155709],[-2.455203,35.155016],[-2.455377,35.154992],[-2.45555,35.154969],[-2.455724,35.154946],[-2.456045,35.154905],[-2.462094,35.154431],[-2.463746,35.154385],[-2.463785,35.154387],[-2.464007,35.154396],[-2.46423,35.154407],[-2.464453,35.154418],[-2.464676,35.154429],[-2.464901,35.154441],[-2.466307,35.154522],[-2.471264,35.155121],[-2.471496,35.15515],[-2.471728,35.155179],[-2.471961,35.155208]]],[[[-4.299399,35.170065],[-4.299483,35.17004],[-4.299503,35.170036],[-4.29968,35.169983],[-4.299711,35.169976],[-4.299877,35.169926],[-4.299919,35.169916],[-4.300073,35.169868],[-4.300127,35.169856],[-4.30027,35.169811],[-4.300335,35.169795],[-4.300371,35.169784],[-4.30054,35.169743],[-4.300579,35.169731],[-4.300745,35.16969],[-4.300788,35.169677],[-4.30095,35.169637],[-4.300996,35.169623],[-4.301155,35.169584],[-4.301252,35.169556],[-4.301362,35.169528],[-4.301426,35.169508],[-4.301568,35.169471],[-4.301601,35.169461],[-4.301632,35.169453],[-4.301759,35.169454],[-4.301798,35.169452],[-4.301943,35.169453],[-4.301967,35.169453],[-4.302041,35.169456],[-4.302122,35.169459],[-4.302124,35.169459],[-4.302291,35.169465],[-4.302434,35.169475],[-4.30256,35.1695],[-4.30257,35.169503],[-4.302628,35.169543],[-4.302733,35.169623],[-4.302837,35.169704],[-4.303405,35.170178],[-4.303507,35.170267],[-4.303607,35.17036],[-4.303828,35.170574],[-4.30393,35.170678],[-4.304032,35.170786],[-4.304079,35.17084],[-4.304193,35.170975],[-4.304257,35.171056],[-4.304308,35.171126],[-4.30431,35.171129],[-4.304405,35.171261],[-4.304408,35.171266],[-4.304415,35.171275],[-4.304507,35.171402],[-4.304521,35.171423],[-4.304628,35.171571],[-4.306064,35.173448],[-4.306221,35.173661],[-4.306377,35.173881],[-4.306533,35.174108],[-4.306689,35.174343],[-4.306844,35.174585],[-4.306999,35.174834],[-4.307154,35.17509],[-4.309565,35.179212],[-4.309899,35.179782],[-4.312644,35.184475],[-4.312909,35.184923],[-4.313043,35.185152],[-4.313309,35.1856],[-4.313442,35.185829],[-4.313618,35.186125],[-4.313816,35.186475],[-4.313822,35.186485],[-4.314143,35.18705],[-4.314184,35.187123],[-4.31447,35.187625],[-4.31482,35.188244],[-4.317237,35.194157],[-4.317444,35.194666],[-4.31765,35.195179],[-4.319107,35.198825],[-4.305111,35.197981],[-4.304007,35.195927],[-4.302407,35.192513],[-4.302253,35.192181],[-4.302102,35.191852],[-4.299134,35.18535],[-4.297445,35.181651],[-4.297433,35.181624],[-4.297343,35.181427],[-4.297336,35.181413],[-4.297241,35.181204],[-4.29724,35.181202],[-4.297138,35.180981],[-4.297035,35.18076],[-4.297011,35.180712],[-4.296931,35.180541],[-4.29691,35.180497],[-4.296827,35.180321],[-4.296808,35.180283],[-4.296723,35.180102],[-4.296618,35.179885],[-4.296545,35.179738],[-4.296512,35.179671],[-4.296438,35.179523],[-4.296406,35.179457],[-4.296332,35.179307],[-4.296301,35.179242],[-4.296279,35.179198],[-4.296207,35.178996],[-4.296115,35.178746],[-4.296021,35.178501],[-4.295925,35.17826],[-4.295828,35.178024],[-4.295728,35.177792],[-4.295688,35.177701],[-4.295628,35.177563],[-4.295602,35.177503],[-4.295528,35.177333],[-4.295515,35.177305],[-4.295428,35.177104],[-4.295326,35.176879],[-4.295222,35.17666],[-4.295117,35.176445],[-4.295009,35.176235],[-4.2949,35.17603],[-4.294788,35.175831],[-4.294733,35.175735],[-4.294733,35.175688],[-4.294738,35.175456],[-4.294754,35.175197],[-4.294798,35.174673],[-4.29485,35.174183],[-4.294912,35.173726],[-4.294916,35.173698],[-4.295024,35.173274],[-4.295146,35.172852],[-4.295272,35.172473],[-4.295401,35.172137],[-4.295466,35.171994],[-4.295582,35.171808],[-4.295797,35.171518],[-4.295823,35.17149],[-4.296003,35.171376],[-4.296419,35.171286],[-4.296818,35.171123],[-4.29795,35.171042],[-4.298617,35.170643],[-4.298804,35.170406],[-4.298819,35.170382],[-4.298897,35.170327],[-4.299047,35.170258],[-4.299109,35.170216],[-4.299166,35.170188],[-4.299281,35.170131],[-4.299321,35.170105],[-4.299399,35.170065]]],[[[-3.87692,35.214985],[-3.877126,35.214819],[-3.877914,35.214194],[-3.878105,35.214044],[-3.878295,35.213897],[-3.878429,35.213794],[-3.878618,35.213652],[-3.878806,35.213512],[-3.879595,35.212932],[-3.882415,35.211069],[-3.882613,35.210942],[-3.882728,35.210872],[-3.88288,35.210797],[-3.882959,35.21076],[-3.883144,35.210676],[-3.883327,35.210595],[-3.883981,35.210317],[-3.884178,35.210237],[-3.884374,35.210161],[-3.88452,35.210108],[-3.884722,35.210039],[-3.884923,35.209974],[-3.885246,35.209878],[-3.885396,35.209836],[-3.885546,35.209797],[-3.885682,35.209763],[-3.885688,35.209761],[-3.885695,35.20976],[-3.885752,35.209746],[-3.885829,35.209729],[-3.885848,35.209724],[-3.885949,35.2097],[-3.885976,35.209694],[-3.886146,35.209655],[-3.886424,35.209597],[-3.886571,35.20957],[-3.886718,35.209545],[-3.886863,35.209524],[-3.886932,35.209515],[-3.887121,35.209496],[-3.887309,35.209482],[-3.887545,35.209472],[-3.887725,35.209468],[-3.88788,35.20947],[-3.888006,35.209478],[-3.888159,35.209491],[-3.888217,35.209498],[-3.888347,35.209515],[-3.88846,35.209533],[-3.888564,35.209554],[-3.888685,35.209581],[-3.8889,35.209633],[-3.889073,35.209681],[-3.889082,35.209684],[-3.889161,35.209706],[-3.889256,35.209734],[-3.889279,35.20974],[-3.889397,35.209775],[-3.88943,35.209785],[-3.889604,35.209833],[-3.889667,35.209849],[-3.889778,35.209878],[-3.889793,35.209882],[-3.889919,35.209914],[-3.889953,35.209924],[-3.890124,35.209967],[-3.890128,35.209968],[-3.890271,35.210002],[-3.890302,35.210011],[-3.890418,35.210039],[-3.890477,35.210054],[-3.890653,35.210095],[-3.890723,35.210109],[-3.890828,35.210133],[-3.890868,35.210141],[-3.890887,35.210145],[-3.891004,35.210171],[-3.891051,35.21018],[-3.891064,35.210183],[-3.891211,35.21022],[-3.891356,35.210262],[-3.891435,35.210287],[-3.891558,35.210329],[-3.891669,35.210371],[-3.891771,35.210414],[-3.891883,35.210465],[-3.891992,35.210518],[-3.8921,35.210574],[-3.892164,35.210609],[-3.892233,35.210651],[-3.892341,35.210719],[-3.893029,35.211182],[-3.893276,35.211398],[-3.893377,35.21149],[-3.893478,35.211586],[-3.89371,35.211816],[-3.893826,35.211937],[-3.893941,35.212063],[-3.89426,35.212425],[-3.894396,35.212587],[-3.89453,35.212756],[-3.89461,35.212861],[-3.894615,35.212868],[-3.89463,35.212887],[-3.894707,35.212989],[-3.89475,35.213045],[-3.894804,35.213118],[-3.894884,35.213222],[-3.895101,35.213517],[-3.895205,35.213663],[-3.895307,35.213812],[-3.89541,35.213965],[-3.895429,35.213995],[-3.895555,35.214197],[-3.895566,35.214217],[-3.89575,35.214151],[-3.896012,35.214061],[-3.896208,35.213999],[-3.896268,35.213981],[-3.896306,35.213971],[-3.8964,35.213948],[-3.896506,35.213926],[-3.896622,35.213905],[-3.896711,35.213892],[-3.897079,35.213889],[-3.897275,35.213891],[-3.897924,35.21391],[-3.89809,35.213919],[-3.898255,35.21393],[-3.898316,35.213936],[-3.898401,35.213947],[-3.898579,35.213976],[-3.898671,35.213992],[-3.898807,35.213942],[-3.899029,35.213867],[-3.899313,35.213788],[-3.899637,35.21371],[-3.901161,35.213403],[-3.901259,35.213377],[-3.901335,35.213362],[-3.901438,35.213334],[-3.901509,35.213321],[-3.901617,35.213292],[-3.901683,35.213279],[-3.901854,35.213234],[-3.901967,35.213194],[-3.90202,35.21318],[-3.902093,35.213154],[-3.902121,35.213149],[-3.902189,35.213136],[-3.902192,35.213136],[-3.90234,35.213106],[-3.902476,35.21309],[-3.902636,35.213085],[-3.90266,35.213087],[-3.902869,35.213201],[-3.902874,35.213203],[-3.903022,35.213285],[-3.903029,35.213288],[-3.903176,35.213369],[-3.903178,35.21337],[-3.903314,35.213441],[-3.90333,35.213453],[-3.903484,35.213529],[-3.903633,35.213567],[-3.90378,35.213649],[-3.903965,35.213829],[-3.903977,35.213846],[-3.904087,35.213957],[-3.904092,35.213964],[-3.904207,35.214082],[-3.904208,35.214083],[-3.90432,35.214201],[-3.90433,35.214209],[-3.904465,35.214352],[-3.904597,35.214529],[-3.904721,35.214736],[-3.904836,35.21497],[-3.904943,35.215234],[-3.905065,35.215596],[-3.905101,35.21572],[-3.905074,35.215786],[-3.904929,35.216114],[-3.904858,35.216293],[-3.904792,35.216479],[-3.904743,35.216634],[-3.904854,35.217286],[-3.904879,35.217466],[-3.904898,35.21765],[-3.904916,35.21789],[-3.904935,35.218079],[-3.90496,35.21827],[-3.904989,35.218451],[-3.90499,35.218458],[-3.904991,35.218464],[-3.905019,35.218642],[-3.905045,35.218836],[-3.9051,35.219341],[-3.905068,35.219454],[-3.901366,35.231483],[-3.900197,35.23328],[-3.899985,35.233609],[-3.899773,35.233943],[-3.89956,35.234281],[-3.899347,35.234625],[-3.899133,35.234972],[-3.898919,35.235325],[-3.898882,35.235387],[-3.898717,35.235573],[-3.898517,35.235801],[-3.898317,35.236031],[-3.898116,35.236263],[-3.897915,35.236498],[-3.897714,35.236736],[-3.897513,35.236976],[-3.894649,35.240416],[-3.884372,35.244433],[-3.851169,35.264986],[-3.845877,35.265335],[-3.85137,35.255711],[-3.85175,35.255044],[-3.852126,35.254381],[-3.852498,35.253722],[-3.852867,35.253067],[-3.853233,35.252416],[-3.853503,35.251933],[-3.853813,35.251381],[-3.854121,35.250833],[-3.854429,35.250288],[-3.862719,35.235649],[-3.862993,35.235169],[-3.86328,35.234669],[-3.863329,35.234583],[-3.863429,35.234412],[-3.863697,35.233954],[-3.863965,35.2335],[-3.865616,35.230717],[-3.865834,35.230351],[-3.866052,35.229988],[-3.86627,35.229628],[-3.866486,35.229271],[-3.866877,35.228633],[-3.867117,35.228242],[-3.867357,35.227856],[-3.867596,35.227473],[-3.867835,35.227094],[-3.86921,35.224927],[-3.869425,35.224591],[-3.869639,35.224259],[-3.869853,35.223931],[-3.870066,35.223606],[-3.870082,35.223582],[-3.870279,35.223292],[-3.870483,35.222993],[-3.870687,35.222697],[-3.870891,35.222404],[-3.871299,35.221821],[-3.871493,35.221547],[-3.871687,35.221275],[-3.87188,35.221007],[-3.872072,35.220741],[-3.872083,35.220727],[-3.872137,35.220654],[-3.872361,35.220357],[-3.872584,35.220063],[-3.872806,35.219774],[-3.873541,35.218827],[-3.873731,35.218585],[-3.87392,35.218345],[-3.874109,35.218109],[-3.874298,35.217875],[-3.874486,35.217645],[-3.874537,35.217583],[-3.874732,35.217349],[-3.874927,35.217118],[-3.875121,35.216891],[-3.875315,35.216666],[-3.875508,35.216445],[-3.876015,35.215871],[-3.876213,35.215651],[-3.87641,35.215433],[-3.876499,35.215336],[-3.876603,35.215248],[-3.876799,35.215084],[-3.876854,35.215039],[-3.87692,35.214985]]],[[[-2.967263,35.284567],[-2.966527,35.284824],[-2.965265,35.285168],[-2.964949,35.287056],[-2.965351,35.287975],[-2.970943,35.288129],[-2.971007,35.292077],[-2.966327,35.304651],[-2.96091,35.314736],[-2.959438,35.316367],[-2.956387,35.317998],[-2.952205,35.320125],[-2.951739,35.320324],[-2.950878,35.320705],[-2.950775,35.320744],[-2.950412,35.320904],[-2.949982,35.321095],[-2.94981,35.321164],[-2.949139,35.321461],[-2.948883,35.32156],[-2.948441,35.321743],[-2.948042,35.321899],[-2.947687,35.322046],[-2.947202,35.322238],[-2.946933,35.322349],[-2.946361,35.322577],[-2.946178,35.322652],[-2.945602,35.322883],[-2.945499,35.323004],[-2.945315,35.323226],[-2.945131,35.323454],[-2.944947,35.323688],[-2.94485,35.323813],[-2.944763,35.323925],[-2.9447,35.324006],[-2.944578,35.324162],[-2.94455,35.324199],[-2.944399,35.324393],[-2.94209,35.327306],[-2.940398,35.329441],[-2.940098,35.329815],[-2.937531,35.332977],[-2.936179,35.334643],[-2.934773,35.336376],[-2.92648,35.339441],[-2.923687,35.340473],[-2.898166,35.349904],[-2.880906,35.320108],[-2.890738,35.312028],[-2.893475,35.30978],[-2.901682,35.303036],[-2.903527,35.30152],[-2.904039,35.301103],[-2.904545,35.300693],[-2.905046,35.300292],[-2.905541,35.299899],[-2.906031,35.299513],[-2.906515,35.299136],[-2.906993,35.298766],[-2.907065,35.298711],[-2.907466,35.298405],[-2.907933,35.298052],[-2.908394,35.297706],[-2.90885,35.297369],[-2.90995,35.296564],[-2.910365,35.296256],[-2.910773,35.29595],[-2.911171,35.295647],[-2.911561,35.295347],[-2.911942,35.295049],[-2.912314,35.294754],[-2.912677,35.294461],[-2.913032,35.294171],[-2.913378,35.293884],[-2.913715,35.293599],[-2.914043,35.293317],[-2.914363,35.293037],[-2.914674,35.29276],[-2.914976,35.292486],[-2.915269,35.292214],[-2.915554,35.291945],[-2.91583,35.291678],[-2.916097,35.291414],[-2.916355,35.291153],[-2.916605,35.290894],[-2.922323,35.28481],[-2.922435,35.284694],[-2.922459,35.28467],[-2.922607,35.284516],[-2.922755,35.284357],[-2.922901,35.284192],[-2.922983,35.284095],[-2.923046,35.284022],[-2.92319,35.283847],[-2.923333,35.283667],[-2.923475,35.283481],[-2.923786,35.28306],[-2.923711,35.282978],[-2.922896,35.27796],[-2.922939,35.277862],[-2.923028,35.277682],[-2.923122,35.277508],[-2.923222,35.277343],[-2.923327,35.277185],[-2.923772,35.276577],[-2.92387,35.276428],[-2.923961,35.276273],[-2.924044,35.276114],[-2.924121,35.275949],[-2.92419,35.275779],[-2.924252,35.275604],[-2.924306,35.275424],[-2.924353,35.275239],[-2.924393,35.275048],[-2.924426,35.274853],[-2.924451,35.274652],[-2.924469,35.274447],[-2.92448,35.274236],[-2.924484,35.27402],[-2.92448,35.273799],[-2.924469,35.273572],[-2.92446,35.27346],[-2.924596,35.273443],[-2.92485,35.273404],[-2.925095,35.273357],[-2.92533,35.273305],[-2.925555,35.273245],[-2.925771,35.273178],[-2.926418,35.272949],[-2.926429,35.272944],[-2.926597,35.272853],[-2.926756,35.272757],[-2.926907,35.272653],[-2.92705,35.272544],[-2.927178,35.272433],[-2.927184,35.272429],[-2.927311,35.272319],[-2.927318,35.272314],[-2.927444,35.272205],[-2.927453,35.272198],[-2.927577,35.272091],[-2.927587,35.272083],[-2.927651,35.272027],[-2.92771,35.271977],[-2.927721,35.271968],[-2.927842,35.271862],[-2.927855,35.271853],[-2.927975,35.271748],[-2.92799,35.271737],[-2.928108,35.271634],[-2.928123,35.271623],[-2.928141,35.271634],[-2.929124,35.272241],[-2.934426,35.269094],[-2.936194,35.268044],[-2.939664,35.267315],[-2.943185,35.266457],[-2.950913,35.265598],[-2.952492,35.26886],[-2.953751,35.271993],[-2.955486,35.273452],[-2.963214,35.278129],[-2.964266,35.27873],[-2.965055,35.279589],[-2.965685,35.280318],[-2.966422,35.280919],[-2.968367,35.281692],[-2.968104,35.284181],[-2.967263,35.284567]]],[[[-5.414825,35.91226],[-5.415123,35.911772],[-5.415569,35.911322],[-5.416136,35.911013],[-5.416193,35.911005],[-5.416719,35.91086],[-5.417196,35.910864],[-5.417292,35.910891],[-5.417692,35.910818],[-5.418106,35.910872],[-5.418268,35.910826],[-5.418867,35.910826],[-5.418922,35.910837],[-5.419367,35.910776],[-5.419739,35.910803],[-5.41983,35.91078],[-5.420551,35.91083],[-5.420626,35.91081],[-5.421362,35.910856],[-5.421421,35.910841],[-5.422216,35.910883],[-5.423016,35.911177],[-5.423397,35.911436],[-5.424894,35.912275],[-5.42506,35.912382],[-5.4261,35.913134],[-5.428322,35.914927],[-5.429189,35.915691],[-5.412588,35.918457],[-5.412601,35.918211],[-5.412775,35.917471],[-5.413099,35.916243],[-5.413357,35.915621],[-5.413359,35.915617],[-5.413694,35.914827],[-5.413721,35.91474],[-5.414032,35.91403],[-5.414045,35.913984],[-5.414434,35.913229],[-5.41448,35.913088],[-5.414669,35.912569],[-5.414757,35.912436],[-5.414825,35.91226]]],[[[-28.417747,42.423197],[-28.415302,42.423356],[-28.405517,42.423981],[-28.403072,42.424135],[-28.398179,42.424437],[-28.395734,42.424585],[-28.376152,42.425753],[-28.373706,42.425896],[-28.368811,42.426177],[-28.366364,42.426315],[-28.356569,42.426857],[-28.354122,42.42699],[-28.349225,42.42725],[-28.346777,42.427378],[-28.327177,42.428378],[-28.324729,42.428501],[-28.31983,42.42874],[-28.317381,42.428857],[-28.307578,42.429316],[-28.305129,42.429428],[-28.300228,42.429647],[-28.297778,42.429754],[-28.278163,42.430588],[-28.275714,42.43069],[-28.270811,42.430887],[-28.26836,42.430984],[-28.258551,42.431359],[-28.256099,42.43145],[-28.251195,42.431628],[-28.248744,42.431714],[-28.229117,42.432381],[-28.226666,42.432462],[-28.22176,42.432618],[-28.219308,42.432694],[-28.209493,42.432986],[-28.20704,42.433056],[-28.202134,42.433192],[-28.199682,42.433257],[-28.180045,42.433758],[-28.174662,42.433882],[-28.163893,42.434107],[-28.158509,42.434207],[-28.136964,42.434558],[-28.131565,42.434633],[-28.120762,42.434759],[-28.115331,42.434809],[-28.113453,42.434823],[-28.111569,42.434854],[-28.107943,42.43491],[-28.100751,42.435009],[-28.097156,42.435053],[-28.084904,42.435185],[-28.084199,42.435192],[-28.082787,42.435206],[-28.082082,42.435213],[-28.080559,42.435228],[-28.079197,42.43524],[-28.072992,42.435294],[-28.071005,42.435309],[-28.06703,42.435337],[-28.065043,42.435349],[-28.057652,42.435389],[-28.055805,42.435397],[-28.05211,42.435411],[-28.050264,42.435416],[-28.040386,42.435437],[-28.038551,42.435439],[-28.03488,42.435441],[-28.033045,42.435441],[-28.0257,42.435433],[-28.023865,42.43543],[-28.020193,42.43542],[-28.018358,42.435414],[-28.008534,42.435373],[-28.007927,42.43537],[-28.006712,42.435364],[-28.006105,42.435361],[-28.003674,42.435348],[-28.003066,42.435345],[-28.001851,42.435338],[-28.001245,42.435334],[-27.99142,42.435272],[-27.988341,42.435248],[-27.982183,42.435193],[-27.979104,42.435162],[-27.966787,42.435019],[-27.963709,42.434979],[-27.957551,42.434891],[-27.954473,42.434843],[-27.944653,42.434677],[-27.942204,42.434634],[-27.937305,42.434541],[-27.934856,42.434492],[-27.925057,42.434285],[-27.922597,42.434231],[-27.919724,42.434164],[-27.91558,42.43409],[-27.913335,42.434048],[-27.908889,42.433961],[-27.906667,42.433915],[-27.89782,42.433723],[-27.895604,42.433673],[-27.891171,42.433569],[-27.889092,42.433518],[-27.887647,42.433486],[-27.885444,42.433435],[-27.881056,42.433329],[-27.878863,42.433274],[-27.870107,42.433047],[-27.867919,42.432988],[-27.863542,42.432866],[-27.861354,42.432803],[-27.851534,42.43251],[-27.850307,42.432473],[-27.847853,42.432398],[-27.846627,42.432359],[-27.841718,42.432202],[-27.840491,42.432163],[-27.838037,42.432082],[-27.836811,42.432041],[-27.829826,42.431803],[-27.8286,42.431761],[-27.826149,42.431675],[-27.824923,42.431631],[-27.82002,42.431454],[-27.818795,42.431409],[-27.816344,42.431318],[-27.815119,42.431272],[-27.805312,42.430897],[-27.804087,42.430849],[-27.801637,42.430753],[-27.800412,42.430704],[-27.79551,42.430506],[-27.794286,42.430456],[-27.791836,42.430355],[-27.790612,42.430303],[-27.777981,42.429766],[-27.776756,42.429713],[-27.774305,42.429606],[-27.773079,42.429552],[-27.768175,42.429333],[-27.76695,42.429278],[-27.764499,42.429166],[-27.763274,42.429109],[-27.753467,42.42865],[-27.752242,42.428592],[-27.749791,42.428475],[-27.748566,42.428416],[-27.743664,42.428176],[-27.742439,42.428115],[-27.739988,42.427993],[-27.738764,42.427931],[-27.731783,42.427574],[-27.730559,42.427511],[-27.728111,42.427384],[-27.726888,42.427319],[-27.721991,42.427059],[-27.720767,42.426993],[-27.71832,42.42686],[-27.717097,42.426793],[-27.707304,42.426252],[-27.706082,42.426183],[-27.703635,42.426045],[-27.702412,42.425976],[-27.697518,42.425694],[-27.696295,42.425624],[-27.693849,42.42548],[-27.692627,42.425408],[-27.680022,42.424657],[-27.678799,42.424583],[-27.676352,42.424435],[-27.675129,42.42436],[-27.670234,42.424058],[-27.669011,42.423982],[-27.666564,42.423828],[-27.665341,42.423751],[-27.655552,42.423125],[-27.654329,42.423046],[-27.651883,42.422887],[-27.650661,42.422807],[-27.645768,42.422484],[-27.644545,42.422403],[-27.642099,42.422239],[-27.640877,42.422156],[-27.633905,42.421681],[-27.632684,42.421597],[-27.630241,42.421428],[-27.629019,42.421343],[-27.624132,42.420999],[-27.622911,42.420913],[-27.620468,42.420738],[-27.619248,42.42065],[-27.609475,42.419943],[-27.608255,42.419854],[-27.605813,42.419674],[-27.604593,42.419584],[-27.599709,42.419219],[-27.598489,42.419128],[-27.596048,42.418943],[-27.594829,42.41885],[-27.582256,42.417885],[-27.581036,42.417791],[-27.578594,42.417601],[-27.577374,42.417505],[-27.57249,42.41712],[-27.57127,42.417023],[-27.568829,42.416828],[-27.56761,42.41673],[-27.557844,42.415938],[-27.556624,42.415839],[-27.554184,42.415638],[-27.552964,42.415537],[-27.548083,42.415131],[-27.546864,42.415029],[-27.544424,42.414824],[-27.543205,42.41472],[-27.536247,42.414126],[-27.535028,42.414022],[-27.532591,42.413811],[-27.531373,42.413705],[-27.526498,42.413279],[-27.52528,42.413171],[-27.522843,42.412956],[-27.521626,42.412847],[-27.511879,42.411973],[-27.509417,42.41175],[-27.504492,42.411298],[-27.502031,42.411069],[-27.492184,42.410144],[-27.489718,42.40991],[-27.484783,42.409435],[-27.48406,42.409365],[-27.48316,42.40928],[-27.456351,42.406741],[-27.45166,42.406287],[-27.442281,42.405359],[-27.437595,42.404886],[-27.418848,42.402955],[-27.414165,42.402463],[-27.404801,42.40146],[-27.400122,42.400949],[-27.380702,42.398787],[-27.378277,42.398515],[-27.373426,42.397964],[-27.371002,42.397686],[-27.361302,42.396564],[-27.358879,42.396282],[-27.354032,42.395711],[-27.351611,42.395423],[-27.332228,42.393096],[-27.329807,42.392803],[-27.324966,42.392212],[-27.322546,42.391913],[-27.312865,42.390709],[-27.310447,42.390406],[-27.30561,42.389794],[-27.303194,42.389485],[-27.283849,42.386994],[-27.282827,42.386862],[-27.280781,42.386597],[-27.279758,42.386464],[-27.275663,42.385928],[-27.27464,42.385794],[-27.272593,42.385525],[-27.271783,42.385418],[-27.263382,42.384305],[-27.262789,42.384226],[-27.261611,42.384069],[-27.260919,42.383977],[-27.258222,42.383616],[-27.255803,42.38329],[-27.250975,42.382634],[-27.248562,42.382304],[-27.241492,42.381328],[-27.239726,42.381083],[-27.236193,42.38059],[-27.234428,42.380342],[-27.223314,42.378772],[-27.221926,42.378575],[-27.21915,42.37818],[-27.217763,42.377981],[-27.21221,42.377183],[-27.210824,42.376982],[-27.20805,42.37658],[-27.206664,42.376378],[-27.187406,42.37356],[-27.185002,42.373205],[-27.180192,42.37249],[-27.177788,42.37213],[-27.168172,42.37068],[-27.16577,42.370315],[-27.160966,42.369581],[-27.158566,42.369211],[-27.139354,42.366229],[-27.136956,42.365854],[-27.132158,42.365098],[-27.129761,42.364718],[-27.120168,42.363186],[-27.117772,42.362801],[-27.11298,42.362025],[-27.110587,42.361635],[-27.091425,42.35849],[-27.089033,42.358095],[-27.084247,42.357298],[-27.081856,42.356898],[-27.072289,42.355285],[-27.0699,42.354879],[-27.065121,42.354063],[-27.062734,42.353653],[-27.043624,42.350345],[-27.041239,42.349929],[-27.036466,42.349092],[-27.034082,42.348672],[-27.024542,42.346978],[-27.022159,42.346552],[-27.017394,42.345695],[-27.015013,42.345264],[-26.995959,42.341794],[-26.99358,42.341358],[-26.988822,42.340481],[-26.986444,42.34004],[-26.976932,42.338265],[-26.974556,42.337819],[-26.969805,42.336922],[-26.967432,42.336471],[-26.948435,42.33284],[-26.946063,42.332383],[-26.941319,42.331466],[-26.938949,42.331005],[-26.929467,42.329149],[-26.927098,42.328683],[-26.922362,42.327745],[-26.919996,42.327274],[-26.901059,42.323482],[-26.898695,42.323005],[-26.893966,42.322047],[-26.891604,42.321566],[-26.882152,42.31963],[-26.879791,42.319144],[-26.87507,42.318166],[-26.872712,42.317675],[-26.853838,42.313722],[-26.851482,42.313226],[-26.846769,42.312228],[-26.844414,42.311726],[-26.834994,42.30971],[-26.832642,42.309204],[-26.827937,42.308186],[-26.825587,42.307675],[-26.806777,42.303562],[-26.80443,42.303046],[-26.799733,42.302008],[-26.797387,42.301486],[-26.788,42.29939],[-26.785656,42.298864],[-26.780968,42.297806],[-26.778626,42.297275],[-26.759885,42.293003],[-26.757545,42.292467],[-26.752866,42.291389],[-26.750528,42.290848],[-26.741176,42.288672],[-26.73884,42.288126],[-26.73417,42.287028],[-26.731837,42.286477],[-26.713166,42.282046],[-26.710835,42.28149],[-26.706174,42.280373],[-26.703845,42.279812],[-26.694528,42.277557],[-26.692201,42.276991],[-26.687549,42.275854],[-26.685225,42.275283],[-26.666627,42.270693],[-26.664305,42.270118],[-26.659662,42.268961],[-26.657342,42.26838],[-26.648063,42.266046],[-26.645745,42.26546],[-26.641112,42.264284],[-26.638797,42.263693],[-26.620274,42.258946],[-26.617395,42.258204],[-26.61164,42.256712],[-26.608764,42.255962],[-26.597265,42.252947],[-26.594394,42.252189],[-26.588653,42.250667],[-26.585786,42.249902],[-26.562847,42.243749],[-26.560161,42.243025],[-26.554791,42.241569],[-26.552282,42.240886],[-26.543009,42.238347],[-26.536876,42.236709],[-26.534656,42.236114],[-26.530278,42.234936],[-26.52809,42.234344],[-26.51936,42.231974],[-26.517296,42.231412],[-26.51282,42.230186],[-26.510641,42.229587],[-26.493075,42.224737],[-26.492265,42.224513],[-26.490944,42.224147],[-26.490273,42.223961],[-26.487305,42.223136],[-26.486562,42.22293],[-26.485078,42.222517],[-26.484336,42.22231],[-26.478324,42.22063],[-26.476076,42.22],[-26.47158,42.218734],[-26.469335,42.218098],[-26.460503,42.21559],[-26.458297,42.214961],[-26.453887,42.213698],[-26.451684,42.213064],[-26.439818,42.209638],[-26.438337,42.209209],[-26.435374,42.208348],[-26.433893,42.207917],[-26.42797,42.206188],[-26.426491,42.205755],[-26.423533,42.204887],[-26.422056,42.204452],[-26.403861,42.199081],[-26.401591,42.198408],[-26.397049,42.197056],[-26.39478,42.196377],[-26.385706,42.193654],[-26.38344,42.192971],[-26.378909,42.1916],[-26.376646,42.190912],[-26.358539,42.185387],[-26.35628,42.184694],[-26.35176,42.183304],[-26.349502,42.182606],[-26.340472,42.179806],[-26.338217,42.179103],[-26.333709,42.177694],[-26.331458,42.176987],[-26.31344,42.171308],[-26.311192,42.170597],[-26.306695,42.169168],[-26.304449,42.168452],[-26.295464,42.165574],[-26.293221,42.164853],[-26.288735,42.163405],[-26.286495,42.16268],[-26.268571,42.156848],[-26.266334,42.156117],[-26.26186,42.154651],[-26.259625,42.153915],[-26.250688,42.150962],[-26.248456,42.150221],[-26.243994,42.148736],[-26.241766,42.147991],[-26.223936,42.142008],[-26.221711,42.141258],[-26.217261,42.139753],[-26.215038,42.138999],[-26.206149,42.13597],[-26.203929,42.135211],[-26.199491,42.133687],[-26.197275,42.132923],[-26.179542,42.126789],[-26.177329,42.126021],[-26.172904,42.124478],[-26.170693,42.123705],[-26.161853,42.120601],[-26.159645,42.119823],[-26.155232,42.118262],[-26.153029,42.117479],[-26.135395,42.111195],[-26.133195,42.110407],[-26.128794,42.108828],[-26.126596,42.108036],[-26.117806,42.104856],[-26.115611,42.10406],[-26.111224,42.102461],[-26.109032,42.10166],[-26.091501,42.095226],[-26.089313,42.09442],[-26.084939,42.092803],[-26.082753,42.091993],[-26.074014,42.088739],[-26.071833,42.087924],[-26.067471,42.086288],[-26.065293,42.085468],[-26.047865,42.078886],[-26.04569,42.078062],[-26.041342,42.076408],[-26.03917,42.075578],[-26.030483,42.072251],[-26.028315,42.071417],[-26.023979,42.069745],[-26.021814,42.068906],[-26.004493,42.062177],[-26.002332,42.061334],[-25.99801,42.059643],[-25.995851,42.058795],[-25.987219,42.055394],[-25.985064,42.054542],[-25.980755,42.052833],[-25.978604,42.051976],[-25.961391,42.0451],[-25.959244,42.044239],[-25.954949,42.042511],[-25.952804,42.041645],[-25.944226,42.038171],[-25.942085,42.037301],[-25.937804,42.035555],[-25.935666,42.03468],[-25.918565,42.027658],[-25.916431,42.026779],[-25.912164,42.025015],[-25.910033,42.024131],[-25.901512,42.020584],[-25.899384,42.019696],[-25.895131,42.017914],[-25.893008,42.017021],[-25.876019,42.009854],[-25.8739,42.008957],[-25.869661,42.007157],[-25.867544,42.006255],[-25.85908,42.002636],[-25.856967,42.001729],[-25.852743,41.999911],[-25.850633,41.999],[-25.83376,41.99169],[-25.831749,41.990816],[-25.827446,41.988939],[-25.825343,41.988019],[-25.816937,41.984328],[-25.816183,41.983996],[-25.814674,41.983333],[-25.812576,41.982406],[-25.80989,41.981217],[-25.808549,41.980621],[-25.79167,41.973113],[-25.790928,41.972783],[-25.789812,41.972285],[-25.789224,41.972023],[-25.78805,41.971499],[-25.787463,41.971237],[-25.785938,41.970555],[-25.784921,41.9701],[-25.77985,41.967827],[-25.775964,41.96683],[-25.773651,41.96626],[-25.755142,41.961672],[-25.752831,41.961097],[-25.748211,41.95994],[-25.745902,41.95936],[-25.736667,41.957027],[-25.734361,41.956442],[-25.729749,41.955266],[-25.727445,41.954676],[-25.709011,41.94993],[-25.70588,41.949119],[-25.699621,41.947488],[-25.696495,41.946668],[-25.683992,41.943368],[-25.68087,41.942539],[-25.674629,41.940872],[-25.671512,41.940034],[-25.646577,41.933289],[-25.64416,41.932632],[-25.639326,41.931312],[-25.637718,41.930871],[-25.636911,41.930649],[-25.627251,41.927986],[-25.626258,41.927712],[-25.62427,41.927162],[-25.61981,41.925917],[-25.612882,41.923968],[-25.609421,41.922988],[-25.602018,41.920878],[-25.601151,41.920635],[-25.599945,41.920296],[-25.597563,41.919625],[-25.596372,41.919289],[-25.592032,41.918062],[-25.590944,41.917754],[-25.58877,41.917136],[-25.587683,41.916827],[-25.584824,41.916012],[-25.583816,41.915724],[-25.582136,41.915244],[-25.581129,41.914956],[-25.574289,41.912996],[-25.573155,41.91267],[-25.570886,41.912017],[-25.569753,41.91169],[-25.565217,41.910379],[-25.564084,41.910051],[-25.561819,41.909393],[-25.560687,41.909064],[-25.551626,41.906423],[-25.550495,41.906093],[-25.548232,41.90543],[-25.547101,41.905099],[-25.542576,41.903769],[-25.541446,41.903436],[-25.539186,41.902768],[-25.538057,41.902435],[-25.5266,41.899038],[-25.525468,41.898702],[-25.523203,41.898027],[-25.522071,41.89769],[-25.517578,41.896201],[-25.516442,41.895879],[-25.51418,41.895206],[-25.513047,41.894875],[-25.505418,41.892647],[-25.503979,41.892216],[-25.502849,41.891876],[-25.500588,41.891197],[-25.499458,41.890857],[-25.494936,41.889495],[-25.493806,41.889154],[-25.491547,41.888472],[-25.490419,41.888127],[-25.483794,41.886076],[-25.482671,41.885728],[-25.480426,41.885031],[-25.479303,41.884682],[-25.477148,41.884012],[-25.47482,41.88327],[-25.473701,41.882913],[-25.471462,41.882198],[-25.470344,41.881841],[-25.461338,41.879141],[-25.460218,41.878791],[-25.457976,41.87809],[-25.456856,41.87774],[-25.452375,41.876333],[-25.451256,41.87598],[-25.449018,41.875275],[-25.4479,41.874922],[-25.436576,41.871338],[-25.435455,41.870982],[-25.433212,41.870269],[-25.432091,41.869912],[-25.427607,41.868482],[-25.426487,41.868124],[-25.424247,41.867406],[-25.423128,41.867047],[-25.41417,41.864166],[-25.413051,41.863805],[-25.410814,41.863083],[-25.409696,41.862721],[-25.405223,41.861271],[-25.404106,41.860908],[-25.401871,41.860181],[-25.400755,41.859817],[-25.394169,41.857666],[-25.393057,41.857301],[-25.390832,41.856572],[-25.38972,41.856207],[-25.385273,41.854742],[-25.384162,41.854376],[-25.381941,41.853641],[-25.380831,41.853274],[-25.371947,41.850326],[-25.370838,41.849957],[-25.368619,41.849218],[-25.367511,41.848848],[-25.363076,41.847365],[-25.361968,41.846994],[-25.359752,41.846251],[-25.358646,41.845878],[-25.34746,41.842109],[-25.34627,41.841707],[-25.343891,41.840902],[-25.342702,41.840499],[-25.337946,41.838883],[-25.336758,41.838479],[-25.334382,41.837668],[-25.333195,41.837262],[-25.323695,41.834008],[-25.322509,41.833601],[-25.320137,41.832785],[-25.318951,41.832376],[-25.314209,41.830738],[-25.313024,41.830328],[-25.310655,41.829507],[-25.309471,41.829096],[-25.302938,41.826821],[-25.301959,41.82648],[-25.299999,41.825795],[-25.29902,41.825453],[-25.295103,41.82408],[-25.294124,41.823737],[-25.292168,41.823049],[-25.29119,41.822704],[-25.283365,41.819943],[-25.281258,41.819197],[-25.277045,41.817701],[-25.274941,41.816951],[-25.266526,41.81394],[-25.264419,41.813183],[-25.259998,41.81159],[-25.259235,41.811316],[-25.23455,41.802469],[-25.230243,41.800914],[-25.221641,41.797786],[-25.217346,41.796214],[-25.200186,41.789885],[-25.195904,41.788295],[-25.18735,41.785095],[-25.18308,41.783487],[-25.165732,41.776908],[-25.163567,41.776084],[-25.159239,41.77443],[-25.157077,41.773601],[-25.14843,41.770275],[-25.146271,41.769442],[-25.141956,41.76777],[-25.139801,41.766932],[-25.122559,41.760205],[-25.120408,41.759363],[-25.116106,41.757672],[-25.113957,41.756825],[-25.105364,41.753425],[-25.103218,41.752573],[-25.09893,41.750865],[-25.096788,41.750009],[-25.079654,41.743135],[-25.077516,41.742275],[-25.073241,41.740548],[-25.071106,41.739682],[-25.062567,41.736209],[-25.060436,41.735339],[-25.056174,41.733594],[-25.054047,41.73272],[-25.037023,41.725701],[-25.034899,41.724822],[-25.030651,41.723059],[-25.02853,41.722175],[-25.020047,41.71863],[-25.017929,41.717741],[-25.013696,41.71596],[-25.011582,41.715068],[-24.994671,41.707904],[-24.992561,41.707007],[-24.988342,41.705208],[-24.986235,41.704306],[-24.977808,41.700688],[-24.975705,41.699782],[-24.9715,41.697965],[-24.9694,41.697055],[-24.952604,41.689747],[-24.950521,41.688838],[-24.946318,41.686997],[-24.944225,41.686077],[-24.935857,41.682388],[-24.935046,41.68203],[-24.933426,41.681314],[-24.931337,41.680388],[-24.928782,41.679252],[-24.927507,41.678683],[-24.910694,41.671173],[-24.909896,41.670816],[-24.908696,41.670279],[-24.908107,41.670015],[-24.906928,41.669487],[-24.906339,41.669223],[-24.904887,41.66857],[-24.90392,41.668136],[-24.899046,41.665942],[-24.896968,41.665004],[-24.892814,41.663122],[-24.89074,41.66218],[-24.882446,41.658399],[-24.880375,41.657452],[-24.876237,41.655553],[-24.87417,41.654602],[-24.862321,41.649131],[-24.860843,41.648446],[-24.857886,41.647074],[-24.856409,41.646388],[-24.850501,41.643634],[-24.849026,41.642945],[-24.846077,41.641565],[-24.844605,41.640874],[-24.828165,41.633141],[-24.826114,41.632173],[-24.822013,41.630232],[-24.819965,41.629259],[-24.811777,41.625358],[-24.809733,41.624381],[-24.805647,41.622423],[-24.803607,41.621442],[-24.78729,41.613569],[-24.785255,41.612584],[-24.781185,41.610607],[-24.779153,41.609617],[-24.771026,41.605647],[-24.768998,41.604653],[-24.764943,41.602659],[-24.762919,41.601661],[-24.746727,41.59365],[-24.744691,41.592639],[-24.74062,41.590612],[-24.738587,41.589596],[-24.730458,41.585524],[-24.728426,41.584502],[-24.724363,41.582454],[-24.722362,41.581442],[-24.717486,41.578968],[-24.714459,41.577443],[-24.712394,41.576399],[-24.696278,41.568224],[-24.694267,41.567201],[-24.690248,41.565149],[-24.688241,41.564122],[-24.680216,41.56],[-24.678213,41.558968],[-24.67421,41.556899],[-24.672211,41.555864],[-24.656277,41.547578],[-24.654289,41.546542],[-24.650316,41.544462],[-24.648331,41.543421],[-24.640398,41.539245],[-24.638418,41.5382],[-24.63446,41.536104],[-24.632485,41.535054],[-24.616682,41.526634],[-24.614711,41.52558],[-24.61077,41.523467],[-24.608802,41.522409],[-24.600935,41.518166],[-24.598971,41.517103],[-24.595047,41.514974],[-24.593088,41.513908],[-24.577418,41.505353],[-24.575464,41.504282],[-24.571556,41.502136],[-24.569605,41.501061],[-24.561805,41.496751],[-24.559858,41.495672],[-24.555968,41.493509],[-24.554025,41.492427],[-24.538491,41.483739],[-24.536553,41.482652],[-24.53268,41.480472],[-24.530746,41.479381],[-24.523014,41.475004],[-24.521084,41.473909],[-24.517228,41.471713],[-24.515303,41.470614],[-24.499905,41.461794],[-24.497985,41.46069],[-24.494146,41.458478],[-24.492229,41.45737],[-24.484566,41.452928],[-24.482654,41.451816],[-24.478832,41.449588],[-24.476924,41.448472],[-24.461666,41.439522],[-24.459763,41.438402],[-24.455959,41.436157],[-24.454059,41.435033],[-24.446466,41.430526],[-24.444571,41.429397],[-24.440784,41.427136],[-24.438894,41.426005],[-24.423777,41.416925],[-24.421892,41.415789],[-24.418123,41.413511],[-24.416241,41.412371],[-24.408719,41.4078],[-24.406842,41.406655],[-24.403091,41.404362],[-24.401218,41.403214],[-24.386244,41.394006],[-24.384376,41.392854],[-24.380643,41.390545],[-24.37878,41.389389],[-24.371329,41.384753],[-24.36947,41.383593],[-24.365755,41.381268],[-24.363901,41.380104],[-24.349071,41.370769],[-24.347222,41.369601],[-24.343525,41.36726],[-24.341679,41.366088],[-24.334302,41.36139],[-24.332461,41.360214],[-24.328773,41.357851],[-24.326946,41.356678],[-24.312263,41.347217],[-24.311078,41.346451],[-24.308708,41.344918],[-24.307072,41.343857],[-24.306167,41.343269],[-24.305716,41.342976],[-24.29918,41.33872],[-24.297356,41.337529],[-24.293711,41.335142],[-24.291853,41.333922],[-24.290723,41.333177],[-24.275625,41.32322],[-24.274419,41.322424],[-24.272409,41.321095],[-24.271204,41.320297],[-24.267789,41.318033],[-24.265976,41.316828],[-24.262356,41.314414],[-24.260549,41.313205],[-24.253326,41.308361],[-24.251524,41.307149],[-24.247923,41.30472],[-24.246141,41.303515],[-24.241145,41.300126],[-24.238722,41.298519],[-24.236909,41.297313],[-24.233286,41.294897],[-24.231477,41.293688],[-24.22425,41.28884],[-24.222446,41.287626],[-24.218842,41.285195],[-24.217044,41.283978],[-24.205879,41.276402],[-24.204487,41.275455],[-24.201703,41.273557],[-24.200312,41.272608],[-24.194754,41.268802],[-24.193367,41.26785],[-24.190594,41.265943],[-24.18921,41.264989],[-24.174981,41.255159],[-24.173207,41.253929],[-24.16966,41.251465],[-24.16789,41.250231],[-24.160815,41.245286],[-24.159049,41.244048],[-24.155522,41.241569],[-24.153761,41.240328],[-24.139686,41.230377],[-24.13793,41.229132],[-24.134422,41.226637],[-24.132671,41.225389],[-24.125673,41.220384],[-24.123927,41.219131],[-24.120438,41.216622],[-24.118697,41.215366],[-24.104776,41.205295],[-24.10304,41.204036],[-24.099571,41.201511],[-24.09784,41.200248],[-24.090919,41.195183],[-24.089193,41.193916],[-24.085743,41.191377],[-24.084022,41.190107],[-24.070258,41.179918],[-24.068541,41.178643],[-24.065112,41.17609],[-24.0634,41.174812],[-24.056558,41.169688],[-24.054851,41.168406],[-24.051441,41.165838],[-24.049739,41.164553],[-24.036133,41.154248],[-24.034437,41.152959],[-24.031047,41.150376],[-24.029355,41.149083],[-24.022593,41.143902],[-24.020906,41.142606],[-24.017535,41.140009],[-24.015853,41.138709],[-24.002408,41.128288],[-24.000731,41.126985],[-23.997381,41.124373],[-23.995709,41.123066],[-23.989028,41.117828],[-23.987361,41.116517],[-23.984031,41.113891],[-23.982369,41.112578],[-23.969085,41.102043],[-23.967428,41.100725],[-23.964119,41.098085],[-23.962467,41.096764],[-23.955866,41.091469],[-23.95422,41.090144],[-23.95093,41.08749],[-23.949289,41.086162],[-23.936168,41.075515],[-23.934532,41.074183],[-23.931263,41.071515],[-23.929632,41.07018],[-23.923113,41.064829],[-23.921487,41.06349],[-23.918239,41.060808],[-23.916618,41.059467],[-23.903661,41.048708],[-23.902018,41.04748],[-23.885563,41.043632],[-23.883276,41.043077],[-23.878702,41.041962],[-23.876417,41.041402],[-23.867275,41.039151],[-23.864992,41.038586],[-23.860427,41.037451],[-23.858147,41.036881],[-23.839897,41.0323],[-23.837619,41.031725],[-23.833063,41.030571],[-23.830787,41.029991],[-23.821681,41.027661],[-23.819407,41.027077],[-23.81486,41.025902],[-23.812589,41.025313],[-23.794413,41.020574],[-23.79212,41.019973],[-23.787533,41.018766],[-23.785242,41.01816],[-23.776076,41.015726],[-23.77378,41.015113],[-23.769079,41.013853],[-23.768236,41.013628],[-23.765937,41.013015],[-23.761366,41.01179],[-23.759082,41.011176],[-23.740922,41.006264],[-23.738655,41.005648],[-23.734122,41.004411],[-23.731857,41.00379],[-23.722798,41.001296],[-23.720535,41.00067],[-23.716012,40.999413],[-23.715193,40.999185],[-23.713752,40.998783],[-23.695731,40.993731],[-23.695024,40.993533],[-23.693646,40.993145],[-23.692766,40.992897],[-23.689334,40.991929],[-23.688518,40.991699],[-23.686916,40.991245],[-23.686112,40.991017],[-23.679436,40.989122],[-23.67861,40.988887],[-23.676335,40.988238],[-23.671842,40.98695],[-23.669598,40.986304],[-23.661183,40.983871],[-23.659081,40.983261],[-23.654879,40.982037],[-23.652779,40.981422],[-23.64125,40.978036],[-23.639811,40.977612],[-23.636932,40.976761],[-23.635493,40.976335],[-23.629738,40.974626],[-23.628301,40.974198],[-23.625427,40.97334],[-23.623992,40.97291],[-23.606134,40.967549],[-23.603904,40.966876],[-23.599444,40.965526],[-23.597216,40.964848],[-23.588304,40.962128],[-23.586079,40.961446],[-23.581629,40.960076],[-23.579407,40.959389],[-23.561625,40.95387],[-23.559405,40.953179],[-23.554967,40.95179],[-23.552749,40.951093],[-23.543881,40.948295],[-23.541666,40.947594],[-23.537238,40.946186],[-23.535026,40.94548],[-23.517608,40.939896],[-23.500663,40.934464],[-23.498457,40.933754],[-23.494045,40.932328],[-23.491841,40.931613],[-23.483026,40.928742],[-23.480825,40.928022],[-23.476425,40.926577],[-23.474227,40.925853],[-23.456643,40.920035],[-23.454448,40.919306],[-23.45006,40.917842],[-23.447868,40.917108],[-23.439099,40.914161],[-23.43691,40.913423],[-23.432533,40.91194],[-23.430347,40.911197],[-23.412846,40.905224],[-23.410662,40.904476],[-23.406295,40.902974],[-23.404113,40.90222],[-23.395387,40.899197],[-23.393209,40.898439],[-23.388853,40.896918],[-23.386677,40.896156],[-23.369272,40.890032],[-23.3671,40.889265],[-23.362756,40.887725],[-23.360586,40.886953],[-23.351908,40.883854],[-23.349742,40.883077],[-23.34541,40.881519],[-23.343247,40.880738],[-23.325938,40.874464],[-23.323778,40.873678],[-23.319459,40.872101],[-23.317301,40.87131],[-23.308673,40.868136],[-23.306518,40.867341],[-23.302211,40.865745],[-23.30006,40.864946],[-23.282851,40.858523],[-23.280703,40.857718],[-23.276409,40.856104],[-23.274264,40.855295],[-23.265686,40.852046],[-23.263544,40.851232],[-23.259262,40.8496],[-23.257124,40.848781],[-23.240016,40.84221],[-23.237881,40.841387],[-23.233612,40.839736],[-23.23148,40.838908],[-23.222953,40.835586],[-23.220824,40.834754],[-23.216568,40.833084],[-23.214443,40.832247],[-23.197439,40.825529],[-23.195317,40.824687],[-23.191074,40.822999],[-23.188955,40.822153],[-23.18048,40.818757],[-23.178364,40.817907],[-23.174135,40.8162],[-23.172023,40.815345],[-23.155125,40.80848],[-23.153016,40.807621],[-23.1488,40.805896],[-23.146694,40.805032],[-23.138273,40.801563],[-23.136171,40.800694],[-23.131968,40.798951],[-23.129869,40.798078],[-23.113079,40.791068],[-23.110985,40.79019],[-23.106796,40.788429],[-23.104703,40.787546],[-23.096337,40.784005],[-23.094248,40.783118],[-23.090073,40.781339],[-23.087988,40.780448],[-23.071308,40.773293],[-23.069227,40.772397],[-23.065066,40.7706],[-23.062988,40.769699],[-23.054677,40.766086],[-23.052602,40.765181],[-23.048455,40.763366],[-23.046384,40.762457],[-23.029817,40.755158],[-23.02775,40.754244],[-23.023407,40.752318],[-23.021553,40.751493],[-23.013299,40.747808],[-23.012321,40.747371],[-23.010366,40.746495],[-23.008306,40.74557],[-23.006143,40.744595],[-23.005063,40.744107],[-22.98845,40.736593],[-22.987485,40.736156],[-22.986035,40.735499],[-22.985439,40.735228],[-22.984247,40.734687],[-22.983651,40.734416],[-22.98242,40.733856],[-22.9816,40.733482],[-22.976698,40.731248],[-22.974201,40.730106],[-22.969213,40.727814],[-22.966722,40.726665],[-22.956766,40.722056],[-22.95428,40.720901],[-22.949314,40.718584],[-22.946835,40.717422],[-22.931734,40.710321],[-22.92985,40.709432],[-22.926084,40.70765],[-22.924202,40.706758],[-22.916679,40.703178],[-22.914801,40.702281],[-22.911048,40.700485],[-22.909174,40.699585],[-22.88596,40.688405],[-22.883725,40.687325],[-22.879256,40.685157],[-22.877025,40.684071],[-22.868103,40.679713],[-22.865875,40.678621],[-22.861425,40.676432],[-22.859203,40.675335],[-22.841431,40.666533],[-22.839214,40.66543],[-22.834782,40.66322],[-22.832569,40.662112],[-22.823721,40.657668],[-22.821513,40.656555],[-22.8171,40.654324],[-22.814896,40.653206],[-22.801613,40.646442],[-22.79997,40.645603],[-22.796683,40.643921],[-22.795042,40.643078],[-22.788478,40.639701],[-22.786839,40.638856],[-22.783564,40.637162],[-22.781928,40.636315],[-22.768842,40.629513],[-22.76721,40.628662],[-22.763945,40.626957],[-22.762314,40.626103],[-22.755794,40.622679],[-22.754167,40.621822],[-22.750913,40.620105],[-22.749288,40.619245],[-22.736396,40.612406],[-22.734787,40.611551],[-22.731571,40.609836],[-22.729964,40.608977],[-22.723541,40.605536],[-22.721937,40.604674],[-22.718732,40.602948],[-22.717131,40.602084],[-22.704326,40.595154],[-22.702728,40.594287],[-22.699534,40.59255],[-22.697939,40.59168],[-22.691559,40.588192],[-22.689966,40.587319],[-22.686783,40.585571],[-22.685193,40.584695],[-22.672477,40.577675],[-22.670891,40.576796],[-22.667718,40.575036],[-22.666134,40.574155],[-22.659799,40.570623],[-22.658218,40.569738],[-22.655056,40.567967],[-22.653478,40.567081],[-22.640851,40.55997],[-22.639276,40.55908],[-22.636126,40.557298],[-22.634553,40.556405],[-22.628263,40.552828],[-22.626693,40.551933],[-22.623554,40.550139],[-22.621987,40.549241],[-22.609451,40.542041],[-22.607887,40.541141],[-22.60476,40.539336],[-22.603199,40.538432],[-22.596954,40.53481],[-22.595396,40.533904],[-22.59228,40.532088],[-22.590724,40.531179],[-22.578309,40.523839],[-22.576749,40.52294],[-22.575772,40.522377],[-22.573638,40.521126],[-22.572086,40.520215],[-22.565878,40.516566],[-22.564332,40.515646],[-22.561247,40.513796],[-22.559706,40.512871],[-22.550504,40.507337],[-22.547399,40.505425],[-22.545859,40.504503],[-22.542812,40.502604],[-22.541282,40.501667],[-22.535028,40.498112],[-22.533492,40.497183],[-22.530423,40.495324],[-22.528891,40.494393],[-22.516633,40.486928],[-22.515104,40.485995],[-22.512047,40.484124],[-22.51052,40.483188],[-22.504415,40.479434],[-22.502892,40.478495],[-22.499846,40.476613],[-22.498326,40.475672],[-22.486163,40.468121],[-22.484645,40.467176],[-22.481612,40.465284],[-22.480097,40.464337],[-22.47404,40.46054],[-22.472528,40.45959],[-22.469507,40.457687],[-22.467998,40.456735],[-22.455931,40.449098],[-22.454426,40.448142],[-22.451416,40.446229],[-22.449913,40.445271],[-22.443905,40.441431],[-22.442405,40.44047],[-22.439407,40.438546],[-22.437911,40.437583],[-22.425941,40.429861],[-22.424448,40.428895],[-22.421462,40.42696],[-22.420845,40.426559],[-22.419972,40.425991],[-22.414012,40.422109],[-22.412524,40.421138],[-22.409551,40.419192],[-22.408066,40.418218],[-22.396134,40.410372],[-22.395076,40.409675],[-22.393078,40.408356],[-22.392079,40.407696],[-22.387967,40.404974],[-22.386489,40.403993],[-22.383536,40.402029],[-22.382061,40.401046],[-22.380262,40.399844],[-22.379813,40.399544],[-22.378916,40.398943],[-22.378467,40.398643],[-22.366568,40.390667],[-22.365808,40.390157],[-22.36454,40.389306],[-22.36378,40.388795],[-22.361624,40.387346],[-22.359998,40.386249],[-22.356749,40.384053],[-22.355127,40.382953],[-22.348643,40.378547],[-22.347025,40.377445],[-22.343792,40.375236],[-22.342178,40.374131],[-22.331282,40.366649],[-22.329923,40.365713],[-22.327206,40.363839],[-22.325849,40.362901],[-22.320424,40.359143],[-22.31907,40.358202],[-22.316364,40.356319],[-22.315014,40.355377],[-22.300964,40.345556],[-22.299212,40.344328],[-22.29571,40.341866],[-22.293962,40.340633],[-22.286976,40.335693],[-22.285233,40.334457],[-22.28175,40.33198],[-22.280012,40.33074],[-22.266113,40.320798],[-22.264379,40.319555],[-22.260916,40.317063],[-22.259187,40.315815],[-22.252276,40.310815],[-22.250552,40.309564],[-22.247107,40.307057],[-22.245388,40.305802],[-22.231641,40.295741],[-22.229927,40.294483],[-22.226502,40.291961],[-22.224792,40.290699],[-22.217958,40.285639],[-22.216253,40.284373],[-22.212846,40.281837],[-22.211146,40.280567],[-22.197554,40.270388],[-22.195859,40.269115],[-22.192472,40.266564],[-22.190781,40.265287],[-22.184025,40.260168],[-22.182339,40.258888],[-22.178971,40.256322],[-22.177291,40.255038],[-22.163854,40.244742],[-22.162179,40.243454],[-22.158831,40.240874],[-22.15716,40.239582],[-22.150482,40.234406],[-22.148815,40.233111],[-22.145487,40.230516],[-22.143826,40.229218],[-22.130547,40.218806],[-22.128891,40.217504],[-22.125582,40.214895],[-22.123931,40.213589],[-22.117332,40.208356],[-22.115685,40.207046],[-22.112396,40.204423],[-22.110755,40.20311],[-22.097635,40.192585],[-22.095999,40.191269],[-22.09273,40.188631],[-22.091099,40.187311],[-22.084579,40.182021],[-22.082953,40.180697],[-22.079704,40.178046],[-22.078083,40.176719],[-22.065123,40.166081],[-22.063507,40.164751],[-22.060278,40.162085],[-22.058667,40.160751],[-22.052228,40.155405],[-22.050622,40.154067],[-22.047413,40.151388],[-22.045812,40.150047],[-22.033014,40.139298],[-22.027885,40.13495],[-22.017677,40.126218],[-22.015649,40.124468],[-22.012852,40.122098],[-22.010418,40.120027],[-22.005595,40.115906],[-22.00319,40.113842],[-21.99985,40.110964],[-21.997961,40.10933],[-21.994189,40.106057],[-21.992307,40.104419],[-21.986045,40.098948],[-21.984863,40.097913],[-21.9825,40.095839],[-21.98132,40.094802],[-21.972702,40.087206],[-21.968966,40.083891],[-21.968135,40.08315],[-21.956974,40.073305],[-21.95145,40.068384],[-21.939146,40.057309],[-21.937612,40.055924],[-21.934548,40.05315],[-21.933019,40.051762],[-21.92691,40.046199],[-21.925386,40.044807],[-21.922342,40.04202],[-21.920824,40.040625],[-21.908688,40.029445],[-21.907175,40.028047],[-21.904153,40.025247],[-21.903143,40.024309],[-21.902644,40.023845],[-21.896619,40.01823],[-21.895116,40.016825],[-21.892115,40.014011],[-21.890618,40.012604],[-21.878551,40.001226],[-21.878051,40.000754],[-21.876971,39.999733],[-21.875214,39.998067],[-21.874337,39.997234],[-21.870031,39.99314],[-21.868546,39.991724],[-21.865581,39.988887],[-21.864101,39.987467],[-21.862466,39.985895],[-21.862058,39.985502],[-21.861242,39.984716],[-21.860835,39.984324],[-21.848906,39.972809],[-21.848114,39.972043],[-21.846791,39.970763],[-21.845997,39.969995],[-21.843749,39.967816],[-21.842281,39.966389],[-21.839351,39.963531],[-21.837888,39.962101],[-21.832048,39.956373],[-21.830592,39.95494],[-21.827683,39.952071],[-21.826232,39.950635],[-21.816722,39.941198],[-21.815537,39.940019],[-21.813168,39.937657],[-21.811985,39.936475],[-21.807261,39.93174],[-21.806082,39.930557],[-21.803728,39.928186],[-21.802553,39.927001],[-21.791101,39.915413],[-21.789673,39.913964],[-21.786822,39.911062],[-21.7854,39.90961],[-21.779718,39.903792],[-21.778301,39.902337],[-21.775471,39.899423],[-21.77406,39.897965],[-21.762782,39.886279],[-21.761376,39.884819],[-21.758569,39.881892],[-21.757168,39.880428],[-21.751573,39.874561],[-21.750178,39.873094],[-21.747392,39.870156],[-21.746003,39.868686],[-21.7349,39.856903],[-21.733517,39.85543],[-21.730753,39.85248],[-21.729374,39.851003],[-21.723868,39.845089],[-21.722495,39.84361],[-21.719753,39.840648],[-21.718385,39.839166],[-21.707459,39.827288],[-21.706098,39.825803],[-21.703378,39.822829],[-21.702022,39.821341],[-21.696604,39.815379],[-21.695253,39.813888],[-21.692555,39.810903],[-21.69121,39.809409],[-21.680462,39.797438],[-21.679122,39.795941],[-21.676447,39.792944],[-21.675113,39.791444],[-21.669784,39.785436],[-21.668455,39.783934],[-21.665803,39.780925],[-21.66448,39.77942],[-21.65391,39.767357],[-21.652593,39.765849],[-21.649963,39.762828],[-21.648651,39.761317],[-21.643412,39.755263],[-21.642106,39.753749],[-21.639498,39.750718],[-21.638198,39.749201],[-21.627808,39.737048],[-21.626514,39.735529],[-21.623929,39.732486],[-21.622639,39.730963],[-21.61749,39.724865],[-21.616207,39.72334],[-21.613644,39.720286],[-21.612366,39.718758],[-21.602158,39.706515],[-21.600886,39.704985],[-21.598346,39.70192],[-21.59708,39.700387],[-21.592021,39.694244],[-21.59076,39.692708],[-21.588243,39.689632],[-21.586988,39.688094],[-21.576962,39.675764],[-21.575713,39.674222],[-21.573219,39.671136],[-21.571975,39.669591],[-21.567008,39.663406],[-21.56577,39.661859],[-21.563298,39.658761],[-21.562066,39.657212],[-21.552223,39.644796],[-21.550997,39.643244],[-21.548549,39.640136],[-21.547328,39.638581],[-21.542453,39.632353],[-21.541238,39.630795],[-21.538812,39.627677],[-21.537603,39.626117],[-21.527944,39.613617],[-21.526741,39.612055],[-21.524339,39.608926],[-21.523141,39.60736],[-21.518358,39.60109],[-21.517166,39.599522],[-21.514787,39.596383],[-21.513601,39.594813],[-21.504127,39.58223],[-21.502947,39.580657],[-21.500591,39.577508],[-21.499417,39.575932],[-21.494727,39.569621],[-21.493558,39.568043],[-21.491225,39.564883],[-21.490062,39.563303],[-21.480775,39.550639],[-21.480368,39.550084],[-21.479618,39.549057],[-21.477309,39.545887],[-21.476157,39.544301],[-21.471561,39.53795],[-21.470807,39.536906],[-21.4693,39.534815],[-21.468158,39.533225],[-21.467378,39.532136],[-21.46699,39.531592],[-21.457889,39.518849],[-21.457257,39.517963],[-21.455994,39.516187],[-21.455363,39.515298],[-21.452842,39.511742],[-21.451714,39.510145],[-21.449464,39.50695],[-21.448342,39.505351],[-21.44636,39.502517],[-21.445866,39.501809],[-21.444878,39.500392],[-21.444385,39.499684],[-21.435396,39.486753],[-21.434933,39.486087],[-21.434162,39.484975],[-21.433699,39.484307],[-21.432387,39.482413],[-21.43128,39.480808],[-21.42907,39.477595],[-21.427968,39.475988],[-21.423572,39.469553],[-21.422477,39.467944],[-21.420291,39.464722],[-21.419201,39.463111],[-21.411712,39.451997],[-21.410779,39.450608],[-21.408917,39.447828],[-21.407988,39.446437],[-21.404279,39.440867],[-21.403354,39.439474],[-21.401509,39.436686],[-21.400589,39.435293],[-21.392055,39.422321],[-21.390993,39.4207],[-21.388872,39.417454],[-21.387815,39.41583],[-21.383596,39.409326],[-21.382544,39.4077],[-21.380447,39.404445],[-21.379402,39.402817],[-21.371059,39.389773],[-21.37002,39.388142],[-21.367947,39.384878],[-21.366913,39.383245],[-21.36279,39.376706],[-21.361763,39.375071],[-21.359713,39.371797],[-21.358692,39.370161],[-21.35054,39.357045],[-21.349525,39.355406],[-21.347499,39.352124],[-21.34649,39.350482],[-21.342462,39.343908],[-21.341459,39.342264],[-21.339457,39.338973],[-21.33846,39.337327],[-21.3305,39.324142],[-21.329509,39.322494],[-21.327531,39.319195],[-21.326546,39.317545],[-21.322615,39.310936],[-21.321635,39.309283],[-21.319682,39.305976],[-21.318709,39.304322],[-21.310941,39.291068],[-21.309974,39.289412],[-21.308045,39.286096],[-21.307084,39.284437],[-21.303249,39.277795],[-21.302293,39.276134],[-21.300388,39.272809],[-21.299439,39.271147],[-21.291865,39.257828],[-21.290922,39.256163],[-21.289042,39.25283],[-21.288105,39.251164],[-21.284367,39.244488],[-21.283435,39.242819],[-21.281579,39.239479],[-21.280654,39.237808],[-21.273274,39.224424],[-21.272355,39.222752],[-21.270523,39.219403],[-21.269611,39.217728],[-21.26597,39.211021],[-21.265063,39.209344],[-21.263255,39.205988],[-21.262354,39.204309],[-21.255169,39.190862],[-21.254275,39.189182],[-21.252491,39.185818],[-21.251603,39.184135],[-21.248059,39.177397],[-21.247177,39.175712],[-21.245418,39.17234],[-21.244542,39.170654],[-21.237552,39.157146],[-21.236682,39.155458],[-21.234947,39.152079],[-21.234083,39.150388],[-21.230638,39.14362],[-21.22978,39.141928],[-21.22807,39.138541],[-21.227218,39.136848],[-21.220424,39.12328],[-21.219578,39.121585],[-21.217893,39.11819],[-21.217053,39.116493],[-21.213706,39.109695],[-21.212872,39.107996],[-21.211211,39.104594],[-21.210384,39.102893],[-21.203787,39.089268],[-21.202966,39.087565],[-21.201329,39.084157],[-21.200514,39.082452],[-21.197265,39.075626],[-21.196456,39.073919],[-21.194844,39.070504],[-21.194042,39.068796],[-21.187641,39.055114],[-21.186845,39.053405],[-21.185258,39.049982],[-21.184468,39.04827],[-21.181317,39.041416],[-21.180533,39.039703],[-21.17897,39.036274],[-21.178631,39.035528],[-21.178193,39.034559],[-21.171989,39.020823],[-21.171218,39.019107],[-21.16968,39.015671],[-21.168915,39.013952],[-21.167812,39.011466],[-21.165979,39.009016],[-21.164807,39.007444],[-21.162467,39.004296],[-21.1613,39.002721],[-21.156642,38.996412],[-21.155481,38.994835],[-21.153164,38.991676],[-21.152009,38.990097],[-21.142783,38.977438],[-21.142104,38.976503],[-21.141634,38.975855],[-21.13934,38.972687],[-21.138196,38.971102],[-21.13363,38.964753],[-21.13278,38.963567],[-21.131081,38.961193],[-21.129947,38.959604],[-21.129232,38.958598],[-21.120049,38.945659],[-21.119388,38.944725],[-21.118067,38.942855],[-21.117407,38.94192],[-21.11477,38.938176],[-21.113651,38.93658],[-21.111416,38.933385],[-21.110302,38.931786],[-21.108465,38.929143],[-21.108007,38.928483],[-21.107091,38.927161],[-21.106634,38.926501],[-21.0977,38.913568],[-21.097216,38.912867],[-21.096409,38.911695],[-21.095924,38.910992],[-21.094552,38.908998],[-21.09329,38.907156],[-21.090772,38.903468],[-21.089517,38.901623],[-21.084513,38.894236],[-21.083266,38.892388],[-21.08078,38.888689],[-21.079541,38.886839],[-21.070915,38.873904],[-21.069841,38.872287],[-21.067698,38.86905],[-21.066629,38.867431],[-21.062364,38.860946],[-21.061301,38.859325],[-21.059181,38.856079],[-21.058125,38.854456],[-21.04721,38.837625],[-21.045852,38.835521],[-21.043144,38.831307],[-21.041796,38.829199],[-21.036418,38.820754],[-21.035079,38.818642],[-21.032411,38.814413],[-21.031082,38.812297],[-21.020485,38.795345],[-21.019167,38.793226],[-21.016538,38.788982],[-21.015229,38.786859],[-21.010011,38.778354],[-21.008712,38.776227],[-21.006123,38.771968],[-21.004834,38.769838],[-20.994556,38.752768],[-20.993278,38.750635],[-20.990729,38.746361],[-20.98946,38.744224],[-20.984402,38.735661],[-20.983143,38.733519],[-20.980634,38.729232],[-20.979385,38.727088],[-20.969427,38.709904],[-20.968189,38.707756],[-20.965721,38.703454],[-20.964492,38.701302],[-20.959594,38.692683],[-20.958375,38.690528],[-20.955947,38.686213],[-20.954739,38.684055],[-20.945103,38.66676],[-20.943905,38.664598],[-20.941517,38.66027],[-20.940329,38.658104],[-20.935592,38.649431],[-20.934414,38.647262],[-20.932066,38.64292],[-20.930898,38.640748],[-20.921586,38.623347],[-20.920429,38.621172],[-20.918122,38.616816],[-20.916974,38.614638],[-20.9124,38.605912],[-20.911262,38.60373],[-20.908995,38.599362],[-20.907868,38.597177],[-20.898881,38.579672],[-20.898322,38.57858],[-20.897204,38.576392],[-20.896647,38.575298],[-20.894422,38.570916],[-20.893867,38.569821],[-20.892759,38.567629],[-20.892207,38.566534],[-20.887796,38.557756],[-20.887246,38.556659],[-20.886149,38.554464],[-20.885601,38.553366],[-20.883416,38.548971],[-20.882871,38.547872],[-20.881783,38.545673],[-20.881241,38.544574],[-20.880724,38.543523],[-20.880137,38.542327],[-20.878967,38.539934],[-20.878383,38.538737],[-20.876054,38.533946],[-20.875474,38.532749],[-20.874315,38.530353],[-20.873738,38.529155],[-20.869128,38.51956],[-20.868554,38.518362],[-20.867408,38.515962],[-20.866837,38.514763],[-20.864556,38.50996],[-20.863988,38.508759],[-20.862855,38.506357],[-20.86229,38.505157],[-20.853265,38.485912],[-20.852144,38.483507],[-20.849913,38.47869],[-20.848804,38.476281],[-20.844389,38.466632],[-20.843291,38.464219],[-20.841109,38.45939],[-20.840827,38.458765],[-20.840024,38.456974],[-20.831387,38.437621],[-20.830602,38.435853],[-20.829037,38.432314],[-20.828062,38.430095],[-20.827573,38.428976],[-20.823602,38.41987],[-20.822552,38.417444],[-20.820461,38.412587],[-20.819405,38.410117],[-20.818893,38.408912],[-20.810482,38.389069],[-20.810247,38.388514],[-20.809779,38.387406],[-20.809545,38.386851],[-20.80861,38.384631],[-20.808376,38.384076],[-20.80791,38.382966],[-20.807677,38.382411],[-20.805816,38.377964],[-20.804948,38.375882],[-20.803222,38.371713],[-20.802364,38.369628],[-20.798948,38.361282],[-20.798098,38.359195],[-20.796408,38.355018],[-20.795568,38.352929],[-20.790664,38.340666],[-20.790054,38.339134],[-20.788838,38.336067],[-20.788232,38.334534],[-20.785819,38.328394],[-20.785218,38.326859],[-20.784022,38.323788],[-20.783426,38.322252],[-20.778045,38.308318],[-20.777376,38.306577],[-20.776043,38.303092],[-20.77538,38.301349],[-20.772739,38.294371],[-20.772083,38.292627],[-20.770775,38.289136],[-20.770124,38.28739],[-20.764941,38.27341],[-20.764297,38.271663],[-20.763014,38.268167],[-20.762376,38.266418],[-20.759834,38.259418],[-20.759202,38.257668],[-20.757943,38.254166],[-20.757318,38.252415],[-20.752332,38.23839],[-20.751713,38.236638],[-20.75048,38.23313],[-20.749866,38.231376],[-20.747423,38.224354],[-20.746816,38.222599],[-20.745608,38.219086],[-20.745007,38.21733],[-20.74022,38.203262],[-20.739625,38.201505],[-20.738442,38.197987],[-20.737853,38.196228],[-20.73551,38.189185],[-20.734927,38.187424],[-20.733768,38.183901],[-20.733192,38.18214],[-20.728605,38.168031],[-20.728035,38.166269],[-20.726901,38.162741],[-20.726337,38.160977],[-20.724093,38.153913],[-20.723536,38.152148],[-20.722427,38.148615],[-20.721875,38.146849],[-20.717487,38.132702],[-20.716942,38.130934],[-20.715858,38.127396],[-20.715319,38.125627],[-20.713175,38.118545],[-20.712642,38.116775],[-20.711583,38.113232],[-20.711056,38.111461],[-20.706867,38.097277],[-20.706347,38.095505],[-20.705313,38.091958],[-20.704799,38.090184],[-20.702755,38.083084],[-20.702247,38.081309],[-20.701237,38.077757],[-20.700736,38.075982],[-20.696747,38.061762],[-20.696251,38.059985],[-20.695267,38.056429],[-20.694778,38.054651],[-20.692833,38.047534],[-20.692351,38.045755],[-20.691391,38.042194],[-20.690915,38.040415],[-20.687125,38.026161],[-20.686655,38.02438],[-20.68572,38.020816],[-20.685256,38.019034],[-20.683412,38.011899],[-20.682954,38.010116],[-20.682044,38.006548],[-20.681593,38.004764],[-20.678003,37.990478],[-20.677558,37.988693],[-20.676674,37.985121],[-20.676235,37.983335],[-20.67449,37.976185],[-20.674057,37.974398],[-20.673198,37.970822],[-20.672771,37.969035],[-20.669382,37.954718],[-20.668962,37.952929],[-20.668127,37.94935],[-20.667713,37.94756],[-20.666069,37.940395],[-20.665661,37.938604],[-20.664851,37.935021],[-20.66445,37.93323],[-20.661261,37.918885],[-20.660866,37.917093],[-20.660081,37.913506],[-20.659692,37.911713],[-20.658148,37.904534],[-20.657765,37.90274],[-20.656975,37.899007],[-20.656629,37.897355],[-20.65364,37.882983],[-20.65327,37.881188],[-20.652536,37.877594],[-20.652172,37.875798],[-20.650693,37.868434],[-20.650521,37.867571],[-20.650164,37.865773],[-20.64971,37.862839],[-20.649429,37.861387],[-20.648256,37.855783],[-20.646524,37.847016],[-20.646387,37.846298],[-20.646118,37.844858],[-20.645984,37.844138],[-20.645449,37.841257],[-20.645116,37.839455],[-20.644453,37.835851],[-20.644092,37.833876],[-20.643386,37.829717],[-20.643203,37.828635],[-20.642822,37.826473],[-20.642628,37.825392],[-20.639838,37.810631],[-20.639583,37.809203],[-20.639264,37.80741],[-20.638951,37.805639],[-20.63834,37.802136],[-20.638037,37.800384],[-20.636837,37.793375],[-20.63654,37.791624],[-20.635952,37.788119],[-20.635662,37.786367],[-20.633594,37.773784],[-20.633338,37.772212],[-20.632831,37.769066],[-20.63258,37.767494],[-20.631585,37.761199],[-20.631338,37.759626],[-20.63085,37.756479],[-20.630608,37.754906],[-20.628537,37.741278],[-20.628281,37.739576],[-20.627774,37.736169],[-20.627524,37.734466],[-20.626532,37.727648],[-20.626287,37.725945],[-20.625803,37.722536],[-20.625564,37.720832],[-20.62367,37.707188],[-20.623436,37.705483],[-20.622974,37.702073],[-20.622746,37.700367],[-20.621844,37.693542],[-20.621621,37.691837],[-20.621181,37.688424],[-20.620964,37.686718],[-20.619248,37.673059],[-20.619037,37.671353],[-20.618619,37.667939],[-20.618413,37.666232],[-20.6176,37.659399],[-20.617399,37.657692],[-20.617004,37.654276],[-20.616809,37.652569],[-20.615271,37.638896],[-20.615082,37.637188],[-20.614708,37.633771],[-20.614525,37.632062],[-20.6138,37.625223],[-20.613622,37.623515],[-20.613271,37.620095],[-20.613098,37.618387],[-20.611738,37.604702],[-20.611571,37.602993],[-20.611242,37.599572],[-20.611081,37.597862],[-20.610445,37.591018],[-20.610289,37.589308],[-20.609983,37.585886],[-20.609832,37.584176],[-20.60865,37.570481],[-20.608505,37.56877],[-20.608221,37.565347],[-20.608081,37.563636],[-20.607535,37.556787],[-20.607401,37.555075],[-20.607139,37.551651],[-20.60701,37.54994],[-20.606006,37.536236],[-20.605944,37.535381],[-20.605821,37.533669],[-20.60576,37.532813],[-20.60552,37.529388],[-20.605461,37.528532],[-20.605344,37.526819],[-20.605286,37.525963],[-20.604828,37.51911],[-20.604771,37.518253],[-20.60466,37.51654],[-20.604605,37.515684],[-20.604387,37.512257],[-20.604333,37.5114],[-20.604227,37.509687],[-20.604174,37.508831],[-20.603952,37.50514],[-20.603895,37.504178],[-20.603782,37.502255],[-20.603727,37.501294],[-20.603508,37.497446],[-20.603455,37.496485],[-20.603349,37.494562],[-20.603297,37.493601],[-20.602889,37.485905],[-20.602839,37.484944],[-20.60274,37.48302],[-20.602692,37.482059],[-20.602502,37.478212],[-20.602455,37.477251],[-20.602364,37.475328],[-20.602319,37.474367],[-20.601614,37.458971],[-20.601529,37.457049],[-20.601367,37.453201],[-20.601289,37.451277],[-20.600992,37.443579],[-20.600922,37.441655],[-20.600787,37.437806],[-20.600724,37.435883],[-20.600242,37.420482],[-20.600185,37.418558],[-20.600078,37.414709],[-20.600028,37.412785],[-20.599843,37.405084],[-20.5998,37.40316],[-20.599722,37.39931],[-20.599686,37.397386],[-20.599426,37.381981],[-20.599398,37.380057],[-20.599347,37.376207],[-20.599325,37.374283],[-20.599251,37.366581],[-20.599236,37.364656],[-20.599213,37.360806],[-20.599204,37.358882],[-20.599168,37.343476],[-20.599166,37.341552],[-20.599171,37.337702],[-20.599177,37.335777],[-20.599214,37.328075],[-20.599227,37.32615],[-20.599259,37.3223],[-20.599276,37.320629],[-20.599464,37.30497],[-20.599491,37.303046],[-20.599551,37.299197],[-20.599585,37.297272],[-20.599733,37.289571],[-20.599748,37.288795],[-20.59978,37.287243],[-20.599823,37.285318],[-20.599879,37.283021],[-20.599908,37.281873],[-20.600315,37.26647],[-20.60034,37.26557],[-20.600391,37.263768],[-20.600417,37.262868],[-20.600524,37.259263],[-20.600585,37.257338],[-20.600713,37.253488],[-20.600781,37.251563],[-20.600933,37.247469],[-20.600971,37.246446],[-20.601051,37.2444],[-20.601092,37.243375],[-20.601739,37.227529],[-20.601813,37.225744],[-20.601908,37.223502],[-20.601992,37.221605],[-20.602164,37.217861],[-20.602253,37.21599],[-20.602624,37.208502],[-20.60272,37.206631],[-20.602918,37.202888],[-20.60302,37.201018],[-20.603764,37.187848],[-20.60386,37.186203],[-20.604056,37.182913],[-20.604156,37.181268],[-20.604568,37.174686],[-20.604674,37.173041],[-20.60489,37.169751],[-20.605,37.168108],[-20.606001,37.153561],[-20.606129,37.151745],[-20.606391,37.14811],[-20.606525,37.146294],[-20.607074,37.139024],[-20.607215,37.137208],[-20.607502,37.133574],[-20.607648,37.131759],[-20.608845,37.117222],[-20.608998,37.115407],[-20.609309,37.111775],[-20.609468,37.109959],[-20.610115,37.102695],[-20.61028,37.100879],[-20.610616,37.097249],[-20.610787,37.095435],[-20.61218,37.080909],[-20.612357,37.079095],[-20.612718,37.075466],[-20.612901,37.073652],[-20.613647,37.066394],[-20.613836,37.06458],[-20.614221,37.060952],[-20.614416,37.05914],[-20.616006,37.044627],[-20.616207,37.042815],[-20.616617,37.039189],[-20.616824,37.037377],[-20.617668,37.030125],[-20.617882,37.028313],[-20.618315,37.024689],[-20.618535,37.022879],[-20.62032,37.008381],[-20.620546,37.00657],[-20.621004,37.002948],[-20.621236,37.001138],[-20.622177,36.993894],[-20.622415,36.992084],[-20.622898,36.988464],[-20.623142,36.986655],[-20.625122,36.972173],[-20.625372,36.970365],[-20.625879,36.966747],[-20.626135,36.964939],[-20.627173,36.957703],[-20.627436,36.955896],[-20.627967,36.95228],[-20.628236,36.950473],[-20.63041,36.93601],[-20.630684,36.934204],[-20.63124,36.93059],[-20.63152,36.928784],[-20.632656,36.921558],[-20.632942,36.919753],[-20.633522,36.916142],[-20.633815,36.914338],[-20.636183,36.899894],[-20.636481,36.89809],[-20.637085,36.894482],[-20.63739,36.892679],[-20.638622,36.885463],[-20.638933,36.88366],[-20.639561,36.880054],[-20.639878,36.878253],[-20.64244,36.86383],[-20.642762,36.862029],[-20.643415,36.858426],[-20.643744,36.856626],[-20.645072,36.849421],[-20.645407,36.847621],[-20.646084,36.844021],[-20.646849,36.840028],[-20.649168,36.828167],[-20.649949,36.824014],[-20.650194,36.822755],[-20.65037,36.821853],[-20.651778,36.814657],[-20.652332,36.811867],[-20.653055,36.808273],[-20.653669,36.805264],[-20.655232,36.797706],[-20.656414,36.792141],[-20.656735,36.790662],[-20.657895,36.784696],[-20.659416,36.777515],[-20.659799,36.775722],[-20.660571,36.772134],[-20.66096,36.770342],[-20.664098,36.755993],[-20.664493,36.754202],[-20.665289,36.750618],[-20.66569,36.748827],[-20.667306,36.74166],[-20.667713,36.73987],[-20.668533,36.736289],[-20.668654,36.735763],[-20.668946,36.7345],[-20.672275,36.72018],[-20.672693,36.718392],[-20.673537,36.714815],[-20.673962,36.713027],[-20.675723,36.705668],[-20.675972,36.704631],[-20.676405,36.702844],[-20.677073,36.700101],[-20.677409,36.69873],[-20.680928,36.684439],[-20.681108,36.68371],[-20.68147,36.68225],[-20.681651,36.68152],[-20.682379,36.678598],[-20.682826,36.676813],[-20.683727,36.673245],[-20.684181,36.671461],[-20.68526,36.667246],[-20.685531,36.666193],[-20.686074,36.664087],[-20.686347,36.663033],[-20.69015,36.648412],[-20.690527,36.646967],[-20.691001,36.645153],[-20.691475,36.643352],[-20.692419,36.63979],[-20.692894,36.63801],[-20.694805,36.63089],[-20.695286,36.629111],[-20.696253,36.625554],[-20.69674,36.623777],[-20.700256,36.61101],[-20.700697,36.609416],[-20.701585,36.606227],[-20.702032,36.604633],[-20.703828,36.598258],[-20.704279,36.596665],[-20.705186,36.59348],[-20.705642,36.591889],[-20.709728,36.577697],[-20.710241,36.575925],[-20.711274,36.572381],[-20.711793,36.570609],[-20.713883,36.563523],[-20.714408,36.561753],[-20.715464,36.558213],[-20.715995,36.556445],[-20.720268,36.542289],[-20.720805,36.540522],[-20.721885,36.536987],[-20.722427,36.53522],[-20.72461,36.528153],[-20.725159,36.526387],[-20.726262,36.522857],[-20.726816,36.521093],[-20.731277,36.506975],[-20.731836,36.505213],[-20.732963,36.501687],[-20.733529,36.499925],[-20.735805,36.492877],[-20.736377,36.491117],[-20.737526,36.487596],[-20.738104,36.485837],[-20.74275,36.471759],[-20.743333,36.470001],[-20.744506,36.466486],[-20.745095,36.464729],[-20.747464,36.457701],[-20.748059,36.455945],[-20.749255,36.452435],[-20.749856,36.450681],[-20.754688,36.436644],[-20.755294,36.434892],[-20.756513,36.431386],[-20.757125,36.429635],[-20.759587,36.422628],[-20.760205,36.420878],[-20.761447,36.417378],[-20.76207,36.415629],[-20.767086,36.401635],[-20.767716,36.399888],[-20.768981,36.396393],[-20.769616,36.394647],[-20.77217,36.387662],[-20.772811,36.385917],[-20.774099,36.382428],[-20.774745,36.380685],[-20.779945,36.366735],[-20.780597,36.364994],[-20.781908,36.36151],[-20.782566,36.35977],[-20.785211,36.352807],[-20.785875,36.351068],[-20.787209,36.347591],[-20.787878,36.345853],[-20.793261,36.331949],[-20.793936,36.330214],[-20.795292,36.326742],[-20.795973,36.325007],[-20.79871,36.318068],[-20.799396,36.316335],[-20.800775,36.312869],[-20.801468,36.311138],[-20.807032,36.297281],[-20.80773,36.295551],[-20.809132,36.292091],[-20.809835,36.290363],[-20.812662,36.283448],[-20.813372,36.28172],[-20.814796,36.278267],[-20.815511,36.276542],[-20.821257,36.262734],[-20.821977,36.261011],[-20.823424,36.257563],[-20.82415,36.255841],[-20.827068,36.24895],[-20.827799,36.24723],[-20.829269,36.243789],[-20.830006,36.24207],[-20.835932,36.228313],[-20.836675,36.226596],[-20.838167,36.223161],[-20.838916,36.221445],[-20.841923,36.21458],[-20.842677,36.212866],[-20.844192,36.209438],[-20.844951,36.207726],[-20.851056,36.194021],[-20.851822,36.19231],[-20.853358,36.188889],[-20.854129,36.187179],[-20.857226,36.180341],[-20.858003,36.178634],[-20.859562,36.175219],[-20.860317,36.173572],[-20.866627,36.159862],[-20.867415,36.158159],[-20.868996,36.154751],[-20.869789,36.153048],[-20.872975,36.146237],[-20.873347,36.145443],[-20.874093,36.143855],[-20.874894,36.142154],[-20.875752,36.140342],[-20.876181,36.139436],[-20.882642,36.125841],[-20.883034,36.125017],[-20.883821,36.123368],[-20.884215,36.122544],[-20.885794,36.119245],[-20.88661,36.117549],[-20.888246,36.114157],[-20.889067,36.112463],[-20.890762,36.108978],[-20.891186,36.108108],[-20.892036,36.106368],[-20.892463,36.105496],[-20.8993,36.091549],[-20.900101,36.089919],[-20.901107,36.087874],[-20.901872,36.086324],[-20.903385,36.083271],[-20.904143,36.081746],[-20.907187,36.075646],[-20.907949,36.074122],[-20.90948,36.071076],[-20.910247,36.069554],[-20.915576,36.059018],[-20.916243,36.057702],[-20.917581,36.055072],[-20.918252,36.053757],[-20.920943,36.048499],[-20.921617,36.047185],[-20.922969,36.044559],[-20.923646,36.043247],[-20.929255,36.032412],[-20.929958,36.031059],[-20.931367,36.028354],[-20.932073,36.027002],[-20.934905,36.021595],[-20.935615,36.020244],[-20.937038,36.017544],[-20.937751,36.016195],[-20.943474,36.005399],[-20.94419,36.004051],[-20.945627,36.001356],[-20.946347,36.000009],[-20.949236,35.994622],[-20.94996,35.993277],[-20.951411,35.990586],[-20.952138,35.989242],[-20.957973,35.978487],[-20.958704,35.977144],[-20.960169,35.974459],[-20.960903,35.973118],[-20.963848,35.967751],[-20.964586,35.966411],[-20.966065,35.963731],[-20.966806,35.962392],[-20.972754,35.951678],[-20.973498,35.95034],[-20.974991,35.947665],[-20.975739,35.946329],[-20.97874,35.940983],[-20.979492,35.939648],[-20.980999,35.936978],[-20.981754,35.935645],[-20.987813,35.924973],[-20.988571,35.923641],[-20.990092,35.920977],[-20.990854,35.919646],[-20.993911,35.914321],[-20.994676,35.912991],[-20.996211,35.910332],[-20.99698,35.909004],[-21.00315,35.898375],[-21.003922,35.897048],[-21.005471,35.894395],[-21.006246,35.893069],[-21.009358,35.887766],[-21.010138,35.886441],[-21.0117,35.883793],[-21.012483,35.882471],[-21.018763,35.871885],[-21.019549,35.870564],[-21.021125,35.867921],[-21.021915,35.866601],[-21.025082,35.86132],[-21.025875,35.860001],[-21.027465,35.857364],[-21.028261,35.856047],[-21.034651,35.845506],[-21.035451,35.84419],[-21.037054,35.841559],[-21.037857,35.840244],[-21.041079,35.834986],[-21.041886,35.833672],[-21.043503,35.831047],[-21.044313,35.829735],[-21.050812,35.819239],[-21.051626,35.817929],[-21.053256,35.815309],[-21.054073,35.814],[-21.05735,35.808764],[-21.05817,35.807457],[-21.059815,35.804842],[-21.060638,35.803537],[-21.067246,35.793087],[-21.068073,35.791782],[-21.069731,35.789174],[-21.070561,35.787871],[-21.073892,35.782658],[-21.074725,35.781356],[-21.076397,35.778753],[-21.077234,35.777454],[-21.08395,35.76705],[-21.08479,35.765752],[-21.086475,35.763155],[-21.087319,35.761858],[-21.090703,35.756668],[-21.091551,35.755373],[-21.093249,35.752782],[-21.0941,35.751488],[-21.100923,35.741132],[-21.101777,35.739839],[-21.103488,35.737255],[-21.104346,35.735963],[-21.107784,35.730798],[-21.108644,35.729508],[-21.11037,35.726929],[-21.111233,35.725641],[-21.118163,35.715334],[-21.119031,35.714047],[-21.120769,35.711474],[-21.12164,35.710189],[-21.125131,35.705048],[-21.126005,35.703764],[-21.127757,35.701198],[-21.128634,35.699916],[-21.13567,35.689657],[-21.13655,35.688377],[-21.138315,35.685816],[-21.139199,35.684537],[-21.142744,35.679421],[-21.143631,35.678143],[-21.145409,35.675589],[-21.146299,35.674313],[-21.153441,35.664105],[-21.153887,35.663468],[-21.154781,35.662194],[-21.155228,35.661557],[-21.157019,35.659008],[-21.157468,35.658372],[-21.158365,35.657099],[-21.158813,35.656463],[-21.16241,35.651371],[-21.16286,35.650735],[-21.163761,35.649463],[-21.164211,35.648828],[-21.166016,35.646285],[-21.166468,35.64565],[-21.167372,35.644379],[-21.167824,35.643744],[-21.168675,35.642552],[-21.169109,35.641944],[-21.169979,35.640727],[-21.170415,35.64012],[-21.172157,35.637688],[-21.172593,35.637081],[-21.17355,35.635749],[-21.173903,35.635259],[-21.1774,35.630402],[-21.177838,35.629795],[-21.178713,35.628582],[-21.179151,35.627976],[-21.180905,35.625551],[-21.181344,35.624945],[-21.182222,35.623734],[-21.182661,35.623129],[-21.189705,35.613438],[-21.190251,35.612688],[-21.191345,35.611186],[-21.192228,35.609977],[-21.1929,35.609059],[-21.193236,35.608601],[-21.196781,35.603768],[-21.197668,35.602561],[-21.199447,35.600148],[-21.200337,35.598943],[-21.207565,35.589177],[-21.208107,35.588446],[-21.208921,35.587348],[-21.209816,35.586144],[-21.211609,35.583738],[-21.212506,35.582536],[-21.215375,35.578703],[-21.216094,35.577745],[-21.217532,35.575829],[-21.218253,35.574872],[-21.225732,35.56495],[-21.226342,35.564142],[-21.227402,35.56274],[-21.229503,35.559971],[-21.230555,35.558587],[-21.234736,35.553104],[-21.235782,35.551735],[-21.23788,35.548998],[-21.23893,35.547631],[-21.246984,35.537177],[-21.247991,35.535872],[-21.25001,35.533263],[-21.251022,35.53196],[-21.255076,35.526748],[-21.256091,35.525447],[-21.258124,35.522846],[-21.259142,35.521547],[-21.268774,35.509286],[-21.26998,35.507756],[-21.272396,35.504698],[-21.273607,35.50317],[-21.278461,35.497061],[-21.279676,35.495536],[-21.282113,35.492488],[-21.283333,35.490966],[-21.29312,35.478789],[-21.294345,35.47727],[-21.2968,35.474232],[-21.29803,35.472715],[-21.302961,35.466649],[-21.304196,35.465135],[-21.306671,35.462108],[-21.30791,35.460597],[-21.317852,35.448506],[-21.319095,35.446997],[-21.320959,35.444744],[-21.324268,35.43954],[-21.325297,35.437926],[-21.327362,35.4347],[-21.328397,35.43309],[-21.336699,35.420199],[-21.337739,35.41859],[-21.339824,35.415373],[-21.340869,35.413766],[-21.345061,35.40734],[-21.346111,35.405736],[-21.348217,35.402528],[-21.349272,35.400926],[-21.357739,35.388109],[-21.358799,35.386509],[-21.360925,35.383311],[-21.36199,35.381713],[-21.366264,35.375324],[-21.367335,35.373728],[-21.369481,35.370539],[-21.370557,35.368947],[-21.379187,35.356204],[-21.380267,35.354614],[-21.382434,35.351434],[-21.38352,35.349846],[-21.387875,35.343494],[-21.388966,35.341908],[-21.391153,35.338738],[-21.392249,35.337155],[-21.401041,35.324488],[-21.402142,35.322908],[-21.404349,35.319747],[-21.405455,35.318168],[-21.409891,35.311855],[-21.411002,35.310279],[-21.413229,35.307128],[-21.414345,35.305555],[-21.423298,35.292966],[-21.424419,35.291395],[-21.426717,35.288183],[-21.427792,35.286684],[-21.432308,35.28041],[-21.433377,35.278929],[-21.435513,35.27598],[-21.436708,35.274333],[-21.445954,35.261641],[-21.446666,35.260665],[-21.448091,35.258716],[-21.448804,35.257742],[-21.451663,35.253846],[-21.45281,35.252287],[-21.455111,35.249171],[-21.456263,35.247615],[-21.458,35.245276],[-21.458435,35.244692],[-21.459304,35.243524],[-21.459738,35.242942],[-21.4691,35.230391],[-21.469642,35.229664],[-21.470549,35.22845],[-21.471094,35.227722],[-21.472639,35.225658],[-21.473803,35.224107],[-21.476137,35.221008],[-21.477306,35.21946],[-21.481994,35.213272],[-21.483167,35.211727],[-21.48552,35.208639],[-21.486699,35.207096],[-21.494673,35.196691],[-21.495671,35.195393],[-21.49767,35.192796],[-21.498672,35.191499],[-21.502686,35.186312],[-21.503691,35.185017],[-21.505704,35.182428],[-21.506712,35.181135],[-21.516297,35.16887],[-21.517497,35.16734],[-21.519902,35.16428],[-21.521106,35.162752],[-21.525937,35.156641],[-21.527146,35.155115],[-21.529571,35.152066],[-21.530785,35.150544],[-21.540525,35.138363],[-21.541743,35.136843],[-21.544187,35.133804],[-21.545411,35.132287],[-21.550318,35.126219],[-21.551547,35.124704],[-21.55401,35.121676],[-21.555243,35.120164],[-21.565137,35.108069],[-21.566374,35.10656],[-21.568856,35.103543],[-21.570099,35.102036],[-21.575084,35.096011],[-21.576331,35.094507],[-21.578922,35.09157],[-21.580167,35.090064],[-21.582831,35.086792],[-21.590137,35.077997],[-21.591396,35.076501],[-21.593932,35.073519],[-21.5952,35.072029],[-21.600284,35.066068],[-21.601555,35.064579],[-21.602093,35.06395],[-21.604126,35.061627],[-21.605412,35.060152],[-21.615503,35.048134],[-21.616779,35.046647],[-21.619336,35.043674],[-21.620617,35.042189],[-21.625752,35.036253],[-21.627038,35.034771],[-21.629614,35.031809],[-21.630904,35.03033],[-21.641251,35.018501],[-21.642545,35.017025],[-21.64514,35.014074],[-21.646439,35.012601],[-21.651649,35.006709],[-21.652953,35.005238],[-21.655567,35.002299],[-21.656876,35.000832],[-21.667371,34.989093],[-21.668684,34.987629],[-21.671315,34.984701],[-21.672633,34.983239],[-21.677917,34.977393],[-21.67924,34.975934],[-21.68189,34.973018],[-21.683217,34.971562],[-21.693859,34.959916],[-21.695191,34.958463],[-21.697859,34.955558],[-21.699196,34.954108],[-21.704553,34.948309],[-21.705893,34.946861],[-21.708581,34.943969],[-21.709926,34.942524],[-21.720714,34.930972],[-21.722063,34.929531],[-21.724768,34.92665],[-21.726123,34.925211],[-21.731552,34.919459],[-21.732911,34.918023],[-21.735635,34.915154],[-21.736998,34.913722],[-21.74793,34.902264],[-21.749298,34.900835],[-21.752039,34.897977],[-21.753411,34.896551],[-21.758913,34.890846],[-21.76029,34.889423],[-21.763049,34.886577],[-21.76443,34.885157],[-21.775506,34.873796],[-21.776891,34.872378],[-21.779668,34.869545],[-21.781058,34.86813],[-21.786631,34.862475],[-21.788026,34.861063],[-21.79082,34.858242],[-21.792219,34.856834],[-21.803437,34.84557],[-21.80484,34.844165],[-21.807652,34.841356],[-21.80906,34.839954],[-21.814703,34.834347],[-21.816116,34.832947],[-21.818946,34.830151],[-21.820362,34.828755],[-21.83172,34.81759],[-21.833141,34.816197],[-21.835988,34.813413],[-21.837413,34.812023],[-21.843127,34.806466],[-21.843684,34.805924],[-21.844556,34.805079],[-21.847421,34.802307],[-21.848855,34.800924],[-21.860352,34.789859],[-21.860901,34.789331],[-21.862001,34.788274],[-21.863129,34.787192],[-21.864286,34.786087],[-21.864864,34.785534],[-21.869389,34.781215],[-21.870834,34.779839],[-21.87373,34.777089],[-21.875181,34.775716],[-21.876595,34.77438],[-21.877537,34.773491],[-21.889472,34.762245],[-21.890329,34.761438],[-21.89176,34.760092],[-21.89262,34.759284],[-21.895058,34.756995],[-21.896751,34.755411],[-21.900144,34.752247],[-21.901842,34.750667],[-21.908651,34.744356],[-21.910355,34.742781],[-21.913769,34.739634],[-21.915479,34.738064],[-21.92686,34.727642],[-21.928283,34.726341],[-21.931135,34.723743],[-21.932562,34.722446],[-21.938283,34.717259],[-21.939714,34.715965],[-21.942581,34.713379],[-21.944016,34.712088],[-21.95978,34.697938],[-21.961764,34.696163],[-21.965741,34.692618],[-21.967733,34.690849],[-21.975719,34.68378],[-21.977718,34.682016],[-21.981725,34.678494],[-21.983731,34.676737],[-21.999821,34.66269],[-22.001834,34.660939],[-22.005869,34.65744],[-22.00789,34.655694],[-22.015992,34.648718],[-22.01802,34.646978],[-22.022085,34.643503],[-22.02412,34.641769],[-22.040537,34.627828],[-22.042559,34.626117],[-22.046613,34.622698],[-22.048643,34.620992],[-22.056782,34.614175],[-22.058819,34.612475],[-22.062901,34.609079],[-22.064944,34.607385],[-22.081334,34.593844],[-22.083384,34.592156],[-22.087493,34.588783],[-22.089551,34.587101],[-22.0978,34.580378],[-22.099864,34.578702],[-22.104002,34.575353],[-22.106072,34.573683],[-22.123204,34.559911],[-22.125335,34.558204],[-22.129605,34.554795],[-22.131744,34.553094],[-22.140316,34.546299],[-22.142461,34.544605],[-22.146761,34.541221],[-22.148913,34.539533],[-22.166172,34.526044],[-22.168331,34.524362],[-22.172658,34.521003],[-22.174825,34.519328],[-22.18351,34.512635],[-22.185684,34.510966],[-22.190039,34.507633],[-22.192219,34.505971],[-22.209603,34.492761],[-22.211777,34.491115],[-22.216135,34.487826],[-22.218317,34.486186],[-22.227062,34.479633],[-22.229251,34.477999],[-22.233636,34.474736],[-22.235831,34.473109],[-22.253432,34.460105],[-22.255633,34.458484],[-22.260045,34.455247],[-22.262254,34.453632],[-22.271107,34.447183],[-22.273323,34.445574],[-22.277761,34.442364],[-22.279983,34.440762],[-22.297798,34.427966],[-22.300026,34.426371],[-22.304491,34.423186],[-22.306726,34.421597],[-22.315685,34.415252],[-22.317927,34.41367],[-22.322419,34.410511],[-22.324667,34.408936],[-22.342691,34.39635],[-22.344946,34.394781],[-22.349463,34.391649],[-22.351719,34.39009],[-22.36081,34.383832],[-22.362446,34.382708],[-22.365768,34.380433],[-22.368041,34.378882],[-22.369263,34.378051],[-22.369872,34.377637],[-22.388103,34.365264],[-22.388661,34.364886],[-22.389778,34.364128],[-22.390337,34.36375],[-22.392575,34.362236],[-22.393284,34.361757],[-22.394702,34.3608],[-22.395441,34.360302],[-22.396318,34.359711],[-22.402281,34.355699],[-22.404283,34.354356],[-22.408285,34.35168],[-22.410288,34.350345],[-22.418312,34.345014],[-22.42032,34.343684],[-22.424341,34.341029],[-22.426353,34.339704],[-22.436742,34.332888],[-22.43804,34.332038],[-22.44064,34.330339],[-22.441941,34.329491],[-22.44715,34.326101],[-22.448453,34.325255],[-22.45106,34.323564],[-22.452364,34.322721],[-22.466228,34.313771],[-22.467961,34.312655],[-22.471432,34.310425],[-22.473169,34.309313],[-22.480128,34.304869],[-22.481868,34.30376],[-22.485353,34.301546],[-22.487097,34.300442],[-22.50107,34.291613],[-22.502817,34.290512],[-22.506315,34.288313],[-22.508066,34.287216],[-22.515078,34.282833],[-22.516832,34.28174],[-22.520345,34.279557],[-22.522101,34.278467],[-22.536182,34.269761],[-22.537942,34.268676],[-22.541468,34.266508],[-22.543232,34.265426],[-22.550298,34.261105],[-22.552065,34.260027],[-22.555604,34.257874],[-22.557374,34.256801],[-22.571561,34.248218],[-22.573334,34.247148],[-22.576886,34.245011],[-22.578663,34.243945],[-22.585782,34.239686],[-22.587563,34.238623],[-22.591128,34.236502],[-22.592911,34.235444],[-22.607202,34.226986],[-22.608989,34.225932],[-22.612567,34.223826],[-22.614357,34.222775],[-22.621527,34.218578],[-22.623321,34.217531],[-22.626912,34.215441],[-22.628708,34.214399],[-22.643102,34.206067],[-22.644901,34.205028],[-22.648505,34.202954],[-22.650308,34.201919],[-22.65753,34.197785],[-22.659336,34.196754],[-22.662952,34.194695],[-22.664761,34.193669],[-22.679257,34.185463],[-22.681068,34.18444],[-22.684697,34.182397],[-22.686513,34.181378],[-22.693785,34.177308],[-22.695603,34.176292],[-22.699245,34.174266],[-22.701066,34.173255],[-22.715661,34.165176],[-22.717486,34.16417],[-22.721139,34.162159],[-22.722967,34.161155],[-22.730288,34.157149],[-22.732119,34.15615],[-22.735785,34.154155],[-22.737619,34.15316],[-22.752312,34.14521],[-22.754149,34.144219],[-22.757827,34.14224],[-22.759667,34.141253],[-22.767037,34.13731],[-22.76888,34.136327],[-22.77257,34.134365],[-22.774416,34.133386],[-22.789206,34.125565],[-22.791054,34.12459],[-22.794756,34.122644],[-22.796608,34.121673],[-22.804026,34.117795],[-22.805881,34.116828],[-22.809595,34.114898],[-22.811452,34.113935],[-22.826337,34.106244],[-22.828197,34.105286],[-22.831923,34.103372],[-22.833787,34.102417],[-22.841251,34.098604],[-22.843118,34.097654],[-22.846856,34.095756],[-22.848725,34.09481],[-22.863703,34.087249],[-22.865574,34.086307],[-22.869323,34.084426],[-22.871198,34.083488],[-22.878709,34.07974],[-22.880588,34.078806],[-22.884348,34.076942],[-22.886228,34.076012],[-22.901298,34.068583],[-22.903181,34.067657],[-22.906953,34.065808],[-22.908839,34.064887],[-22.916396,34.061206],[-22.918285,34.060288],[-22.922068,34.058456],[-22.92396,34.057543],[-22.939119,34.050246],[-22.941013,34.049337],[-22.944807,34.047522],[-22.946483,34.046722],[-22.954306,34.043002],[-22.955526,34.042422],[-22.957968,34.041266],[-22.959871,34.040367],[-22.961234,34.039725],[-22.961914,34.039405],[-22.977366,34.032146],[-22.978594,34.031569],[-22.980439,34.030704],[-22.981016,34.030434],[-22.982171,34.029894],[-22.982782,34.029608],[-22.983766,34.029149],[-22.988706,34.026845],[-22.990559,34.025983],[-22.994257,34.024268],[-22.996107,34.023413],[-23.003513,34.02],[-23.005365,34.019149],[-23.009073,34.01745],[-23.010927,34.016603],[-23.02113,34.011957],[-23.022404,34.011378],[-23.024956,34.010221],[-23.026232,34.009643],[-23.031342,34.007336],[-23.032619,34.00676],[-23.035175,34.00561],[-23.036453,34.005037],[-23.050854,33.998586],[-23.052654,33.997782],[-23.056257,33.996177],[-23.05806,33.995377],[-23.065278,33.992182],[-23.067082,33.991385],[-23.070695,33.989795],[-23.072502,33.989002],[-23.086976,33.98267],[-23.088784,33.98188],[-23.092406,33.980305],[-23.094217,33.97952],[-23.101472,33.976383],[-23.103285,33.975602],[-23.106916,33.974041],[-23.108731,33.973263],[-23.123277,33.967049],[-23.125094,33.966275],[-23.128733,33.964729],[-23.130554,33.963959],[-23.137843,33.960882],[-23.139666,33.960115],[-23.143314,33.958584],[-23.145138,33.957821],[-23.159753,33.951727],[-23.161579,33.950967],[-23.165236,33.949452],[-23.167065,33.948696],[-23.174389,33.945679],[-23.17622,33.944927],[-23.179885,33.943426],[-23.181718,33.942678],[-23.196402,33.936703],[-23.198237,33.935959],[-23.201911,33.934473],[-23.203748,33.933732],[-23.211106,33.930775],[-23.212945,33.930038],[-23.216628,33.928568],[-23.218469,33.927835],[-23.23322,33.92198],[-23.235063,33.921251],[-23.238753,33.919795],[-23.240599,33.91907],[-23.24799,33.916173],[-23.249838,33.915451],[-23.253537,33.914011],[-23.255386,33.913293],[-23.270203,33.907559],[-23.272054,33.906845],[-23.275761,33.90542],[-23.277615,33.904709],[-23.285038,33.901873],[-23.286894,33.901166],[-23.290609,33.899756],[-23.292466,33.899054],[-23.307347,33.893442],[-23.309207,33.892743],[-23.312929,33.891348],[-23.314791,33.890652],[-23.322247,33.887877],[-23.32411,33.887185],[-23.327841,33.885806],[-23.329706,33.885118],[-23.34465,33.879628],[-23.346518,33.878945],[-23.350256,33.87758],[-23.352125,33.8769],[-23.359612,33.874186],[-23.361484,33.87351],[-23.36523,33.872161],[-23.367103,33.871489],[-23.382108,33.866121],[-23.383983,33.865453],[-23.387736,33.864119],[-23.389614,33.863454],[-23.397131,33.860801],[-23.39901,33.860141],[-23.402771,33.858822],[-23.404652,33.858165],[-23.419717,33.852921],[-23.421599,33.852268],[-23.425368,33.850965],[-23.427253,33.850316],[-23.434799,33.847724],[-23.436686,33.847079],[-23.440462,33.845792],[-23.442349,33.84515],[-23.457474,33.840029],[-23.459363,33.839391],[-23.463146,33.838119],[-23.465038,33.837485],[-23.472614,33.834956],[-23.474507,33.834326],[-23.478298,33.83307],[-23.480193,33.832444],[-23.495374,33.827447],[-23.497271,33.826825],[-23.501068,33.825584],[-23.502967,33.824965],[-23.510571,33.822498],[-23.512472,33.821884],[-23.516276,33.820658],[-23.518178,33.820048],[-23.533415,33.815175],[-23.535319,33.814569],[-23.53913,33.813359],[-23.541036,33.812756],[-23.548667,33.810351],[-23.550575,33.809752],[-23.554393,33.808558],[-23.556302,33.807963],[-23.571594,33.803216],[-23.572548,33.80292],[-23.574458,33.802329],[-23.575413,33.802034],[-23.579238,33.800855],[-23.580194,33.800561],[-23.582107,33.799974],[-23.583063,33.799681],[-23.590722,33.797338],[-23.591679,33.797046],[-23.593594,33.796462],[-23.594551,33.796171],[-23.598383,33.795008],[-23.599341,33.794718],[-23.601258,33.794138],[-23.602169,33.793863],[-23.605962,33.79272],[-23.606502,33.792558],[-23.607584,33.792232],[-23.608125,33.79207],[-23.610289,33.791421],[-23.610799,33.791268],[-23.611815,33.790964],[-23.612385,33.790793],[-23.616782,33.78948],[-23.617308,33.789323],[-23.618358,33.78901],[-23.618883,33.788854],[-23.620983,33.78823],[-23.62154,33.788064],[-23.622654,33.787734],[-23.62321,33.787569],[-23.632078,33.784943],[-23.632872,33.784708],[-23.634196,33.784317],[-23.63499,33.784083],[-23.637242,33.783419],[-23.638813,33.782957],[-23.641957,33.782036],[-23.643529,33.781577],[-23.649821,33.779745],[-23.651394,33.779289],[-23.654542,33.778379],[-23.656115,33.777925],[-23.666591,33.774915],[-23.6679,33.77454],[-23.670519,33.773792],[-23.671828,33.773418],[-23.677071,33.771928],[-23.678381,33.771557],[-23.681003,33.770816],[-23.682313,33.770447],[-23.698854,33.765796],[-23.70092,33.765217],[-23.705057,33.764064],[-23.707126,33.763489],[-23.715409,33.7612],[-23.71748,33.760631],[-23.721624,33.759496],[-23.723696,33.758931],[-23.740292,33.754425],[-23.742365,33.753865],[-23.746516,33.752748],[-23.748592,33.752192],[-23.756902,33.749975],[-23.75898,33.749424],[-23.763137,33.748325],[-23.765216,33.747778],[-23.781866,33.743418],[-23.783946,33.742876],[-23.78811,33.741795],[-23.790192,33.741257],[-23.798529,33.739114],[-23.800613,33.738581],[-23.804783,33.737519],[-23.806868,33.73699],[-23.82357,33.732776],[-23.825656,33.732252],[-23.829833,33.731208],[-23.831922,33.730688],[-23.840284,33.728618],[-23.842374,33.728103],[-23.846558,33.727077],[-23.848649,33.726567],[-23.8654,33.7225],[-23.867493,33.721994],[-23.871682,33.720986],[-23.873777,33.720485],[-23.882164,33.718488],[-23.88426,33.717992],[-23.888455,33.717003],[-23.890553,33.716511],[-23.907352,33.71259],[-23.909451,33.712103],[-23.913652,33.711132],[-23.915753,33.710649],[-23.924163,33.708726],[-23.926266,33.708248],[-23.930473,33.707296],[-23.932576,33.706822],[-23.949422,33.703049],[-23.951526,33.70258],[-23.955739,33.701646],[-23.957845,33.701182],[-23.966278,33.699332],[-23.968386,33.698872],[-23.972605,33.697957],[-23.974713,33.697502],[-23.991604,33.693877],[-23.993714,33.693426],[-23.997937,33.692529],[-24.000049,33.692083],[-24.008504,33.690308],[-24.010618,33.689867],[-24.014847,33.688988],[-24.016961,33.688552],[-24.033894,33.685075],[-24.03601,33.684643],[-24.040244,33.683783],[-24.042361,33.683355],[-24.050837,33.681654],[-24.052956,33.681231],[-24.057195,33.68039],[-24.059314,33.679972],[-24.076288,33.676643],[-24.078409,33.67623],[-24.082653,33.675407],[-24.084776,33.674998],[-24.093272,33.673371],[-24.095395,33.672967],[-24.099644,33.672163],[-24.101769,33.671764],[-24.118782,33.668584],[-24.120907,33.668189],[-24.125161,33.667404],[-24.127288,33.667013],[-24.135804,33.665461],[-24.137932,33.665075],[-24.142191,33.664309],[-24.144319,33.663928],[-24.16137,33.660897],[-24.1635,33.660521],[-24.167764,33.659773],[-24.169895,33.659401],[-24.178429,33.657923],[-24.180561,33.657556],[-24.184829,33.656827],[-24.186962,33.656465],[-24.204049,33.653584],[-24.206183,33.653226],[-24.210455,33.652516],[-24.212591,33.652163],[-24.221142,33.65076],[-24.223279,33.650412],[-24.227555,33.64972],[-24.229693,33.649376],[-24.246813,33.646645],[-24.248952,33.646306],[-24.253232,33.645633],[-24.255372,33.645299],[-24.263939,33.643971],[-24.266081,33.643641],[-24.270365,33.642987],[-24.272507,33.642662],[-24.289659,33.640081],[-24.290582,33.639943],[-24.292432,33.639666],[-24.293357,33.639528],[-24.297059,33.638978],[-24.297984,33.638841],[-24.299835,33.638568],[-24.30076,33.638432],[-24.308329,33.637322],[-24.308809,33.637252],[-24.310089,33.637065],[-24.310731,33.636971],[-24.313372,33.636588],[-24.315556,33.636273],[-24.319769,33.635671],[-24.321877,33.635372],[-24.327907,33.634523],[-24.329414,33.634312],[-24.332429,33.633893],[-24.333936,33.633684],[-24.343709,33.63234],[-24.344929,33.632173],[-24.347372,33.63184],[-24.348593,33.631674],[-24.35348,33.631015],[-24.354701,33.630851],[-24.357144,33.630524],[-24.358365,33.630361],[-24.375575,33.628081],[-24.377725,33.627799],[-24.382028,33.627238],[-24.384179,33.626961],[-24.39279,33.625858],[-24.394942,33.625585],[-24.399248,33.625044],[-24.4014,33.624776],[-24.418638,33.622647],[-24.420791,33.622383],[-24.4251,33.62186],[-24.427254,33.621601],[-24.435878,33.620575],[-24.438033,33.62032],[-24.442345,33.619817],[-24.444501,33.619567],[-24.461763,33.617589],[-24.463919,33.617345],[-24.468234,33.61686],[-24.470391,33.61662],[-24.479027,33.615669],[-24.481185,33.615433],[-24.485503,33.614968],[-24.487662,33.614737],[-24.504946,33.61291],[-24.507105,33.612685],[-24.511426,33.612237],[-24.513586,33.612016],[-24.522233,33.611141],[-24.524394,33.610925],[-24.528717,33.610497],[-24.530878,33.610285],[-24.548184,33.60861],[-24.550345,33.608403],[-24.554671,33.607994],[-24.556834,33.607792],[-24.565491,33.606992],[-24.567654,33.606795],[-24.571982,33.606405],[-24.574146,33.606212],[-24.591471,33.604689],[-24.593635,33.604501],[-24.597965,33.604129],[-24.60013,33.603946],[-24.608796,33.603223],[-24.610962,33.603044],[-24.615295,33.602692],[-24.61746,33.602518],[-24.634802,33.601147],[-24.636968,33.600978],[-24.641303,33.600645],[-24.643471,33.60048],[-24.652145,33.599833],[-24.654312,33.599673],[-24.658649,33.599359],[-24.660817,33.599204],[-24.678175,33.597985],[-24.680342,33.597835],[-24.684681,33.59754],[-24.68685,33.597394],[-24.695532,33.596823],[-24.697701,33.596682],[-24.702041,33.596406],[-24.704211,33.59627],[-24.721582,33.595203],[-24.723752,33.595072],[-24.728094,33.594815],[-24.730264,33.594689],[-24.738952,33.594193],[-24.741123,33.594072],[-24.745467,33.593833],[-24.747638,33.593717],[-24.765021,33.592802],[-24.767192,33.59269],[-24.771537,33.592471],[-24.773709,33.592363],[-24.782402,33.591944],[-24.784575,33.591842],[-24.788921,33.591641],[-24.791093,33.591544],[-24.808487,33.590781],[-24.810659,33.590688],[-24.815006,33.590507],[-24.817179,33.590419],[-24.825877,33.590076],[-24.828051,33.589992],[-24.832399,33.58983],[-24.834572,33.589752],[-24.851974,33.589142],[-24.854147,33.589068],[-24.858496,33.588925],[-24.860671,33.588856],[-24.869372,33.588589],[-24.871547,33.588524],[-24.875897,33.5884],[-24.87807,33.588341],[-24.895479,33.587883],[-24.897653,33.587828],[-24.902004,33.587723],[-24.904178,33.587673],[-24.912883,33.587483],[-24.915058,33.587437],[-24.919409,33.587352],[-24.921584,33.587311],[-24.938996,33.587006],[-24.941171,33.58697],[-24.945523,33.586903],[-24.947698,33.586872],[-24.956404,33.586758],[-24.95858,33.586732],[-24.962932,33.586684],[-24.965107,33.586663],[-24.982522,33.58651],[-24.983609,33.586501],[-24.985784,33.586484],[-24.986871,33.586477],[-24.991228,33.586569],[-24.992315,33.58655],[-24.99449,33.586514],[-24.995577,33.586496],[-24.996792,33.586476],[-25.004284,33.586422],[-25.005371,33.586414],[-25.007548,33.5864],[-25.008636,33.586393],[-25.01299,33.586366],[-25.014078,33.58636],[-25.015149,33.586358],[-25.016255,33.586363],[-25.017343,33.586367],[-25.018432,33.586373],[-25.020609,33.586384],[-25.021697,33.58639],[-25.026051,33.586414],[-25.027139,33.586421],[-25.029316,33.586434],[-25.030403,33.586441],[-25.03257,33.586456],[-25.039108,33.586568],[-25.040194,33.586558],[-25.042369,33.586614],[-25.043455,33.58661],[-25.047816,33.586477],[-25.048903,33.586484],[-25.051078,33.586501],[-25.052165,33.58651],[-25.06958,33.586663],[-25.071755,33.586684],[-25.076107,33.586732],[-25.078283,33.586758],[-25.086989,33.586872],[-25.089164,33.586903],[-25.093516,33.58697],[-25.095691,33.587006],[-25.113104,33.587311],[-25.115278,33.587352],[-25.119629,33.587437],[-25.121804,33.587483],[-25.130509,33.587673],[-25.132683,33.587723],[-25.137034,33.587828],[-25.139208,33.587883],[-25.15432,33.588279],[-25.160908,33.588387],[-25.164128,33.588445],[-25.1771,33.588701],[-25.180342,33.58877],[-25.186826,33.58892],[-25.190067,33.589],[-25.207476,33.589457],[-25.209649,33.589517],[-25.214,33.589641],[-25.216174,33.589705],[-25.224876,33.589972],[-25.22705,33.590041],[-25.231399,33.590184],[-25.233572,33.590258],[-25.250974,33.590868],[-25.253148,33.590947],[-25.257496,33.591109],[-25.259669,33.591192],[-25.268367,33.591535],[-25.270541,33.591624],[-25.274888,33.591805],[-25.27706,33.591898],[-25.294454,33.59266],[-25.296626,33.592758],[-25.300972,33.592958],[-25.303145,33.59306],[-25.311838,33.59348],[-25.31401,33.593587],[-25.318355,33.593806],[-25.320526,33.593918],[-25.33791,33.594833],[-25.340081,33.59495],[-25.344424,33.595188],[-25.346595,33.59531],[-25.355283,33.595805],[-25.357454,33.595931],[-25.361796,33.596189],[-25.363966,33.59632],[-25.381338,33.597387],[-25.383507,33.597523],[-25.387847,33.597799],[-25.390017,33.597939],[-25.398698,33.598511],[-25.400867,33.598656],[-25.405206,33.598951],[-25.407374,33.599101],[-25.424732,33.600321],[-25.4269,33.600475],[-25.431237,33.60079],[-25.433404,33.600949],[-25.442079,33.601597],[-25.444246,33.601761],[-25.448581,33.602094],[-25.450747,33.602263],[-25.468089,33.603635],[-25.470255,33.603808],[-25.474588,33.604161],[-25.476753,33.604339],[-25.485419,33.605063],[-25.487584,33.605246],[-25.491915,33.605617],[-25.494079,33.605805],[-25.511404,33.607329],[-25.513568,33.607521],[-25.517896,33.607911],[-25.520059,33.608109],[-25.528716,33.608908],[-25.530879,33.60911],[-25.535205,33.60952],[-25.537367,33.609727],[-25.554672,33.611402],[-25.556833,33.611613],[-25.561157,33.612041],[-25.563318,33.612258],[-25.571965,33.613133],[-25.574125,33.613354],[-25.578446,33.613801],[-25.580605,33.614027],[-25.59789,33.615854],[-25.600048,33.616084],[-25.604366,33.61655],[-25.606524,33.616785],[-25.61516,33.617736],[-25.617317,33.617976],[-25.621633,33.618461],[-25.623789,33.618706],[-25.641051,33.620684],[-25.643206,33.620933],[-25.647519,33.621437],[-25.649674,33.621691],[-25.657921,33.622672],[-25.660133,33.622888],[-25.661214,33.622994],[-25.665539,33.623422],[-25.66662,33.62353],[-25.668782,33.623746],[-25.669862,33.623855],[-25.678513,33.62473],[-25.679594,33.624839],[-25.681755,33.62506],[-25.682836,33.625172],[-25.68716,33.625618],[-25.68824,33.625731],[-25.690401,33.625956],[-25.691482,33.62607],[-25.694357,33.626374],[-25.69544,33.626489],[-25.697606,33.62672],[-25.698689,33.626836],[-25.703021,33.627303],[-25.704103,33.627421],[-25.706269,33.627656],[-25.707351,33.627775],[-25.716012,33.628729],[-25.717094,33.628848],[-25.719258,33.629089],[-25.72034,33.62921],[-25.724668,33.629696],[-25.725749,33.629818],[-25.727912,33.630063],[-25.728993,33.630187],[-25.743385,33.631835],[-25.744463,33.631959],[-25.746619,33.632208],[-25.747697,33.632333],[-25.752011,33.632837],[-25.753089,33.632964],[-25.755245,33.633218],[-25.756323,33.633345],[-25.76495,33.634372],[-25.766027,33.6345],[-25.768183,33.634759],[-25.76926,33.634889],[-25.773572,33.635412],[-25.77465,33.635543],[-25.776805,33.635807],[-25.777882,33.635939],[-25.780801,33.636299],[-25.781881,33.636433],[-25.784041,33.636703],[-25.785121,33.636838],[-25.789441,33.637381],[-25.790521,33.637517],[-25.79268,33.637791],[-25.793759,33.637929],[-25.802397,33.639034],[-25.803475,33.639173],[-25.805633,33.639451],[-25.806712,33.639591],[-25.811028,33.640153],[-25.812106,33.640294],[-25.814263,33.640578],[-25.822986,33.641764],[-25.831139,33.642911],[-25.83184,33.642999],[-25.840471,33.64412],[-25.848864,33.645249],[-25.849628,33.645352],[-25.851778,33.645642],[-25.852328,33.645717],[-25.856628,33.646301],[-25.858027,33.646492],[-25.860176,33.646787],[-25.864355,33.64737],[-25.867503,33.647816],[-25.871545,33.648398],[-25.872475,33.648534],[-25.874299,33.648803],[-25.875763,33.64902],[-25.876196,33.649084],[-25.878603,33.649432],[-25.886862,33.650677],[-25.893063,33.651611],[-25.899008,33.652533],[-25.905653,33.65346],[-25.912014,33.654369],[-25.916237,33.654996],[-25.917807,33.655233],[-25.920503,33.655641],[-25.922291,33.655913],[-25.925683,33.656429],[-25.926759,33.656594],[-25.92888,33.656919],[-25.92994,33.657082],[-25.93418,33.657738],[-25.93524,33.657902],[-25.937359,33.658232],[-25.938418,33.658397],[-25.946896,33.659727],[-25.947954,33.659893],[-25.950072,33.660227],[-25.951131,33.660395],[-25.955366,33.661069],[-25.956424,33.661238],[-25.95854,33.661577],[-25.959597,33.661747],[-25.976705,33.664505],[-25.9797,33.664993],[-25.985689,33.665977],[-25.988682,33.666474],[-26.000656,33.668482],[-26.003646,33.668988],[-26.009627,33.67001],[-26.012615,33.670525],[-26.036528,33.674686],[-26.039514,33.67521],[-26.045486,33.676269],[-26.04847,33.676802],[-26.060408,33.678956],[-26.06339,33.679499],[-26.069354,33.680594],[-26.072333,33.681146],[-26.089349,33.684326],[-26.091473,33.684725],[-26.095723,33.685529],[-26.097847,33.685934],[-26.106345,33.687561],[-26.108467,33.687969],[-26.112712,33.688792],[-26.114833,33.689205],[-26.13181,33.692534],[-26.133929,33.692952],[-26.138169,33.693793],[-26.140288,33.694216],[-26.148765,33.695917],[-26.150883,33.696345],[-26.155118,33.697205],[-26.157233,33.697637],[-26.174169,33.701114],[-26.176283,33.70155],[-26.180513,33.702429],[-26.182627,33.70287],[-26.191083,33.704645],[-26.193195,33.705091],[-26.19742,33.705988],[-26.19953,33.706439],[-26.216423,33.710064],[-26.218532,33.710519],[-26.222751,33.711434],[-26.224859,33.711894],[-26.233293,33.713744],[-26.2354,33.714208],[-26.239613,33.715142],[-26.241718,33.715611],[-26.258567,33.719384],[-26.26067,33.719857],[-26.264878,33.720809],[-26.26698,33.721288],[-26.275392,33.723211],[-26.277493,33.723694],[-26.281695,33.724664],[-26.283794,33.725152],[-26.300596,33.729072],[-26.302693,33.729564],[-26.306889,33.730553],[-26.308986,33.73105],[-26.317374,33.733047],[-26.319469,33.733548],[-26.323659,33.734555],[-26.325752,33.735061],[-26.342506,33.739128],[-26.344597,33.739639],[-26.348781,33.740664],[-26.350872,33.741179],[-26.359235,33.743249],[-26.361324,33.743769],[-26.365502,33.744813],[-26.367589,33.745337],[-26.384292,33.749551],[-26.386378,33.75008],[-26.390549,33.751142],[-26.392633,33.751675],[-26.400971,33.753818],[-26.403054,33.754356],[-26.407219,33.755437],[-26.409299,33.755979],[-26.425951,33.760339],[-26.42803,33.760886],[-26.432188,33.761984],[-26.434266,33.762536],[-26.442578,33.764752],[-26.444654,33.765308],[-26.448805,33.766425],[-26.450879,33.766986],[-26.467477,33.771491],[-26.469549,33.772056],[-26.473694,33.773191],[-26.475765,33.773761],[-26.48405,33.77605],[-26.486119,33.776624],[-26.490256,33.777777],[-26.492323,33.778356],[-26.508867,33.783007],[-26.510177,33.783376],[-26.512799,33.784117],[-26.51411,33.784489],[-26.519353,33.785979],[-26.520663,33.786352],[-26.523283,33.787101],[-26.524592,33.787476],[-26.53507,33.790486],[-26.536922,33.79102],[-26.540625,33.792092],[-26.542475,33.79263],[-26.549877,33.794789],[-26.551936,33.795392],[-26.556053,33.796603],[-26.558152,33.797223],[-26.559383,33.797588],[-26.565785,33.79949],[-26.566502,33.799704],[-26.567919,33.800126],[-26.568706,33.800361],[-26.571791,33.801283],[-26.572542,33.801508],[-26.574041,33.801958],[-26.574789,33.802182],[-26.591217,33.807122],[-26.591776,33.80729],[-26.593267,33.807741],[-26.597369,33.808984],[-26.599418,33.809608],[-26.607616,33.812114],[-26.609663,33.812742],[-26.613757,33.814003],[-26.615802,33.814636],[-26.632169,33.819719],[-26.634212,33.820356],[-26.638298,33.821635],[-26.64034,33.822277],[-26.648507,33.824854],[-26.650547,33.8255],[-26.654625,33.826797],[-26.656662,33.827448],[-26.672967,33.832674],[-26.675002,33.833329],[-26.679072,33.834644],[-26.681106,33.835304],[-26.689241,33.837952],[-26.691273,33.838616],[-26.695336,33.839949],[-26.697365,33.840617],[-26.713605,33.845986],[-26.715632,33.846659],[-26.719687,33.848009],[-26.721713,33.848686],[-26.729815,33.851406],[-26.731839,33.852088],[-26.735885,33.853456],[-26.737906,33.854142],[-26.754081,33.859653],[-26.7561,33.860343],[-26.760137,33.861729],[-26.762155,33.862424],[-26.770224,33.865214],[-26.772239,33.865914],[-26.776269,33.867318],[-26.778281,33.868021],[-26.794388,33.873673],[-26.796399,33.874381],[-26.80042,33.875803],[-26.802428,33.876515],[-26.810464,33.879376],[-26.81247,33.880093],[-26.816483,33.881532],[-26.818486,33.882253],[-26.834524,33.888046],[-26.836526,33.888772],[-26.840529,33.890228],[-26.842529,33.890958],[-26.850529,33.893889],[-26.852527,33.894624],[-26.856522,33.896098],[-26.858517,33.896837],[-26.874483,33.90277],[-26.876476,33.903513],[-26.880462,33.905004],[-26.882453,33.905752],[-26.890417,33.908753],[-26.892406,33.909505],[-26.896382,33.911013],[-26.898368,33.91177],[-26.914262,33.917842],[-26.916246,33.918602],[-26.920213,33.920129],[-26.922195,33.920894],[-26.930122,33.923964],[-26.932102,33.924734],[-26.93606,33.926277],[-26.938036,33.927051],[-26.953855,33.933262],[-26.95583,33.93404],[-26.959778,33.935601],[-26.961751,33.936383],[-26.969641,33.939523],[-26.971611,33.940309],[-26.97555,33.941888],[-26.977517,33.942678],[-26.99326,33.949028],[-26.995225,33.949823],[-26.999154,33.951418],[-27.001117,33.952218],[-27.008968,33.955426],[-27.010928,33.95623],[-27.014848,33.957843],[-27.016805,33.958651],[-27.03247,33.965138],[-27.034425,33.96595],[-27.038335,33.967579],[-27.040288,33.968396],[-27.0481,33.971674],[-27.050051,33.972495],[-27.05395,33.974141],[-27.055898,33.974966],[-27.071483,33.98159],[-27.073428,33.982419],[-27.077318,33.984083],[-27.079261,33.984917],[-27.087032,33.988262],[-27.088973,33.9891],[-27.092853,33.990781],[-27.09479,33.991623],[-27.110294,33.998383],[-27.112229,33.999229],[-27.116098,34.000927],[-27.118031,34.001778],[-27.125761,34.005191],[-27.127691,34.006046],[-27.13155,34.007761],[-27.133477,34.00862],[-27.148898,34.015515],[-27.150084,34.016046],[-27.152459,34.017112],[-27.153645,34.017646],[-27.158392,34.019784],[-27.159577,34.020319],[-27.161948,34.021391],[-27.163132,34.021928],[-27.172611,34.026232],[-27.173794,34.02677],[-27.176161,34.027849],[-27.177344,34.028389],[-27.182075,34.030553],[-27.183257,34.031095],[-27.18562,34.03218],[-27.186808,34.032727],[-27.190699,34.034521],[-27.191945,34.035096],[-27.193509,34.035818],[-27.194422,34.036241],[-27.196214,34.037071],[-27.19711,34.037486],[-27.200691,34.03915],[-27.20182,34.039676],[-27.204078,34.040729],[-27.205207,34.041256],[-27.206261,34.04175],[-27.206963,34.042079],[-27.214848,34.045775],[-27.215817,34.04623],[-27.217757,34.047142],[-27.218727,34.047598],[-27.222652,34.04945],[-27.223644,34.049918],[-27.225531,34.050811],[-27.226474,34.051258],[-27.241375,34.058329],[-27.242471,34.05885],[-27.243227,34.059211],[-27.246931,34.060979],[-27.248781,34.061864],[-27.25618,34.065417],[-27.258028,34.066307],[-27.261721,34.06809],[-27.263565,34.068984],[-27.278322,34.076153],[-27.280164,34.07705],[-27.283846,34.07885],[-27.285686,34.079751],[-27.293042,34.083367],[-27.294879,34.084272],[-27.29855,34.086087],[-27.300384,34.086996],[-27.314997,34.094263],[-27.316821,34.095172],[-27.320468,34.096996],[-27.322289,34.097909],[-27.329573,34.101573],[-27.331392,34.10249],[-27.335028,34.104329],[-27.336843,34.10525],[-27.351369,34.11264],[-27.353182,34.113565],[-27.356807,34.11542],[-27.358618,34.116349],[-27.365858,34.120074],[-27.367666,34.121007],[-27.371279,34.122877],[-27.373084,34.123813],[-27.387522,34.131327],[-27.389324,34.132267],[-27.392926,34.134152],[-27.394725,34.135096],[-27.401921,34.138883],[-27.403718,34.139831],[-27.407309,34.141732],[-27.409102,34.142683],[-27.42345,34.150319],[-27.425241,34.151275],[-27.428821,34.15319],[-27.430609,34.15415],[-27.437759,34.157998],[-27.439544,34.158961],[-27.443113,34.160892],[-27.444895,34.161859],[-27.459151,34.169616],[-27.46093,34.170587],[-27.464487,34.172533],[-27.466264,34.173508],[-27.473368,34.177416],[-27.475142,34.178395],[-27.478687,34.180356],[-27.480457,34.181338],[-27.494621,34.189216],[-27.496388,34.190202],[-27.499922,34.192178],[-27.501687,34.193168],[-27.508744,34.197137],[-27.510506,34.19813],[-27.514028,34.200122],[-27.515786,34.201119],[-27.529855,34.209117],[-27.531611,34.210118],[-27.535121,34.212124],[-27.536874,34.213129],[-27.543884,34.217157],[-27.545634,34.218165],[-27.549132,34.220187],[-27.550878,34.221199],[-27.564851,34.229316],[-27.566595,34.230332],[-27.570081,34.232368],[-27.571822,34.233387],[-27.578783,34.237475],[-27.580521,34.238498],[-27.583995,34.240549],[-27.585729,34.241576],[-27.599605,34.249812],[-27.605643,34.25343],[-27.617887,34.260838],[-27.621005,34.262703],[-27.623688,34.264313],[-27.62908,34.267563],[-27.631773,34.269192],[-27.635632,34.271538],[-27.637765,34.272838],[-27.642026,34.275445],[-27.644154,34.276751],[-27.651007,34.280972],[-27.652351,34.281802],[-27.655038,34.283464],[-27.65638,34.284295],[-27.666567,34.290622],[-27.670374,34.293002],[-27.670811,34.293271],[-27.682817,34.300723],[-27.688799,34.304471],[-27.702373,34.313057],[-27.704067,34.314131],[-27.707453,34.316284],[-27.709144,34.317362],[-27.715905,34.321683],[-27.717592,34.322765],[-27.720965,34.324932],[-27.722649,34.326017],[-27.73612,34.334718],[-27.7374,34.335546],[-27.739959,34.337205],[-27.741237,34.338036],[-27.746349,34.341364],[-27.747626,34.342197],[-27.750178,34.343864],[-27.751452,34.344699],[-27.761648,34.351389],[-27.763343,34.352505],[-27.766732,34.354741],[-27.768425,34.35586],[-27.775191,34.360347],[-27.77688,34.361471],[-27.780256,34.363721],[-27.781942,34.364848],[-27.785515,34.367243],[-27.786774,34.368089],[-27.788873,34.369499],[-27.79013,34.370345],[-27.804059,34.379729],[-27.80578,34.380891],[-27.80922,34.383221],[-27.810938,34.384388],[-27.817696,34.388991],[-27.819393,34.39015],[-27.822699,34.392413],[-27.82435,34.393546],[-27.837928,34.40289],[-27.839566,34.40402],[-27.84294,34.406354],[-27.844624,34.407523],[-27.851359,34.412207],[-27.85304,34.413379],[-27.856399,34.415728],[-27.858075,34.416903],[-27.871488,34.426331],[-27.873161,34.42751],[-27.876506,34.429874],[-27.878176,34.431057],[-27.884852,34.435799],[-27.886519,34.436986],[-27.889849,34.439364],[-27.891511,34.440554],[-27.904806,34.450099],[-27.906465,34.451293],[-27.90978,34.453685],[-27.911436,34.454883],[-27.918053,34.459683],[-27.919705,34.460885],[-27.923005,34.463292],[-27.924652,34.464496],[-27.937829,34.474157],[-27.939473,34.475365],[-27.942759,34.477786],[-27.944399,34.478998],[-27.950957,34.483857],[-27.952593,34.485072],[-27.955864,34.487508],[-27.957496,34.488727],[-27.970553,34.498502],[-27.972182,34.499725],[-27.975437,34.502175],[-27.977062,34.503401],[-27.98356,34.508316],[-27.985181,34.509546],[-27.988421,34.512011],[-27.990038,34.513244],[-28.002974,34.523133],[-28.004587,34.524369],[-28.007812,34.526847],[-28.009422,34.528088],[-28.015858,34.53306],[-28.017464,34.534304],[-28.020674,34.536797],[-28.022275,34.538044],[-28.035087,34.548045],[-28.036685,34.549296],[-28.039879,34.551802],[-28.041474,34.553057],[-28.047848,34.558085],[-28.049439,34.559343],[-28.052617,34.561863],[-28.054203,34.563124],[-28.06689,34.573237],[-28.068473,34.574502],[-28.071636,34.577036],[-28.073215,34.578304],[-28.079526,34.583388],[-28.081101,34.58466],[-28.084248,34.587208],[-28.085818,34.588483],[-28.098379,34.598706],[-28.099946,34.599984],[-28.103077,34.602546],[-28.10464,34.603828],[-28.110888,34.608967],[-28.112447,34.610252],[-28.115562,34.612828],[-28.117117,34.614116],[-28.12955,34.624449],[-28.131101,34.625741],[-28.1342,34.62833],[-28.135747,34.629625],[-28.141931,34.634818],[-28.143474,34.636117],[-28.146557,34.63872],[-28.148095,34.640022],[-28.160399,34.650463],[-28.161934,34.651768],[-28.165001,34.654384],[-28.166532,34.655693],[-28.172651,34.66094],[-28.174177,34.662252],[-28.177228,34.664882],[-28.17875,34.666197],[-28.190923,34.676745],[-28.192442,34.678064],[-28.195476,34.680706],[-28.19699,34.682029],[-28.203043,34.687329],[-28.204554,34.688654],[-28.207571,34.69131],[-28.209077,34.692639],[-28.221118,34.703293],[-28.22262,34.704625],[-28.225621,34.707294],[-28.227119,34.708629],[-28.233106,34.713982],[-28.2346,34.715321],[-28.237584,34.718003],[-28.239073,34.719345],[-28.250981,34.730103],[-28.252174,34.731183],[-28.254559,34.733346],[-28.255694,34.734649],[-28.26045,34.738833],[-28.261621,34.739939],[-28.264019,34.742083],[-28.265217,34.743155],[-28.266057,34.743908],[-28.274731,34.751824],[-28.276199,34.753183],[-28.279125,34.755915],[-28.280586,34.757282],[-28.286429,34.762753],[-28.287888,34.764121],[-28.289605,34.765733],[-28.290788,34.766872],[-28.292241,34.768243],[-28.294768,34.770442],[-28.295627,34.771249],[-28.297058,34.772595],[-28.297915,34.773401],[-28.309851,34.784647],[-28.310796,34.785538],[-28.312214,34.786877],[-28.313664,34.78825],[-28.316561,34.791],[-28.318007,34.792376],[-28.322529,34.796693],[-28.323109,34.797246],[-28.324268,34.798355],[-28.325396,34.799436],[-28.326492,34.800488],[-28.327039,34.801014],[-28.338538,34.81208],[-28.339972,34.813463],[-28.342837,34.816234],[-28.343714,34.817085],[-28.344267,34.817621],[-28.349981,34.823178],[-28.351407,34.824568],[-28.354254,34.827352],[-28.355675,34.828745],[-28.367035,34.83991],[-28.368451,34.841306],[-28.371282,34.844103],[-28.372694,34.845502],[-28.378338,34.851109],[-28.379747,34.852511],[-28.382559,34.85532],[-28.383962,34.856725],[-28.395182,34.867989],[-28.396581,34.869397],[-28.399376,34.872218],[-28.400771,34.873629],[-28.406344,34.879285],[-28.407735,34.8807],[-28.410512,34.883533],[-28.411898,34.88495],[-28.422975,34.896312],[-28.424356,34.897732],[-28.427116,34.900577],[-28.428493,34.902001],[-28.433996,34.907705],[-28.435368,34.909132],[-28.43811,34.911989],[-28.439477,34.913418],[-28.450412,34.924876],[-28.451775,34.926308],[-28.454499,34.929177],[-28.455858,34.930613],[-28.461288,34.936365],[-28.462643,34.937803],[-28.465348,34.940685],[-28.466698,34.942126],[-28.477488,34.953678],[-28.478833,34.955122],[-28.481521,34.958015],[-28.482862,34.959463],[-28.48822,34.965262],[-28.489556,34.966712],[-28.492225,34.969617],[-28.493557,34.97107],[-28.504201,34.982716],[-28.505528,34.984171],[-28.508179,34.987088],[-28.509501,34.988547],[-28.514786,34.994392],[-28.516104,34.995854],[-28.518736,34.998782],[-28.520049,35.000247],[-28.530546,35.011985],[-28.531855,35.013452],[-28.534469,35.016391],[-28.535773,35.017862],[-28.540984,35.023753],[-28.542284,35.025227],[-28.544879,35.028177],[-28.546173,35.029653],[-28.556522,35.041483],[-28.557812,35.042962],[-28.560389,35.045923],[-28.561674,35.047405],[-28.565358,35.051836],[-28.56748,35.05205],[-28.576312,35.05262],[-28.578519,35.052765],[-28.582933,35.053059],[-28.585139,35.053209],[-28.6028,35.054425],[-28.605005,35.05458],[-28.609417,35.054893],[-28.611623,35.055052],[-28.620448,35.055698],[-28.622653,35.055862],[-28.627064,35.056195],[-28.629267,35.056363],[-28.646912,35.057731],[-28.649115,35.057904],[-28.653524,35.058256],[-28.655727,35.058434],[-28.664544,35.059156],[-28.666747,35.059338],[-28.671153,35.059709],[-28.673355,35.059896],[-28.690982,35.061416],[-28.693183,35.061608],[-28.697587,35.061997],[-28.699788,35.062194],[-28.708596,35.062992],[-28.710796,35.063193],[-28.715198,35.063601],[-28.717397,35.063808],[-28.735005,35.065479],[-28.737203,35.06569],[-28.741602,35.066117],[-28.743801,35.066333],[-28.752598,35.067206],[-28.754796,35.067426],[-28.759193,35.067872],[-28.761389,35.068098],[-28.778976,35.06992],[-28.781172,35.07015],[-28.785565,35.070614],[-28.787761,35.070849],[-28.796547,35.071798],[-28.798743,35.072037],[-28.803133,35.072521],[-28.805327,35.072765],[-28.82289,35.074738],[-28.825083,35.074987],[-28.829471,35.075489],[-28.831664,35.075743],[-28.840438,35.076767],[-28.84263,35.077025],[-28.847015,35.077547],[-28.849205,35.07781],[-28.866744,35.079934],[-28.868934,35.080201],[-28.873315,35.080741],[-28.875505,35.081014],[-28.884266,35.082113],[-28.886455,35.08239],[-28.890833,35.082949],[-28.89302,35.083231],[-28.910532,35.085506],[-28.911782,35.085669],[-28.914284,35.085997],[-28.915534,35.086161],[-28.920539,35.086824],[-28.92179,35.08699],[-28.924291,35.087325],[-28.925541,35.087492],[-28.935549,35.088842],[-28.937106,35.089054],[-28.940222,35.089479],[-28.941779,35.089692],[-28.94801,35.090552],[-28.950181,35.090855],[-28.954523,35.091464],[-28.95672,35.091774],[-28.959258,35.092136],[-28.959885,35.092226],[-28.961139,35.092405],[-28.961713,35.092487],[-28.969241,35.09357],[-28.970174,35.093705],[-28.972042,35.093975],[-28.972975,35.09411],[-28.97671,35.094655],[-28.977643,35.094791],[-28.979509,35.095065],[-28.980441,35.095202],[-28.997893,35.097776],[-29.000072,35.0981],[-29.004432,35.098753],[-29.00661,35.099082],[-29.015328,35.100406],[-29.017505,35.10074],[-29.021861,35.101411],[-29.024037,35.101749],[-29.041457,35.104474],[-29.043632,35.104817],[-29.047983,35.105507],[-29.050158,35.105854],[-29.058859,35.107254],[-29.061032,35.107606],[-29.065379,35.108315],[-29.067551,35.108671],[-29.084937,35.111545],[-29.087108,35.111907],[-29.09145,35.112634],[-29.093621,35.113],[-29.102304,35.114474],[-29.104473,35.114845],[-29.108811,35.115591],[-29.110978,35.115967],[-29.128328,35.11899],[-29.130495,35.11937],[-29.134828,35.120135],[-29.136994,35.120519],[-29.145659,35.122068],[-29.147823,35.122457],[-29.152152,35.123241],[-29.154314,35.123635],[-29.171627,35.126807],[-29.173788,35.127205],[-29.178112,35.128007],[-29.180273,35.12841],[-29.188919,35.130033],[-29.191078,35.130441],[-29.195397,35.131262],[-29.197555,35.131674],[-29.214828,35.134995],[-29.216984,35.135412],[-29.221298,35.136251],[-29.223454,35.136673],[-29.232079,35.13837],[-29.234234,35.138797],[-29.238542,35.139654],[-29.240695,35.140085],[-29.257926,35.143554],[-29.260078,35.14399],[-29.264381,35.144866],[-29.266532,35.145306],[-29.275136,35.147077],[-29.277464,35.147559],[-29.282426,35.148392],[-29.288735,35.149418],[-29.292157,35.149981],[-29.299021,35.151123],[-29.30245,35.151699],[-29.316194,35.154034],[-29.319627,35.154623],[-29.326492,35.155813],[-29.329922,35.156414],[-29.345513,35.159174],[-29.34746,35.15952],[-29.351354,35.160217],[-29.3533,35.160568],[-29.361087,35.161977],[-29.363032,35.162331],[-29.366922,35.163044],[-29.368866,35.163401],[-29.384426,35.166281],[-29.386368,35.166642],[-29.390255,35.167369],[-29.392197,35.167735],[-29.399968,35.169204],[-29.401909,35.169573],[-29.405791,35.170316],[-29.407731,35.170688],[-29.423258,35.173688],[-29.425197,35.174064],[-29.429075,35.174821],[-29.431014,35.175202],[-29.438768,35.176731],[-29.440705,35.177115],[-29.444579,35.177887],[-29.446515,35.178275],[-29.462009,35.181394],[-29.463943,35.181786],[-29.467813,35.182572],[-29.469747,35.182968],[-29.477484,35.184557],[-29.479417,35.184956],[-29.483282,35.185758],[-29.485213,35.186161],[-29.500672,35.189399],[-29.502602,35.189805],[-29.506464,35.190622],[-29.508393,35.191032],[-29.516113,35.192681],[-29.518041,35.193095],[-29.521897,35.193927],[-29.523824,35.194344],[-29.539247,35.197702],[-29.541172,35.198123],[-29.545024,35.19897],[-29.546949,35.199395],[-29.55465,35.201103],[-29.556574,35.201532],[-29.560421,35.202393],[-29.562343,35.202826],[-29.577728,35.206302],[-29.579649,35.206738],[-29.583492,35.207614],[-29.585412,35.208054],[-29.593094,35.209822],[-29.595013,35.210266],[-29.59885,35.211157],[-29.600767,35.211604],[-29.616114,35.215199],[-29.61803,35.21565],[-29.621863,35.216556],[-29.623778,35.21701],[-29.63144,35.218837],[-29.633354,35.219296],[-29.637182,35.220216],[-29.639094,35.220678],[-29.6544,35.224392],[-29.656311,35.224857],[-29.660134,35.225792],[-29.662044,35.226262],[-29.669686,35.228148],[-29.671594,35.228621],[-29.675412,35.229571],[-29.677319,35.230048],[-29.692584,35.233879],[-29.694489,35.234359],[-29.698301,35.235324],[-29.700206,35.235808],[-29.707827,35.237753],[-29.709731,35.238241],[-29.713537,35.23922],[-29.715439,35.239712],[-29.730661,35.243661],[-29.732561,35.244156],[-29.736363,35.24515],[-29.738262,35.245649],[-29.745861,35.247652],[-29.759843,35.251454],[-29.761128,35.251793],[-29.769602,35.25403],[-29.77336,35.255041],[-29.774325,35.255301],[-29.781906,35.257347],[-29.786425,35.258579],[-29.790209,35.259621],[-29.79398,35.260666],[-29.808233,35.264651],[-29.81692,35.267123],[-29.817619,35.267325],[-29.821401,35.268268],[-29.83134,35.271071],[-29.833165,35.271588],[-29.836814,35.272625],[-29.838637,35.273145],[-29.845931,35.275232],[-29.847973,35.275819],[-29.852058,35.276998],[-29.854143,35.277603],[-29.855439,35.27798],[-29.86227,35.279971],[-29.863042,35.280196],[-29.86457,35.280643],[-29.865405,35.280887],[-29.868684,35.281849],[-29.869486,35.282085],[-29.871087,35.282556],[-29.871886,35.282791],[-29.889454,35.287976],[-29.890106,35.288168],[-29.891647,35.288626],[-29.896034,35.289931],[-29.898225,35.290587],[-29.906992,35.293218],[-29.909181,35.293878],[-29.913559,35.295204],[-29.915745,35.295868],[-29.933246,35.301211],[-29.93543,35.301881],[-29.9398,35.303226],[-29.941983,35.303901],[-29.950715,35.306611],[-29.952895,35.307291],[-29.957256,35.308656],[-29.959434,35.30934],[-29.976864,35.31484],[-29.97904,35.31553],[-29.983392,35.316914],[-29.985566,35.317608],[-29.994262,35.320397],[-29.996434,35.321097],[-30.000777,35.322501],[-30.002946,35.323205],[-30.020305,35.328862],[-30.022471,35.329571],[-30.026805,35.330994],[-30.02897,35.331708],[-30.03763,35.334576],[-30.039793,35.335295],[-30.044117,35.336738],[-30.046277,35.337461],[-30.063562,35.343275],[-30.065719,35.344003],[-30.070034,35.345465],[-30.07219,35.346199],[-30.080812,35.349144],[-30.082966,35.349882],[-30.087271,35.351364],[-30.089421,35.352107],[-30.10663,35.358076],[-30.108778,35.358824],[-30.113074,35.360325],[-30.11522,35.361078],[-30.123804,35.364101],[-30.125948,35.364859],[-30.130234,35.366379],[-30.132374,35.367142],[-30.149505,35.373265],[-30.150574,35.373648],[-30.152712,35.374415],[-30.153781,35.374799],[-30.158057,35.376339],[-30.159126,35.376724],[-30.161262,35.377497],[-30.16233,35.377883],[-30.170875,35.380983],[-30.171942,35.381371],[-30.174077,35.382148],[-30.175143,35.382537],[-30.177854,35.383527],[-30.178656,35.383762],[-30.180046,35.38417],[-30.180743,35.384375],[-30.19749,35.389302],[-30.198583,35.389624],[-30.199581,35.389919],[-30.203762,35.391159],[-30.205851,35.391782],[-30.214208,35.394281],[-30.216296,35.394907],[-30.220469,35.396165],[-30.222554,35.396796],[-30.239239,35.401867],[-30.241322,35.402502],[-30.245488,35.403778],[-30.24757,35.404418],[-30.255896,35.406988],[-30.257975,35.407633],[-30.262133,35.408927],[-30.26421,35.409576],[-30.280832,35.414789],[-30.282907,35.415442],[-30.287057,35.416753],[-30.289131,35.417411],[-30.297425,35.420053],[-30.299496,35.420715],[-30.303638,35.422045],[-30.305707,35.422711],[-30.322265,35.428066],[-30.324331,35.428737],[-30.328465,35.430084],[-30.33053,35.43076],[-30.338792,35.433473],[-30.340855,35.434153],[-30.34498,35.435518],[-30.347041,35.436202],[-30.363532,35.441699],[-30.36559,35.442387],[-30.369707,35.44377],[-30.371764,35.444463],[-30.379991,35.447246],[-30.382046,35.447944],[-30.386154,35.449344],[-30.388206,35.450046],[-30.404629,35.455684],[-30.406679,35.45639],[-30.410778,35.457808],[-30.412827,35.458518],[-30.421019,35.461372],[-30.423065,35.462087],[-30.427156,35.463523],[-30.429199,35.464242],[-30.445552,35.47002],[-30.447593,35.470744],[-30.451675,35.472197],[-30.453714,35.472925],[-30.461872,35.475849],[-30.463909,35.476582],[-30.467982,35.478052],[-30.470016,35.478789],[-30.486296,35.484707],[-30.488329,35.485448],[-30.492393,35.486936],[-30.494423,35.487681],[-30.502544,35.490675],[-30.504572,35.491425],[-30.508626,35.49293],[-30.510651,35.493684],[-30.526858,35.499742],[-30.528881,35.5005],[-30.532927,35.502023],[-30.534948,35.502786],[-30.543031,35.505849],[-30.54505,35.506616],[-30.549086,35.508156],[-30.551101,35.508928],[-30.567233,35.515123],[-30.569246,35.515899],[-30.573273,35.517456],[-30.575284,35.518237],[-30.583329,35.521369],[-30.585339,35.522153],[-30.589355,35.523728],[-30.591361,35.524516],[-30.607415,35.53085],[-30.609419,35.531643],[-30.613426,35.533234],[-30.615428,35.534032],[-30.623434,35.537233],[-30.625434,35.538035],[-30.629431,35.539643],[-30.631427,35.540449],[-30.647402,35.54692],[-30.649396,35.54773],[-30.653383,35.549356],[-30.655375,35.550171],[-30.663342,35.55344],[-30.665331,35.554259],[-30.669308,35.555902],[-30.671294,35.556725],[-30.687189,35.563332],[-30.689172,35.56416],[-30.69314,35.565819],[-30.695121,35.566651],[-30.703047,35.569988],[-30.705026,35.570824],[-30.708983,35.572501],[-30.710958,35.573341],[-30.726771,35.580084],[-30.728744,35.580928],[-30.73269,35.582622],[-30.734662,35.583471],[-30.742546,35.586876],[-30.744461,35.587916],[-30.748409,35.589535],[-30.75038,35.590379],[-30.75814,35.593719],[-30.766136,35.597193],[-30.767528,35.597798],[-30.770315,35.599011],[-30.771704,35.599626],[-30.777254,35.602107],[-30.77864,35.602727],[-30.781413,35.60397],[-30.782798,35.604591],[-30.789103,35.607422],[-30.793929,35.609476],[-30.795885,35.610349],[-30.799796,35.612101],[-30.801749,35.612979],[-30.809561,35.616499],[-30.811512,35.617381],[-30.815413,35.619149],[-30.817361,35.620036],[-30.822017,35.62216],[-30.82273,35.622486],[-30.823801,35.622975],[-30.824368,35.623234],[-30.825501,35.623753],[-30.826067,35.624012],[-30.827544,35.62469],[-30.828527,35.625141],[-30.844245,35.632362],[-30.845209,35.632806],[-30.847139,35.633695],[-30.84908,35.634592],[-30.851032,35.635497],[-30.852007,35.63595],[-30.859761,35.639556],[-30.860926,35.640098],[-30.861697,35.640459],[-30.865568,35.64227],[-30.8675,35.643177],[-30.882965,35.650456],[-30.884896,35.651367],[-30.888755,35.653194],[-30.890682,35.65411],[-30.898392,35.657782],[-30.900316,35.658702],[-30.904164,35.660546],[-30.906085,35.661469],[-30.92146,35.668881],[-30.923378,35.669808],[-30.927215,35.671668],[-30.929131,35.6726],[-30.936794,35.676339],[-30.938708,35.677275],[-30.942532,35.679151],[-30.944442,35.680091],[-30.959724,35.687634],[-30.961631,35.688578],[-30.965444,35.690471],[-30.967349,35.691419],[-30.974965,35.695223],[-30.976867,35.696175],[-30.980668,35.698085],[-30.982566,35.699041],[-30.997753,35.706714],[-30.999648,35.707674],[-31.003438,35.7096],[-31.005331,35.710564],[-31.0129,35.714433],[-31.014789,35.715402],[-31.018567,35.717344],[-31.020453,35.718316],[-31.035544,35.726119],[-31.037427,35.727095],[-31.041193,35.729053],[-31.043073,35.730034],[-31.050594,35.733967],[-31.052471,35.734952],[-31.056224,35.736926],[-31.058098,35.737915],[-31.073092,35.745846],[-31.074963,35.746839],[-31.078704,35.748829],[-31.080572,35.749826],[-31.088043,35.753823],[-31.089909,35.754824],[-31.093637,35.75683],[-31.095498,35.757835],[-31.110393,35.765894],[-31.112251,35.766903],[-31.115967,35.768925],[-31.117823,35.769937],[-31.125244,35.773999],[-31.127097,35.775015],[-31.1308,35.777053],[-31.132649,35.778074],[-31.147442,35.786261],[-31.149288,35.787285],[-31.152979,35.789339],[-31.154822,35.790367],[-31.162192,35.794492],[-31.164032,35.795524],[-31.16771,35.797594],[-31.169546,35.79863],[-31.184237,35.806943],[-31.18607,35.807983],[-31.189735,35.810068],[-31.191565,35.811113],[-31.198883,35.8153],[-31.20071,35.816348],[-31.204362,35.818449],[-31.206185,35.819501],[-31.220772,35.82794],[-31.222592,35.828995],[-31.22623,35.831112],[-31.228048,35.832172],[-31.235313,35.836422],[-31.237127,35.837486],[-31.240753,35.839618],[-31.242563,35.840685],[-31.257043,35.849248],[-31.25885,35.850319],[-31.262462,35.852467],[-31.264266,35.853542],[-31.271478,35.857854],[-31.273279,35.858933],[-31.276877,35.861096],[-31.278674,35.862179],[-31.293047,35.870866],[-31.29484,35.871952],[-31.298425,35.874131],[-31.300216,35.875222],[-31.307374,35.879595],[-31.309161,35.88069],[-31.312732,35.882883],[-31.314515,35.883982],[-31.328779,35.892791],[-31.330558,35.893893],[-31.334116,35.896102],[-31.335893,35.897208],[-31.342996,35.901642],[-31.344769,35.902752],[-31.348313,35.904976],[-31.350082,35.90609],[-31.364235,35.91502],[-31.365593,35.915879],[-31.368308,35.917599],[-31.369664,35.91846],[-31.375087,35.92191],[-31.376441,35.922773],[-31.379148,35.924502],[-31.380499,35.925368],[-31.391315,35.932305],[-31.39307,35.933434],[-31.396579,35.935697],[-31.398332,35.93683],[-31.405337,35.941372],[-31.407086,35.942509],[-31.410581,35.944787],[-31.412326,35.945928],[-31.415753,35.948174],[-31.41696,35.948967],[-31.418973,35.950289],[-31.420179,35.951082],[-31.434577,35.960564],[-31.435423,35.961121],[-31.43719,35.962288],[-31.440663,35.96459],[-31.442397,35.965742],[-31.44887,35.970054],[-31.449442,35.970435],[-31.451029,35.971496],[-31.453744,35.973314],[-31.455099,35.974224],[-31.46891,35.983514],[-31.469825,35.98413],[-31.470633,35.984676],[-31.474077,35.987005],[-31.475797,35.988171],[-31.482672,35.992844],[-31.484389,35.994014],[-31.487818,35.996358],[-31.48953,35.997531],[-31.503224,36.006938],[-31.504932,36.008115],[-31.508347,36.010473],[-31.510052,36.011654],[-31.516868,36.016386],[-31.51857,36.017571],[-31.52197,36.019943],[-31.523667,36.021131],[-31.537242,36.030655],[-31.538935,36.031847],[-31.54232,36.034234],[-31.54401,36.035429],[-31.550767,36.04022],[-31.551243,36.040558],[-31.553773,36.040708],[-31.556008,36.040843],[-31.560478,36.041118],[-31.562713,36.041258],[-31.571655,36.041827],[-31.573889,36.041972],[-31.578358,36.042266],[-31.580591,36.042415],[-31.59847,36.04363],[-31.600702,36.043784],[-31.605169,36.044097],[-31.607402,36.044255],[-31.616337,36.0449],[-31.618569,36.045064],[-31.623034,36.045396],[-31.625265,36.045564],[-31.643128,36.04693],[-31.645358,36.047103],[-31.649821,36.047453],[-31.652052,36.047631],[-31.660978,36.048352],[-31.663208,36.048534],[-31.667669,36.048904],[-31.669898,36.049091],[-31.687743,36.050608],[-31.689972,36.0508],[-31.69443,36.051188],[-31.696658,36.051385],[-31.705575,36.052181],[-31.707803,36.052382],[-31.712259,36.05279],[-31.714485,36.052996],[-31.732311,36.054664],[-31.734537,36.054875],[-31.73899,36.055301],[-31.741216,36.055516],[-31.750123,36.056388],[-31.752348,36.056608],[-31.756799,36.057053],[-31.759022,36.057278],[-31.776827,36.059097],[-31.77905,36.059327],[-31.783498,36.059791],[-31.785721,36.060025],[-31.794616,36.060972],[-31.796839,36.061211],[-31.801284,36.061694],[-31.803505,36.061938],[-31.821286,36.063907],[-31.823506,36.064156],[-31.827948,36.064657],[-31.830168,36.06491],[-31.839051,36.065933],[-31.841271,36.066191],[-31.84571,36.066711],[-31.847927,36.066974],[-31.865683,36.069094],[-31.8679,36.069361],[-31.872336,36.0699],[-31.874553,36.070172],[-31.883423,36.07127],[-31.885639,36.071546],[-31.890071,36.072104],[-31.892286,36.072386],[-31.910015,36.074656],[-31.911286,36.07482],[-31.91383,36.075149],[-31.915102,36.075314],[-31.920192,36.075978],[-31.921464,36.076145],[-31.924007,36.07648],[-31.925279,36.076649],[-31.935456,36.078002],[-31.93705,36.078216],[-31.940238,36.078645],[-31.941831,36.078861],[-31.948207,36.079729],[-31.950419,36.080032],[-31.954843,36.080644],[-31.957054,36.080953],[-31.959549,36.081304],[-31.960178,36.081392],[-31.961392,36.081564],[-31.961999,36.08165],[-31.969577,36.082724],[-31.97046,36.08285],[-31.97234,36.083118],[-31.973279,36.083253],[-31.977037,36.083793],[-31.977976,36.083928],[-31.979854,36.084199],[-31.980792,36.084336],[-31.998461,36.086906],[-32.000667,36.087229],[-32.005081,36.087881],[-32.007287,36.088209],[-32.016112,36.089531],[-32.018317,36.089864],[-32.022727,36.090535],[-32.02493,36.090872],[-32.042567,36.093592],[-32.044769,36.093934],[-32.049174,36.094623],[-32.051376,36.09497],[-32.060185,36.096367],[-32.062385,36.096718],[-32.066786,36.097426],[-32.068985,36.097782],[-32.086588,36.100651],[-32.088785,36.101012],[-32.093182,36.101738],[-32.095379,36.102104],[-32.104171,36.103575],[-32.106367,36.103945],[-32.110759,36.10469],[-32.112953,36.105065],[-32.130519,36.108083],[-32.132713,36.108462],[-32.1371,36.109226],[-32.139293,36.10961],[-32.148065,36.111156],[-32.150257,36.111544],[-32.15464,36.112327],[-32.156829,36.11272],[-32.174357,36.115887],[-32.176546,36.116284],[-32.180924,36.117085],[-32.183112,36.117488],[-32.191865,36.119108],[-32.194051,36.119515],[-32.198424,36.120334],[-32.200609,36.120746],[-32.218097,36.124061],[-32.220281,36.124477],[-32.224648,36.125315],[-32.226831,36.125736],[-32.235564,36.12743],[-32.237745,36.127856],[-32.242108,36.128712],[-32.244287,36.129143],[-32.261734,36.132606],[-32.264984,36.133256],[-32.271482,36.134568],[-32.274729,36.135229],[-32.287716,36.137894],[-32.29096,36.138565],[-32.297446,36.139918],[-32.300685,36.140599],[-32.326611,36.146094],[-32.329842,36.146784],[-32.336303,36.148175],[-32.339531,36.148876],[-32.352443,36.151699],[-32.35566,36.152408],[-32.362092,36.153836],[-32.365294,36.154553],[-32.369112,36.155414],[-32.373578,36.156401],[-32.374253,36.156551],[-32.375603,36.15685],[-32.376278,36.157],[-32.378979,36.157601],[-32.379653,36.157752],[-32.381002,36.158053],[-32.381676,36.158204],[-32.394826,36.161148],[-32.395591,36.16132],[-32.397122,36.161664],[-32.397887,36.161836],[-32.400951,36.162527],[-32.401716,36.1627],[-32.403247,36.163046],[-32.404012,36.16322],[-32.410137,36.164611],[-32.410902,36.164785],[-32.412433,36.165134],[-32.413198,36.165308],[-32.416259,36.166008],[-32.417023,36.166184],[-32.418553,36.166535],[-32.419331,36.166714],[-32.4226,36.167467],[-32.424206,36.167837],[-32.426623,36.168396],[-32.42823,36.168768],[-32.444925,36.172641],[-32.446426,36.17299],[-32.449424,36.173691],[-32.450922,36.174042],[-32.456918,36.175451],[-32.458416,36.175805],[-32.461412,36.176514],[-32.462908,36.176869],[-32.47489,36.179725],[-32.476386,36.180083],[-32.479379,36.180801],[-32.480875,36.181161],[-32.48686,36.182606],[-32.488355,36.182968],[-32.491346,36.183695],[-32.492841,36.18406],[-32.493653,36.184259],[-32.494727,36.184522],[-32.496876,36.185051],[-32.49795,36.185315],[-32.502246,36.186377],[-32.503319,36.186643],[-32.505466,36.187176],[-32.506538,36.187443],[-32.515124,36.189584],[-32.516196,36.189852],[-32.51834,36.190389],[-32.519412,36.190658],[-32.523701,36.191738],[-32.524772,36.192008],[-32.526914,36.19255],[-32.527984,36.192821],[-32.543201,36.196686],[-32.54465,36.197055],[-32.547549,36.197796],[-32.548998,36.198167],[-32.554796,36.199658],[-32.556244,36.200031],[-32.55914,36.20078],[-32.560587,36.201156],[-32.572171,36.204171],[-32.573618,36.204548],[-32.576511,36.205306],[-32.577957,36.205686],[-32.583743,36.20721],[-32.585189,36.207592],[-32.58808,36.208358],[-32.589525,36.208742],[-32.591456,36.209257],[-32.592405,36.20951],[-32.594303,36.210018],[-32.595252,36.210273],[-32.599047,36.211293],[-32.599995,36.211548],[-32.601892,36.21206],[-32.602839,36.212316],[-32.610424,36.21437],[-32.611371,36.214627],[-32.613266,36.215142],[-32.614213,36.2154],[-32.618001,36.216434],[-32.618948,36.216692],[-32.62084,36.217211],[-32.621785,36.21747],[-32.638821,36.222154],[-32.639834,36.222433],[-32.641863,36.222993],[-32.642877,36.223273],[-32.646936,36.224398],[-32.64795,36.22468],[-32.649978,36.225244],[-32.650991,36.225527],[-32.659104,36.227793],[-32.660468,36.228175],[-32.663195,36.228941],[-32.664557,36.229325],[-32.670009,36.230865],[-32.671371,36.23125],[-32.674096,36.232024],[-32.675457,36.232412],[-32.67841,36.233255],[-32.67935,36.233523],[-32.680929,36.233975],[-32.68208,36.234305],[-32.693691,36.237638],[-32.694766,36.237947],[-32.696917,36.238567],[-32.698969,36.239161],[-32.700923,36.239729],[-32.701899,36.240013],[-32.710327,36.242471],[-32.712146,36.243004],[-32.716241,36.244208],[-32.718291,36.244813],[-32.727009,36.247396],[-32.728485,36.247834],[-32.733278,36.249258],[-32.734611,36.249655],[-32.736826,36.250315],[-32.738148,36.25071],[-32.740978,36.251556],[-32.744818,36.252698],[-32.748269,36.253732],[-32.755172,36.255813],[-32.758621,36.25686],[-32.772414,36.261072],[-32.775845,36.262127],[-32.780345,36.26352],[-32.781622,36.263912],[-32.782902,36.264306],[-32.785068,36.264974],[-32.786367,36.265375],[-32.811906,36.27327],[-32.816204,36.274609],[-32.824795,36.277308],[-32.829085,36.278666],[-32.846235,36.284139],[-32.850517,36.285516],[-32.859073,36.28829],[-32.863345,36.289685],[-32.880018,36.295174],[-32.882099,36.295862],[-32.886261,36.297242],[-32.88834,36.297935],[-32.896658,36.300714],[-32.898736,36.301411],[-32.902889,36.302809],[-32.904964,36.30351],[-32.921567,36.30914],[-32.92364,36.309845],[-32.927785,36.311261],[-32.929855,36.311971],[-32.938138,36.31482],[-32.940207,36.315534],[-32.944343,36.316968],[-32.946409,36.317686],[-32.962941,36.323456],[-32.965005,36.324179],[-32.969132,36.32563],[-32.971194,36.326357],[-32.979441,36.329277],[-32.981501,36.330008],[-32.985619,36.331477],[-32.987675,36.332213],[-33.004136,36.338122],[-33.00619,36.338863],[-33.010299,36.340348],[-33.012352,36.341093],[-33.020563,36.344082],[-33.022613,36.344831],[-33.026713,36.346334],[-33.02876,36.347088],[-33.045146,36.353136],[-33.047191,36.353894],[-33.051282,36.355414],[-33.053325,36.356176],[-33.061498,36.359235],[-33.063539,36.360001],[-33.06762,36.361539],[-33.069658,36.362309],[-33.085968,36.368497],[-33.088003,36.369271],[-33.092075,36.370826],[-33.094108,36.371606],[-33.102243,36.374733],[-33.104275,36.375517],[-33.108336,36.377089],[-33.110364,36.377877],[-33.126596,36.384202],[-33.128622,36.384994],[-33.132674,36.386583],[-33.134698,36.387379],[-33.142794,36.390576],[-33.144815,36.391377],[-33.148857,36.392983],[-33.150875,36.393788],[-33.167028,36.40025],[-33.169044,36.401059],[-33.173076,36.402682],[-33.17509,36.403496],[-33.183145,36.406761],[-33.185156,36.407579],[-33.189178,36.409219],[-33.191186,36.410041],[-33.207258,36.41664],[-33.209263,36.417466],[-33.213275,36.419123],[-33.215279,36.419954],[-33.223293,36.423286],[-33.225294,36.424121],[-33.229295,36.425796],[-33.231293,36.426635],[-33.247281,36.433369],[-33.249277,36.434212],[-33.253267,36.435903],[-33.25526,36.436751],[-33.263233,36.440151],[-33.265223,36.441003],[-33.269203,36.442711],[-33.27119,36.443567],[-33.287094,36.450436],[-33.288514,36.45105],[-33.291353,36.452282],[-33.292772,36.452899],[-33.298447,36.455372],[-33.299865,36.455991],[-33.302699,36.457231],[-33.304115,36.457852],[-33.315446,36.462834],[-33.317272,36.463639],[-33.320923,36.465253],[-33.322747,36.466062],[-33.330042,36.469306],[-33.331864,36.470118],[-33.335506,36.471747],[-33.337326,36.472563],[-33.340809,36.47413],[-33.342037,36.474683],[-33.344084,36.475606],[-33.345311,36.47616],[-33.358929,36.482316],[-33.360614,36.48308],[-33.363983,36.484611],[-33.365667,36.485378],[-33.372277,36.488397],[-33.37394,36.489159],[-33.377163,36.490638],[-33.378773,36.491379],[-33.3921,36.497528],[-33.39369,36.498264],[-33.397,36.499799],[-33.398654,36.500568],[-33.405268,36.503651],[-33.40692,36.504423],[-33.410222,36.50597],[-33.411871,36.506744],[-33.425068,36.512958],[-33.426715,36.513736],[-33.430009,36.515294],[-33.431654,36.516075],[-33.438235,36.519205],[-33.439879,36.519989],[-33.443164,36.52156],[-33.444805,36.522346],[-33.457936,36.528654],[-33.459575,36.529443],[-33.462852,36.531026],[-33.464489,36.531818],[-33.471037,36.534995],[-33.472672,36.535791],[-33.475941,36.537385],[-33.477573,36.538183],[-33.484815,36.541904],[-33.490593,36.544678],[-33.49223,36.545465],[-33.495504,36.547042],[-33.497341,36.547928],[-33.503661,36.551039],[-33.505289,36.551842],[-33.508546,36.55345],[-33.51017,36.554259],[-33.520931,36.559677],[-33.523136,36.56081],[-33.524749,36.561639],[-33.527976,36.563299],[-33.529594,36.564113],[-33.536133,36.567277],[-33.53775,36.568096],[-33.540985,36.569736],[-33.5426,36.570558],[-33.555526,36.577146],[-33.557139,36.57797],[-33.560365,36.579622],[-33.561977,36.58045],[-33.568422,36.583767],[-33.570031,36.584597],[-33.573248,36.58626],[-33.574854,36.587093],[-33.58771,36.593774],[-33.589314,36.59461],[-33.592523,36.596285],[-33.594125,36.597124],[-33.600534,36.600487],[-33.602135,36.601328],[-33.605334,36.603015],[-33.606932,36.603859],[-33.619716,36.610632],[-33.621312,36.611479],[-33.624502,36.613177],[-33.626096,36.614027],[-33.632469,36.617436],[-33.63406,36.618289],[-33.637241,36.619999],[-33.63883,36.620854],[-33.651542,36.627718],[-33.653128,36.628577],[-33.656301,36.630298],[-33.657885,36.631159],[-33.664222,36.634613],[-33.665804,36.635478],[-33.668967,36.63721],[-33.670547,36.638077],[-33.683185,36.645032],[-33.684763,36.645902],[-33.687917,36.647645],[-33.689492,36.648518],[-33.695792,36.652018],[-33.697365,36.652893],[-33.700509,36.654648],[-33.702079,36.655527],[-33.714644,36.662571],[-33.716212,36.663453],[-33.719347,36.665219],[-33.720913,36.666103],[-33.727175,36.669647],[-33.728739,36.670534],[-33.731865,36.672312],[-33.733425,36.673201],[-33.745914,36.680336],[-33.747473,36.681228],[-33.750589,36.683017],[-33.752146,36.683912],[-33.75837,36.687501],[-33.759924,36.688399],[-33.763031,36.690199],[-33.764582,36.6911],[-33.776995,36.698323],[-33.778544,36.699227],[-33.781641,36.701037],[-33.783188,36.701944],[-33.789374,36.705577],[-33.790919,36.706487],[-33.794006,36.708309],[-33.795548,36.70922],[-33.807883,36.716533],[-33.808652,36.716989],[-33.810191,36.717904],[-33.810961,36.718361],[-33.814039,36.720194],[-33.814808,36.720653],[-33.816345,36.72157],[-33.817113,36.722029],[-33.823261,36.725707],[-33.824029,36.726167],[-33.825564,36.727087],[-33.826332,36.727548],[-33.829401,36.729392],[-33.830167,36.729854],[-33.831701,36.730777],[-33.832467,36.731239],[-33.834129,36.732243],[-33.83524,36.732915],[-33.837462,36.73426],[-33.838571,36.734934],[-33.843009,36.737631],[-33.844117,36.738306],[-33.846333,36.739658],[-33.84744,36.740334],[-33.856295,36.745752],[-33.8574,36.746429],[-33.85961,36.747786],[-33.860714,36.748465],[-33.86513,36.751184],[-33.866232,36.751865],[-33.868436,36.753227],[-33.869536,36.753908],[-33.887163,36.764835],[-33.888758,36.765826],[-33.891948,36.767813],[-33.893542,36.768808],[-33.899913,36.772795],[-33.901503,36.773793],[-33.904682,36.775792],[-33.90627,36.776793],[-33.918969,36.784816],[-33.92095,36.786072],[-33.924909,36.788588],[-33.926885,36.789848],[-33.934787,36.7949],[-33.936759,36.796165],[-33.940701,36.798701],[-33.942669,36.799971],[-33.946011,36.802133],[-33.947189,36.802896],[-33.949151,36.80417],[-33.950328,36.804934],[-33.964999,36.814472],[-33.966201,36.815254],[-33.968,36.816428],[-33.971513,36.818727],[-33.973267,36.819878],[-33.979639,36.824069],[-33.980505,36.82464],[-33.982052,36.825661],[-33.984451,36.827249],[-33.985649,36.828043],[-33.999622,36.837321],[-34.001186,36.838362],[-34.00485,36.840808],[-34.00659,36.841973],[-34.013547,36.846641],[-34.015283,36.847809],[-34.018753,36.85015],[-34.020485,36.851322],[-34.03434,36.860718],[-34.036068,36.861893],[-34.039523,36.864248],[-34.041248,36.865428],[-34.048145,36.870154],[-34.049867,36.871337],[-34.053306,36.873707],[-34.055024,36.874894],[-34.068759,36.884406],[-34.070472,36.885596],[-34.073898,36.887981],[-34.075608,36.889175],[-34.082444,36.893959],[-34.084151,36.895157],[-34.08756,36.897556],[-34.089262,36.898757],[-34.102876,36.908385],[-34.104575,36.909589],[-34.10797,36.912003],[-34.109664,36.913211],[-34.11644,36.918053],[-34.118131,36.919265],[-34.12151,36.921693],[-34.123197,36.922908],[-34.136688,36.932651],[-34.138371,36.933869],[-34.141735,36.936311],[-34.143415,36.937534],[-34.150129,36.942433],[-34.151804,36.943659],[-34.155152,36.946115],[-34.156823,36.947344],[-34.17019,36.957201],[-34.171858,36.958434],[-34.175191,36.960904],[-34.176854,36.962141],[-34.183506,36.967097],[-34.185166,36.968337],[-34.188483,36.970821],[-34.190138,36.972064],[-34.203379,36.982034],[-34.205031,36.98328],[-34.208332,36.985778],[-34.20998,36.987029],[-34.216568,36.992041],[-34.218212,36.993295],[-34.221497,36.995807],[-34.223137,36.997064],[-34.23625,37.007145],[-34.237886,37.008406],[-34.241155,37.010932],[-34.242787,37.012196],[-34.249311,37.017264],[-34.250939,37.018531],[-34.254192,37.021071],[-34.258339,37.024331],[-34.268097,37.032053],[-34.269086,37.032829],[-34.272328,37.035376],[-34.273162,37.036032],[-34.279638,37.041132],[-34.282616,37.043489],[-34.285839,37.046052],[-34.289503,37.048983],[-34.298059,37.055871],[-34.303938,37.06065],[-34.304853,37.061401],[-34.315421,37.069827],[-34.318609,37.072422],[-34.320199,37.07372],[-34.332922,37.084128],[-34.334508,37.08543],[-34.337679,37.088037],[-34.339262,37.089343],[-34.345589,37.094573],[-34.347168,37.095881],[-34.350322,37.098503],[-34.351897,37.099814],[-34.364485,37.110329],[-34.366055,37.111644],[-34.369193,37.114279],[-34.370759,37.115597],[-34.377019,37.120881],[-34.378581,37.122203],[-34.381702,37.12485],[-34.383259,37.126175],[-34.395712,37.136796],[-34.397266,37.138124],[-34.400369,37.140785],[-34.401919,37.142117],[-34.408111,37.147453],[-34.409656,37.148788],[-34.412742,37.151462],[-34.414282,37.1528],[-34.4266,37.163525],[-34.427876,37.164639],[-34.430428,37.166871],[-34.431702,37.167987],[-34.436795,37.172461],[-34.438066,37.17358],[-34.440606,37.17582],[-34.441874,37.176941],[-34.452014,37.185925],[-34.453536,37.187277],[-34.456577,37.189986],[-34.458095,37.191342],[-34.464162,37.196774],[-34.465676,37.198133],[-34.4687,37.200855],[-34.47021,37.202218],[-34.472376,37.204178],[-34.47314,37.204869],[-34.474412,37.206022],[-34.475173,37.206713],[-34.487339,37.21776],[-34.487831,37.218207],[-34.488816,37.219103],[-34.489309,37.219551],[-34.491279,37.221345],[-34.492778,37.222715],[-34.495773,37.225458],[-34.497268,37.226831],[-34.501282,37.230527],[-34.502247,37.231417],[-34.504173,37.233196],[-34.505209,37.234155],[-34.517184,37.245258],[-34.518668,37.246638],[-34.521633,37.249401],[-34.523113,37.250784],[-34.529026,37.256325],[-34.529782,37.257034],[-34.530501,37.257711],[-34.533448,37.260487],[-34.534918,37.261876],[-34.546675,37.273009],[-34.548141,37.2744],[-34.55107,37.277189],[-34.552532,37.278584],[-34.558373,37.284174],[-34.559831,37.285573],[-34.562742,37.288374],[-34.564194,37.289775],[-34.575807,37.301006],[-34.577255,37.30241],[-34.580148,37.305223],[-34.581592,37.306631],[-34.587361,37.31227],[-34.588801,37.313681],[-34.591675,37.316506],[-34.59311,37.317919],[-34.604577,37.329248],[-34.606007,37.330665],[-34.608864,37.333502],[-34.61029,37.334922],[-34.615986,37.34061],[-34.617407,37.342032],[-34.620245,37.344882],[-34.621661,37.346307],[-34.632982,37.357732],[-34.634394,37.359161],[-34.637214,37.362022],[-34.638621,37.363453],[-34.644244,37.369189],[-34.645647,37.370624],[-34.648448,37.373497],[-34.649846,37.374934],[-34.661019,37.386455],[-34.662412,37.387895],[-34.665195,37.390779],[-34.666584,37.392223],[-34.672132,37.398006],[-34.673516,37.399452],[-34.67628,37.402349],[-34.677659,37.403798],[-34.688683,37.415412],[-34.690057,37.416864],[-34.692803,37.419772],[-34.694173,37.421227],[-34.699646,37.427057],[-34.701012,37.428515],[-34.703738,37.431435],[-34.705098,37.432895],[-34.715971,37.444602],[-34.717327,37.446065],[-34.720035,37.448996],[-34.721386,37.450463],[-34.726784,37.456338],[-34.72813,37.457808],[-34.730818,37.460751],[-34.73216,37.462223],[-34.74288,37.47402],[-34.744217,37.475495],[-34.746887,37.478449],[-34.748219,37.479927],[-34.75354,37.485848],[-34.754868,37.487329],[-34.757518,37.490294],[-34.75884,37.491777],[-34.769407,37.503665],[-34.770725,37.505151],[-34.773356,37.508127],[-34.774669,37.509616],[-34.779913,37.515582],[-34.781221,37.517073],[-34.783833,37.520061],[-34.785136,37.521555],[-34.795548,37.533532],[-34.796846,37.535029],[-34.799439,37.538027],[-34.800732,37.539527],[-34.805899,37.545536],[-34.807187,37.547039],[-34.80976,37.550049],[-34.811043,37.551554],[-34.8213,37.563617],[-34.822578,37.565125],[-34.825132,37.568145],[-34.826406,37.569656],[-34.831494,37.575709],[-34.832763,37.577223],[-34.835297,37.580254],[-34.83656,37.58177],[-34.846659,37.593919],[-34.847918,37.595438],[-34.850432,37.598479],[-34.851686,37.600001],[-34.856696,37.606096],[-34.857945,37.607621],[-34.860439,37.610673],[-34.861683,37.612199],[-34.871623,37.624434],[-34.872707,37.625771],[-34.874873,37.62845],[-34.875954,37.629791],[-34.880272,37.635158],[-34.881349,37.636501],[-34.8835,37.639188],[-34.884573,37.640532],[-34.893149,37.651301],[-34.894702,37.653259],[-34.897803,37.657181],[-34.899348,37.659144],[-34.905517,37.667006],[-34.907055,37.668973],[-34.910123,37.672912],[-34.911652,37.674883],[-34.915463,37.679814],[-34.91591,37.680393],[-34.916804,37.681552],[-34.91725,37.682131],[-34.919028,37.684442],[-34.919523,37.685086],[-34.920512,37.686374],[-34.921105,37.687147],[-34.922168,37.688523],[-34.922763,37.689294],[-34.925155,37.692395],[-34.925754,37.693172],[-34.92695,37.694728],[-34.927548,37.695507],[-34.932341,37.701758],[-34.932939,37.702539],[-34.934135,37.704103],[-34.934732,37.704886],[-34.937105,37.707999],[-34.937698,37.708777],[-34.938881,37.710335],[-34.939472,37.711114],[-34.944538,37.717799],[-34.945118,37.718566],[-34.946278,37.7201],[-34.946873,37.720889],[-34.949237,37.724028],[-34.949823,37.724807],[-34.950994,37.726366],[-34.951579,37.727145],[-34.956254,37.733389],[-34.956836,37.734167],[-34.958,37.735726],[-34.958581,37.736506],[-34.960904,37.739626],[-34.961482,37.740403],[-34.962636,37.741959],[-34.963174,37.742685],[-34.963409,37.743002],[-34.964312,37.74421],[-34.965733,37.746115],[-34.968574,37.749942],[-34.969157,37.750728],[-34.969991,37.751857],[-34.975652,37.759538],[-34.977063,37.761458],[-34.979877,37.765305],[-34.98128,37.767229],[-34.992488,37.78266],[-34.993884,37.784589],[-34.99667,37.788452],[-34.998058,37.790385],[-35.0036,37.798129],[-35.004981,37.800065],[-35.007735,37.803943],[-35.009108,37.805883],[-35.018071,37.818596],[-35.019187,37.820185],[-35.021417,37.823367],[-35.022529,37.824959],[-35.026968,37.831333],[-35.028074,37.832927],[-35.030282,37.836118],[-35.031383,37.837714],[-35.040179,37.850502],[-35.041274,37.8521],[-35.043462,37.855301],[-35.044553,37.856902],[-35.048908,37.863313],[-35.049993,37.864917],[-35.05216,37.868126],[-35.053239,37.869731],[-35.061866,37.882593],[-35.062941,37.8842],[-35.065086,37.887419],[-35.066156,37.889029],[-35.070426,37.895477],[-35.071491,37.897089],[-35.073615,37.900317],[-35.074673,37.901931],[-35.08313,37.914865],[-35.084184,37.916481],[-35.086286,37.919718],[-35.087335,37.921337],[-35.09152,37.927821],[-35.092563,37.929442],[-35.094644,37.932687],[-35.095682,37.93431],[-35.103968,37.947315],[-35.105,37.94894],[-35.10706,37.952194],[-35.108087,37.953822],[-35.112186,37.960341],[-35.113208,37.96197],[-35.115246,37.965233],[-35.116262,37.966865],[-35.124376,37.979938],[-35.125387,37.981572],[-35.127404,37.984844],[-35.128409,37.98648],[-35.132422,37.993033],[-35.133422,37.994671],[-35.135418,37.997951],[-35.136412,37.999591],[-35.144352,38.012733],[-35.145341,38.014375],[-35.147315,38.017663],[-35.148299,38.019308],[-35.152225,38.025894],[-35.153203,38.027541],[-35.155155,38.030837],[-35.156128,38.032486],[-35.163894,38.045693],[-35.164861,38.047344],[-35.166791,38.050649],[-35.167753,38.052301],[-35.171592,38.058921],[-35.172548,38.060576],[-35.174456,38.063888],[-35.175407,38.065545],[-35.182998,38.078817],[-35.183943,38.080476],[-35.185829,38.083797],[-35.186769,38.085458],[-35.19052,38.092109],[-35.191454,38.093772],[-35.193318,38.097101],[-35.194247,38.098765],[-35.201661,38.112101],[-35.202584,38.113767],[-35.204426,38.117103],[-35.205344,38.118772],[-35.209006,38.125455],[-35.209919,38.127126],[-35.211738,38.13047],[-35.212645,38.132142],[-35.219881,38.145539],[-35.2207,38.147059],[-35.222333,38.150103],[-35.223147,38.151625],[-35.226395,38.15772],[-35.227205,38.159243],[-35.228819,38.162293],[-35.229624,38.163818],[-35.236048,38.176034],[-35.236929,38.177715],[-35.238686,38.181081],[-35.239562,38.182764],[-35.243054,38.189505],[-35.243925,38.191191],[-35.245659,38.194565],[-35.246533,38.19627],[-35.24732,38.197813],[-35.247946,38.199043],[-35.254981,38.212867],[-35.255525,38.213937],[-35.256608,38.216077],[-35.257149,38.217147],[-35.259308,38.221431],[-35.260158,38.223123],[-35.261852,38.22651],[-35.262696,38.228204],[-35.26393,38.230692],[-35.264238,38.231313],[-35.264853,38.232557],[-35.26516,38.233178],[-35.271858,38.246752],[-35.272648,38.248359],[-35.274219,38.251566],[-35.275088,38.253348],[-35.278483,38.260337],[-35.279308,38.262042],[-35.280947,38.265444],[-35.281764,38.267146],[-35.28828,38.280775],[-35.289091,38.282478],[-35.290717,38.285906],[-35.291513,38.287593],[-35.294725,38.29442],[-35.295525,38.296127],[-35.297119,38.299543],[-35.297913,38.301251],[-35.304246,38.314935],[-35.305034,38.316645],[-35.306606,38.320068],[-35.307388,38.32178],[-35.310509,38.328634],[-35.311286,38.330347],[-35.312834,38.333777],[-35.313605,38.335491],[-35.319754,38.349228],[-35.320519,38.350944],[-35.322045,38.35438],[-35.322804,38.356098],[-35.325833,38.362979],[-35.326587,38.364698],[-35.328089,38.368141],[-35.328837,38.369862],[-35.334802,38.383649],[-35.335544,38.385372],[-35.337023,38.38882],[-35.337759,38.390545],[-35.340695,38.39745],[-35.341426,38.399177],[-35.342882,38.402632],[-35.343606,38.404359],[-35.349386,38.418196],[-35.350105,38.419924],[-35.351538,38.423385],[-35.352251,38.425116],[-35.355094,38.432046],[-35.355801,38.433778],[-35.35721,38.437245],[-35.357912,38.438978],[-35.363505,38.452863],[-35.364201,38.454598],[-35.365587,38.458071],[-35.366277,38.459807],[-35.369026,38.466761],[-35.36971,38.468499],[-35.371073,38.471977],[-35.371751,38.473716],[-35.377156,38.487648],[-35.377828,38.489388],[-35.379168,38.492872],[-35.379834,38.494615],[-35.38249,38.501591],[-35.38315,38.503335],[-35.384466,38.506824],[-35.38512,38.508569],[-35.390338,38.522545],[-35.390987,38.524291],[-35.392279,38.527787],[-35.392922,38.529534],[-35.395483,38.536532],[-35.39612,38.538282],[-35.397388,38.541782],[-35.398019,38.543533],[-35.403047,38.557552],[-35.403672,38.559303],[-35.404917,38.562809],[-35.405537,38.564562],[-35.408003,38.571582],[-35.408616,38.573336],[-35.409837,38.576847],[-35.410444,38.578603],[-35.415283,38.592664],[-35.415884,38.59442],[-35.417081,38.597936],[-35.417677,38.599695],[-35.420048,38.606734],[-35.420638,38.608494],[-35.421811,38.612015],[-35.422394,38.613776],[-35.427042,38.627876],[-35.42762,38.629638],[-35.428769,38.633164],[-35.429341,38.634927],[-35.431616,38.641987],[-35.432182,38.643751],[-35.433308,38.647282],[-35.433867,38.649047],[-35.438323,38.663186],[-35.438877,38.664953],[-35.439978,38.668488],[-35.440526,38.670256],[-35.442706,38.677334],[-35.443247,38.679103],[-35.444325,38.682644],[-35.44486,38.684414],[-35.449124,38.698589],[-35.449616,38.700234],[-35.450595,38.703527],[-35.451082,38.705173],[-35.453021,38.711763],[-35.453502,38.713411],[-35.454461,38.716707],[-35.454937,38.718355],[-35.458731,38.731552],[-35.459341,38.733691],[-35.460553,38.737972],[-35.461155,38.740113],[-35.463544,38.748682],[-35.464137,38.750825],[-35.465314,38.755112],[-35.465898,38.757256],[-35.467025,38.761429],[-35.467421,38.762899],[-35.468078,38.76535],[-35.46847,38.766815],[-35.469239,38.769703],[-35.46948,38.77059],[-35.469961,38.772369],[-35.4702,38.773259],[-35.471158,38.776823],[-35.471396,38.777714],[-35.471872,38.779496],[-35.472109,38.780387],[-35.474052,38.787718],[-35.474357,38.788873],[-35.474814,38.790607],[-35.475048,38.791499],[-35.475515,38.793284],[-35.475748,38.794177],[-35.476276,38.796206],[-35.476407,38.796713],[-35.47667,38.797727],[-35.476801,38.798234],[-35.478982,38.806693],[-35.479211,38.807583],[-35.479668,38.809365],[-35.479895,38.810256],[-35.480802,38.813822],[-35.481028,38.814713],[-35.481479,38.816497],[-35.481703,38.817388],[-35.483526,38.824655],[-35.483689,38.825305],[-35.483918,38.826223],[-35.484245,38.827539],[-35.484408,38.828197],[-35.485316,38.831871],[-35.485541,38.832788],[-35.486009,38.834694],[-35.487423,38.840296],[-35.487589,38.840953],[-35.487921,38.842276],[-35.488497,38.844591],[-35.489312,38.847897],[-35.489717,38.849551],[-35.491974,38.858825],[-35.492532,38.861143],[-35.493696,38.866021],[-35.494188,38.868101],[-35.498592,38.886916],[-35.499137,38.889267],[-35.500217,38.893972],[-35.500751,38.896324],[-35.502868,38.905743],[-35.503392,38.908097],[-35.504429,38.912809],[-35.504942,38.915164],[-35.508037,38.929526],[-35.508421,38.931319],[-35.509182,38.93491],[-35.50956,38.936705],[-35.511058,38.943892],[-35.511429,38.945688],[-35.512165,38.949281],[-35.51253,38.951078],[-35.515428,38.965465],[-35.515787,38.967262],[-35.516499,38.970859],[-35.516851,38.972657],[-35.518251,38.979855],[-35.518597,38.981654],[-35.519284,38.985254],[-35.519624,38.987053],[-35.522324,39.001464],[-35.522658,39.003264],[-35.52332,39.006866],[-35.52353,39.008697],[-35.523766,39.009792],[-35.524047,39.011181],[-35.525127,39.016067],[-35.525554,39.018005],[-35.526404,39.021883],[-35.526816,39.023822],[-35.529064,39.034745],[-35.529949,39.039385],[-35.530335,39.041328],[-35.531301,39.045187],[-35.531698,39.04713],[-35.533274,39.054906],[-35.533664,39.05685],[-35.534437,39.060739],[-35.53482,39.062682],[-35.537856,39.078251],[-35.538232,39.080196],[-35.538976,39.084088],[-35.539344,39.086034],[-35.540804,39.093824],[-35.541166,39.095771],[-35.541881,39.099667],[-35.542234,39.101614],[-35.545038,39.117209],[-35.545212,39.118182],[-35.545559,39.120131],[-35.545731,39.121105],[-35.546418,39.125004],[-35.546588,39.125978],[-35.546928,39.127928],[-35.547097,39.128902],[-35.54844,39.136706],[-35.548607,39.137681],[-35.54894,39.139632],[-35.549105,39.140607],[-35.549762,39.14451],[-35.549926,39.145486],[-35.550251,39.147438],[-35.550412,39.148414],[-35.550577,39.149415],[-35.550713,39.150244],[-35.550983,39.151903],[-35.551118,39.152732],[-35.551653,39.156051],[-35.551786,39.15688],[-35.552051,39.158539],[-35.552183,39.159369],[-35.553233,39.166008],[-35.553364,39.166837],[-35.553623,39.168496],[-35.553752,39.169326],[-35.554267,39.172646],[-35.554394,39.173475],[-35.554649,39.175134],[-35.554775,39.175963],[-35.556791,39.18925],[-35.55704,39.190909],[-35.557533,39.194231],[-35.557777,39.195891],[-35.558743,39.202538],[-35.558981,39.204199],[-35.559453,39.207522],[-35.559686,39.209183],[-35.561533,39.222484],[-35.561761,39.224146],[-35.562212,39.227471],[-35.562435,39.229133],[-35.563315,39.235786],[-35.563533,39.237449],[-35.563963,39.240776],[-35.564175,39.242438],[-35.565852,39.255754],[-35.566058,39.257417],[-35.566467,39.260745],[-35.566668,39.262409],[-35.567464,39.269069],[-35.567661,39.270733],[-35.568048,39.274063],[-35.568239,39.275727],[-35.569746,39.289055],[-35.569931,39.290719],[-35.570297,39.29405],[-35.570478,39.295716],[-35.571189,39.302382],[-35.571364,39.304047],[-35.571708,39.30738],[-35.571878,39.309046],[-35.573215,39.322384],[-35.573379,39.32405],[-35.573702,39.327384],[-35.573861,39.32905],[-35.574487,39.335721],[-35.574641,39.337388],[-35.574943,39.340723],[-35.575091,39.34239],[-35.576257,39.355738],[-35.5764,39.357405],[-35.576681,39.360742],[-35.576818,39.362409],[-35.577359,39.369085],[-35.577491,39.370753],[-35.57775,39.37409],[-35.577877,39.375758],[-35.578872,39.389114],[-35.578991,39.390744],[-35.579224,39.394007],[-35.579338,39.395638],[-35.579783,39.402165],[-35.579892,39.403796],[-35.580104,39.40706],[-35.580208,39.408691],[-35.581016,39.42175],[-35.581121,39.423494],[-35.581326,39.426982],[-35.581425,39.428726],[-35.58181,39.435704],[-35.581904,39.437471],[-35.582088,39.441005],[-35.582178,39.442803],[-35.58225,39.444301],[-35.582972,39.459458],[-35.583036,39.460833],[-35.583159,39.46358],[-35.583219,39.464953],[-35.583451,39.470442],[-35.583525,39.472261],[-35.583666,39.475899],[-35.583734,39.477718],[-35.583805,39.479729],[-35.583851,39.481068],[-35.584348,39.495848],[-35.584406,39.497666],[-35.584515,39.501304],[-35.584567,39.503123],[-35.584766,39.510642],[-35.584797,39.511846],[-35.584841,39.513665],[-35.5849,39.51634],[-35.584928,39.517677],[-35.585213,39.532238],[-35.585245,39.534056],[-35.585303,39.537695],[-35.585329,39.539514],[-35.585421,39.546835],[-35.58544,39.548613],[-35.585473,39.552252],[-35.585486,39.55407],[-35.585567,39.568632],[-35.585573,39.570451],[-35.585581,39.57409],[-35.585581,39.575909],[-35.58557,39.583189],[-35.585564,39.585008],[-35.585546,39.588647],[-35.585533,39.590466],[-35.585409,39.605028],[-35.58539,39.606846],[-35.585346,39.610485],[-35.585321,39.612304],[-35.585207,39.619584],[-35.585175,39.621402],[-35.585106,39.625041],[-35.585068,39.626859],[-35.584738,39.641419],[-35.584693,39.643237],[-35.584598,39.646876],[-35.584547,39.648694],[-35.584331,39.655972],[-35.584274,39.657791],[-35.584153,39.661429],[-35.584089,39.663247],[-35.583553,39.677803],[-35.583483,39.67962],[-35.583337,39.683258],[-35.58326,39.685076],[-35.582941,39.692352],[-35.582858,39.694169],[-35.582685,39.697806],[-35.582596,39.699623],[-35.581855,39.714174],[-35.581759,39.715991],[-35.581561,39.719627],[-35.581459,39.721444],[-35.581036,39.728717],[-35.580928,39.730534],[-35.580704,39.734169],[-35.580589,39.735985],[-35.579641,39.750528],[-35.57952,39.752344],[-35.57927,39.755978],[-35.579142,39.757795],[-35.578617,39.765063],[-35.578483,39.766879],[-35.578207,39.770512],[-35.578066,39.772327],[-35.576913,39.786862],[-35.576765,39.788677],[-35.576464,39.792308],[-35.57631,39.794123],[-35.575682,39.801387],[-35.575522,39.803202],[-35.575195,39.806832],[-35.575028,39.808646],[-35.573668,39.82317],[-35.573495,39.824983],[-35.573142,39.828612],[-35.572963,39.830426],[-35.572231,39.837684],[-35.572045,39.839497],[-35.571667,39.843124],[-35.571474,39.844937],[-35.569907,39.859448],[-35.569709,39.86126],[-35.569304,39.864885],[-35.569099,39.866697],[-35.568264,39.873949],[-35.568052,39.87576],[-35.567622,39.879384],[-35.567403,39.881195],[-35.56563,39.895692],[-35.565405,39.897502],[-35.564949,39.901124],[-35.564718,39.902934],[-35.56378,39.910178],[-35.563542,39.911988],[-35.56306,39.915608],[-35.562816,39.917416],[-35.560836,39.931898],[-35.560585,39.933706],[-35.560077,39.937324],[-35.55982,39.939132],[-35.558779,39.946367],[-35.558515,39.948175],[-35.557981,39.95179],[-35.557712,39.953597],[-35.555524,39.968061],[-35.555267,39.969746],[-35.554745,39.973117],[-35.554482,39.974802],[-35.553417,39.981545],[-35.553148,39.98323],[-35.552604,39.986599],[-35.552329,39.988283],[-35.550108,40.001762],[-35.549807,40.003566],[-35.5492,40.007175],[-35.548892,40.008979],[-35.54765,40.016196],[-35.547333,40.018024],[-35.54669,40.02168],[-35.54636,40.023539],[-35.546069,40.025156],[-35.543351,40.04023],[-35.54311,40.041554],[-35.542627,40.044198],[-35.542383,40.045519],[-35.541402,40.050799],[-35.541064,40.0526],[-35.540382,40.056202],[-35.540038,40.058003],[-35.53962,40.060168],[-35.53934,40.061609],[-35.536485,40.076249],[-35.536131,40.078047],[-35.535417,40.081644],[-35.535056,40.083442],[-35.533563,40.090817],[-35.533378,40.091729],[-35.53301,40.093527],[-35.532417,40.096391],[-35.532119,40.097821],[-35.529104,40.112197],[-35.528724,40.113992],[-35.527958,40.117583],[-35.52759,40.119289],[-35.526012,40.126557],[-35.525619,40.128351],[-35.524827,40.131939],[-35.524428,40.133731],[-35.521205,40.14808],[-35.520799,40.149872],[-35.519981,40.153456],[-35.519569,40.155247],[-35.517906,40.162414],[-35.517487,40.164204],[-35.516643,40.167785],[-35.516218,40.169574],[-35.512789,40.183895],[-35.512357,40.185683],[-35.511488,40.18926],[-35.511049,40.191047],[-35.509283,40.1982],[-35.508839,40.199986],[-35.507943,40.20356],[-35.507492,40.205345],[-35.503856,40.219636],[-35.503398,40.22142],[-35.502477,40.22499],[-35.502013,40.226773],[-35.500143,40.23391],[-35.499673,40.235693],[-35.498725,40.239259],[-35.498249,40.24104],[-35.494406,40.255299],[-35.493923,40.25708],[-35.492949,40.260641],[-35.49246,40.262421],[-35.490487,40.269542],[-35.48999,40.27132],[-35.488991,40.274877],[-35.488489,40.276655],[-35.484439,40.290881],[-35.48393,40.292657],[-35.482905,40.29621],[-35.48239,40.297985],[-35.480314,40.305089],[-35.479792,40.306863],[-35.478741,40.310412],[-35.478213,40.312185],[-35.473957,40.326376],[-35.473422,40.328148],[-35.472345,40.331692],[-35.471804,40.333463],[-35.469625,40.340548],[-35.469077,40.342318],[-35.467975,40.345858],[-35.467421,40.347626],[-35.462958,40.36178],[-35.462398,40.363547],[-35.46127,40.367082],[-35.460703,40.368848],[-35.45842,40.375915],[-35.457847,40.37768],[-35.456693,40.38121],[-35.456113,40.382974],[-35.451445,40.397089],[-35.450859,40.398852],[-35.449679,40.402377],[-35.449086,40.404138],[-35.446701,40.411185],[-35.446102,40.412945],[-35.444897,40.416465],[-35.444291,40.418224],[-35.439417,40.432299],[-35.438805,40.434056],[-35.437574,40.437571],[-35.436956,40.439328],[-35.434467,40.446354],[-35.433843,40.448109],[-35.432586,40.451619],[-35.431955,40.453372],[-35.426875,40.467405],[-35.426238,40.469157],[-35.424955,40.472662],[-35.424311,40.474413],[-35.42172,40.481418],[-35.42107,40.483167],[-35.419762,40.486666],[-35.419105,40.488414],[-35.41382,40.502403],[-35.413157,40.50415],[-35.411824,40.507643],[-35.411154,40.509388],[-35.40846,40.516371],[-35.407784,40.518115],[-35.406425,40.521603],[-35.405743,40.523345],[-35.400253,40.537289],[-35.399624,40.538881],[-35.398358,40.542064],[-35.397723,40.543655],[-35.395171,40.55002],[-35.394531,40.55161],[-35.393244,40.554789],[-35.392599,40.556377],[-35.387408,40.569088],[-35.386695,40.570824],[-35.385264,40.574295],[-35.384545,40.57603],[-35.381655,40.582968],[-35.38093,40.584702],[-35.379473,40.588168],[-35.378734,40.589916],[-35.378108,40.59139],[-35.37761,40.592563],[-35.371586,40.606704],[-35.3711,40.607842],[-35.370125,40.610116],[-35.369637,40.611252],[-35.367676,40.615799],[-35.366927,40.617526],[-35.365423,40.620981],[-35.364668,40.622707],[-35.36363,40.625071],[-35.36337,40.625661],[-35.362849,40.626842],[-35.362589,40.627431],[-35.356487,40.641228],[-35.355727,40.642938],[-35.3542,40.646359],[-35.353423,40.648092],[-35.350311,40.655001],[-35.349533,40.656721],[-35.34797,40.660159],[-35.347186,40.661876],[-35.34088,40.675621],[-35.340089,40.677337],[-35.338501,40.680769],[-35.338245,40.68132],[-35.337704,40.682483],[-35.334501,40.689341],[-35.333697,40.691054],[-35.332084,40.694479],[-35.331274,40.69619],[-35.324766,40.70988],[-35.32395,40.711589],[-35.322311,40.715007],[-35.321488,40.716715],[-35.318184,40.723546],[-35.317355,40.725252],[-35.315691,40.728663],[-35.314856,40.730366],[-35.308146,40.744001],[-35.307304,40.745703],[-35.305615,40.749107],[-35.304767,40.750808],[-35.301362,40.75761],[-35.300508,40.759309],[-35.298793,40.762706],[-35.297933,40.764402],[-35.291021,40.77798],[-35.290154,40.779675],[-35.288414,40.783064],[-35.287541,40.784757],[-35.284035,40.791531],[-35.283156,40.793222],[-35.281391,40.796604],[-35.280506,40.798293],[-35.273392,40.811812],[-35.272501,40.813499],[-35.270711,40.816873],[-35.269812,40.818559],[-35.266206,40.825303],[-35.265302,40.826987],[-35.263486,40.830353],[-35.262576,40.832035],[-35.255262,40.845493],[-35.254345,40.847172],[-35.252505,40.850531],[-35.251582,40.85221],[-35.247875,40.858922],[-35.246946,40.860598],[-35.245081,40.86395],[-35.244146,40.865623],[-35.236631,40.879018],[-35.23569,40.88069],[-35.233799,40.884034],[-35.232851,40.885704],[-35.229045,40.892385],[-35.228091,40.894053],[-35.226175,40.897388],[-35.225215,40.899054],[-35.217502,40.912385],[-35.216535,40.914049],[-35.214595,40.917376],[-35.213622,40.919038],[-35.209716,40.925686],[-35.208737,40.927346],[-35.206772,40.930665],[-35.205787,40.932323],[-35.197875,40.945588],[-35.196884,40.947243],[-35.194894,40.950554],[-35.193896,40.952208],[-35.189891,40.958823],[-35.188887,40.960474],[-35.186873,40.963777],[-35.185863,40.965426],[-35.177752,40.978623],[-35.176736,40.98027],[-35.174697,40.983564],[-35.173675,40.985209],[-35.169571,40.99179],[-35.168542,40.993433],[-35.166478,40.996718],[-35.165444,40.998359],[-35.157136,41.011486],[-35.156096,41.013125],[-35.154007,41.016401],[-35.15296,41.018038],[-35.148758,41.024583],[-35.147704,41.026218],[-35.145591,41.029485],[-35.144533,41.031117],[-35.136028,41.044174],[-35.134963,41.045803],[-35.132825,41.049062],[-35.131754,41.050689],[-35.127453,41.057199],[-35.126376,41.058824],[-35.124214,41.062074],[-35.12313,41.063696],[-35.122284,41.06496],[-35.116137,41.076241],[-35.115218,41.077921],[-35.113373,41.081281],[-35.112448,41.082959],[-35.108731,41.089672],[-35.107799,41.091349],[-35.105929,41.0947],[-35.104992,41.096374],[-35.097458,41.109771],[-35.096514,41.111443],[-35.094618,41.114787],[-35.093668,41.116457],[-35.089851,41.123139],[-35.088895,41.124807],[-35.086974,41.128143],[-35.086012,41.129809],[-35.078278,41.143141],[-35.077309,41.144805],[-35.075363,41.148133],[-35.074388,41.149795],[-35.070471,41.156444],[-35.069489,41.158105],[-35.067519,41.161424],[-35.066532,41.163082],[-35.058598,41.176348],[-35.057604,41.178004],[-35.055609,41.181315],[-35.054609,41.182969],[-35.050593,41.189585],[-35.049586,41.191237],[-35.047566,41.19454],[-35.046554,41.196189],[-35.038421,41.209388],[-35.037402,41.211035],[-35.035358,41.214329],[-35.034332,41.215975],[-35.030217,41.222556],[-35.029186,41.2242],[-35.027116,41.227485],[-35.026079,41.229126],[-35.017749,41.242256],[-35.016705,41.243894],[-35.014611,41.247171],[-35.013561,41.248808],[-35.009347,41.255354],[-35.008291,41.256989],[-35.006172,41.260257],[-35.00511,41.261889],[-34.996582,41.274947],[-34.995514,41.276577],[-34.99337,41.279836],[-34.992296,41.281464],[-34.987983,41.287974],[-34.986903,41.2896],[-34.984735,41.29285],[-34.983648,41.294473],[-34.974924,41.307459],[-34.973956,41.308895],[-34.972014,41.311767],[-34.971042,41.313201],[-34.967138,41.31894],[-34.96616,41.320373],[-34.9642,41.323237],[-34.963218,41.324668],[-34.955333,41.336117],[-34.954218,41.33773],[-34.951982,41.340954],[-34.950861,41.342565],[-34.946363,41.349007],[-34.945236,41.350615],[-34.942975,41.353831],[-34.941827,41.355458],[-34.94054,41.357276],[-34.939514,41.358724],[-34.930141,41.371923],[-34.929521,41.372795],[-34.928281,41.374535],[-34.92766,41.375404],[-34.925171,41.378882],[-34.924023,41.380482],[-34.921719,41.383681],[-34.920564,41.385279],[-34.918447,41.388199],[-34.917918,41.388928],[-34.916857,41.390386],[-34.916327,41.391114],[-34.907018,41.403872],[-34.906268,41.404898],[-34.904764,41.406949],[-34.903594,41.408541],[-34.902759,41.409673],[-34.902341,41.410238],[-34.897639,41.416597],[-34.896461,41.418185],[-34.894098,41.421358],[-34.892915,41.422943],[-34.883412,41.435623],[-34.882913,41.436288],[-34.882223,41.437205],[-34.879836,41.440368],[-34.87864,41.441949],[-34.873841,41.448268],[-34.872639,41.449845],[-34.870228,41.452999],[-34.869021,41.454573],[-34.859326,41.467172],[-34.858112,41.468744],[-34.855677,41.471888],[-34.854457,41.473458],[-34.849563,41.479736],[-34.848337,41.481303],[-34.845878,41.484436],[-34.844647,41.486001],[-34.834761,41.498517],[-34.833523,41.500079],[-34.83104,41.503202],[-34.829797,41.504762],[-34.824806,41.510998],[-34.823557,41.512555],[-34.821051,41.515667],[-34.819795,41.517221],[-34.809719,41.529654],[-34.808458,41.531205],[-34.805928,41.534307],[-34.80466,41.535856],[-34.799575,41.54205],[-34.798302,41.543597],[-34.795748,41.546688],[-34.794469,41.548231],[-34.784204,41.560578],[-34.782918,41.562118],[-34.780341,41.565199],[-34.77905,41.566737],[-34.773871,41.572888],[-34.772574,41.574424],[-34.769973,41.577493],[-34.768671,41.579025],[-34.758217,41.591285],[-34.756908,41.592815],[-34.754284,41.595873],[-34.752969,41.597401],[-34.747696,41.603508],[-34.746376,41.605032],[-34.743728,41.60808],[-34.742402,41.609601],[-34.731761,41.621772],[-34.73043,41.623291],[-34.727759,41.626327],[-34.726421,41.627843],[-34.721054,41.633905],[-34.71971,41.635419],[-34.717016,41.638444],[-34.715667,41.639954],[-34.70484,41.652035],[-34.703485,41.653542],[-34.700768,41.656555],[-34.699406,41.65806],[-34.693947,41.664077],[-34.69258,41.665579],[-34.68984,41.668581],[-34.688468,41.67008],[-34.677456,41.682069],[-34.676078,41.683565],[-34.673314,41.686555],[-34.67193,41.688048],[-34.666379,41.694019],[-34.664989,41.695509],[-34.662202,41.698488],[-34.660807,41.699975],[-34.649611,41.711871],[-34.64821,41.713355],[-34.645401,41.716322],[-34.643994,41.717803],[-34.638351,41.723727],[-34.636938,41.725205],[-34.634106,41.72816],[-34.632688,41.729636],[-34.62131,41.741436],[-34.619886,41.742909],[-34.617031,41.745852],[-34.615601,41.747321],[-34.609867,41.753197],[-34.608431,41.754664],[-34.605554,41.757595],[-34.604113,41.759058],[-34.592554,41.770762],[-34.591107,41.772222],[-34.588207,41.775141],[-34.586755,41.776599],[-34.58093,41.782426],[-34.579472,41.78388],[-34.57655,41.786787],[-34.575087,41.788238],[-34.563347,41.799844],[-34.56211,41.801064],[-34.559631,41.803503],[-34.558389,41.804721],[-34.553414,41.809591],[-34.552169,41.810806],[-34.549674,41.813236],[-34.548425,41.814449],[-34.538409,41.824155],[-34.53692,41.825593],[-34.533937,41.828467],[-34.532443,41.829902],[-34.526453,41.835638],[-34.524953,41.83707],[-34.521948,41.839932],[-34.520442,41.841361],[-34.518421,41.843275],[-34.517708,41.843949],[-34.516519,41.845072],[-34.515807,41.845745],[-34.503592,41.857263],[-34.50304,41.857782],[-34.501935,41.858822],[-34.501382,41.859342],[-34.499167,41.861421],[-34.497648,41.862843],[-34.494605,41.865683],[-34.493081,41.867101],[-34.489205,41.870698],[-34.488236,41.871596],[-34.486294,41.873391],[-34.485321,41.874289],[-34.472881,41.885747],[-34.471268,41.887228],[-34.468358,41.889892],[-34.466896,41.891226],[-34.460717,41.896851],[-34.45917,41.898255],[-34.456041,41.901088],[-34.454519,41.902461],[-34.442072,41.913661],[-34.440514,41.915058],[-34.437393,41.91785],[-34.43583,41.919244],[-34.429564,41.924817],[-34.427995,41.926207],[-34.424852,41.928987],[-34.423279,41.930374],[-34.410658,41.941468],[-34.409079,41.942852],[-34.405914,41.945617],[-34.40433,41.946998],[-34.397977,41.952518],[-34.396387,41.953896],[-34.393201,41.956648],[-34.391606,41.958022],[-34.378813,41.969009],[-34.377213,41.97038],[-34.374005,41.973119],[-34.372399,41.974486],[-34.365961,41.979952],[-34.36435,41.981316],[-34.361121,41.984042],[-34.359505,41.985402],[-34.346541,41.996281],[-34.34492,41.997638],[-34.341669,42.00035],[-34.340042,42.001703],[-34.333519,42.007115],[-34.331886,42.008465],[-34.328615,42.011164],[-34.326978,42.01251],[-34.315772,42.021567],[-34.313784,42.023206],[-34.312146,42.024554],[-34.308865,42.027252],[-34.307223,42.0286],[-34.300646,42.033993],[-34.298992,42.035328],[-34.295663,42.037978],[-34.293997,42.039302],[-34.28203,42.0488],[-34.280651,42.049894],[-34.278967,42.051194],[-34.275732,42.053987],[-34.274063,42.055313],[-34.267372,42.060613],[-34.265697,42.061936],[-34.262343,42.064578],[-34.260664,42.065897],[-34.247198,42.076443],[-34.245513,42.077758],[-34.242138,42.080386],[-34.240448,42.081698],[-34.233674,42.086942],[-34.231979,42.08825],[-34.228584,42.090864],[-34.226884,42.092169],[-34.213254,42.1026],[-34.211549,42.103901],[-34.208132,42.106501],[-34.206422,42.107799],[-34.199566,42.112985],[-34.197851,42.114279],[-34.194414,42.116864],[-34.192694,42.118155],[-34.178901,42.128471],[-34.177176,42.129757],[-34.173718,42.132328],[-34.171988,42.133611],[-34.165052,42.13874],[-34.163316,42.140019],[-34.159839,42.142576],[-34.158099,42.143851],[-34.144144,42.154051],[-34.142399,42.155323],[-34.138901,42.157864],[-34.137151,42.159133],[-34.130134,42.164202],[-34.128378,42.165467],[-34.124861,42.167994],[-34.123101,42.169255],[-34.108987,42.179337],[-34.107222,42.180594],[-34.103684,42.183106],[-34.101914,42.184359],[-34.094818,42.18937],[-34.093043,42.19062],[-34.089486,42.193117],[-34.087706,42.194363],[-34.073434,42.204325],[-34.071649,42.205567],[-34.068072,42.208049],[-34.066282,42.209288],[-34.059108,42.214238],[-34.057313,42.215473],[-34.053717,42.21794],[-34.051917,42.219171],[-34.037489,42.229013],[-34.036068,42.22998],[-34.033221,42.231912],[-34.031797,42.232877],[-34.02609,42.236734],[-34.024662,42.237697],[-34.021803,42.23962],[-34.020373,42.24058],[-34.008909,42.248258],[-34.007089,42.249474],[-34.003443,42.251902],[-34.001617,42.253114],[-33.994304,42.257956],[-33.992473,42.259164],[-33.988807,42.261577],[-33.986972,42.262782],[-33.983659,42.264951],[-33.98249,42.265715],[-33.98054,42.266988],[-33.979371,42.26775],[-33.964309,42.277559],[-33.963518,42.278074],[-33.962327,42.278848],[-33.960481,42.280044],[-33.956785,42.282433],[-33.954936,42.283625],[-33.94859,42.287703],[-33.947988,42.288089],[-33.946783,42.288862],[-33.945194,42.289879],[-33.94322,42.291139],[-33.942233,42.291768],[-33.927346,42.301239],[-33.925485,42.30242],[-33.921755,42.304779],[-33.921225,42.305114],[-33.919888,42.305956],[-33.912409,42.31066],[-33.910537,42.311834],[-33.906789,42.314177],[-33.904914,42.315346],[-33.889878,42.324692],[-33.887998,42.325857],[-33.884231,42.328184],[-33.882346,42.329346],[-33.874792,42.333986],[-33.872902,42.335144],[-33.869117,42.337456],[-33.867223,42.338609],[-33.85204,42.347828],[-33.850141,42.348977],[-33.846338,42.351272],[-33.844434,42.352418],[-33.836807,42.356995],[-33.834899,42.358136],[-33.831077,42.360416],[-33.829165,42.361553],[-33.813837,42.370643],[-33.81192,42.371777],[-33.80808,42.37404],[-33.806159,42.37517],[-33.798459,42.379682],[-33.796533,42.380807],[-33.792675,42.383055],[-33.790746,42.384176],[-33.775273,42.393137],[-33.773339,42.394253],[-33.769463,42.396485],[-33.767524,42.397598],[-33.759753,42.402045],[-33.757809,42.403154],[-33.753916,42.405369],[-33.751968,42.406474],[-33.736354,42.415304],[-33.734402,42.416404],[-33.730491,42.418603],[-33.728534,42.419699],[-33.720693,42.424081],[-33.718732,42.425174],[-33.714803,42.427356],[-33.712838,42.428444],[-33.697085,42.437142],[-33.695115,42.438226],[-33.691169,42.440391],[-33.689195,42.441472],[-33.681284,42.445787],[-33.679306,42.446863],[-33.675343,42.449012],[-33.673361,42.450084],[-33.657469,42.458648],[-33.655482,42.459716],[-33.651502,42.461848],[-33.649511,42.462911],[-33.641532,42.46716],[-33.639536,42.468219],[-33.63554,42.470335],[-33.63354,42.47139],[-33.617513,42.47982],[-33.615509,42.480871],[-33.611495,42.482969],[-33.598259,42.489727],[-33.596333,42.490741],[-33.580225,42.499082],[-33.57699,42.500748],[-33.572947,42.502821],[-33.56786,42.505411],[-33.559741,42.509512],[-33.558743,42.510015],[-33.557701,42.51054],[-33.551033,42.513865],[-33.547836,42.515444],[-33.544569,42.517055],[-33.534561,42.522165],[-33.530481,42.524195],[-33.52844,42.525208],[-33.520262,42.529252],[-33.518216,42.530261],[-33.514121,42.532274],[-33.512072,42.533278],[-33.495649,42.541299],[-33.493596,42.542298],[-33.489484,42.544294],[-33.487427,42.545289],[-33.479185,42.549265],[-33.477123,42.550256],[-33.472995,42.552235],[-33.470931,42.553221],[-33.454381,42.561104],[-33.452312,42.562086],[-33.448168,42.564047],[-33.446094,42.565025],[-33.437789,42.568931],[-33.435712,42.569904],[-33.431552,42.571848],[-33.429472,42.572817],[-33.412796,42.58056],[-33.411288,42.581259],[-33.408266,42.582655],[-33.406754,42.583352],[-33.4007,42.586137],[-33.399186,42.586832],[-33.396155,42.588219],[-33.39464,42.588911],[-33.382497,42.594445],[-33.3804,42.595398],[-33.376202,42.597299],[-33.374102,42.598247],[-33.365688,42.602032],[-33.363584,42.602975],[-33.35937,42.604859],[-33.357262,42.605798],[-33.352419,42.607949],[-33.351296,42.608447],[-33.34961,42.609195],[-33.349028,42.609452],[-33.347864,42.609967],[-33.34724,42.610243],[-33.346018,42.610782],[-33.328707,42.618415],[-33.327221,42.619069],[-33.324249,42.620373],[-33.322131,42.621299],[-33.320866,42.621851],[-33.320234,42.622126],[-33.311745,42.62582],[-33.309622,42.626741],[-33.305372,42.628578],[-33.304832,42.628811],[-33.303246,42.629494],[-33.286207,42.636811],[-33.284077,42.637723],[-33.279811,42.639542],[-33.277678,42.640449],[-33.26913,42.644072],[-33.266992,42.644974],[-33.262712,42.646776],[-33.260572,42.647674],[-33.243416,42.654847],[-33.241272,42.655741],[-33.236977,42.657524],[-33.234829,42.658414],[-33.226223,42.661964],[-33.224071,42.662848],[-33.219762,42.664614],[-33.217607,42.665494],[-33.200337,42.672522],[-33.198178,42.673398],[-33.193855,42.675145],[-33.191693,42.676016],[-33.18303,42.679493],[-33.180864,42.68036],[-33.176527,42.682089],[-33.174358,42.682951],[-33.156976,42.689833],[-33.154803,42.690691],[-33.150452,42.692401],[-33.148276,42.693254],[-33.139558,42.696658],[-33.137378,42.697507],[-33.133013,42.699199],[-33.13083,42.700043],[-33.113338,42.706779],[-33.111151,42.707617],[-33.106773,42.709291],[-33.104583,42.710126],[-33.09581,42.713457],[-33.093617,42.714286],[-33.089225,42.715942],[-33.087029,42.716767],[-33.069429,42.723355],[-33.067229,42.724176],[-33.062824,42.725813],[-33.06062,42.726629],[-33.051794,42.729885],[-33.049588,42.730697],[-33.045169,42.732316],[-33.04296,42.733122],[-33.025254,42.739562],[-33.023041,42.740363],[-33.01861,42.741963],[-33.016393,42.742761],[-33.007516,42.745943],[-33.005296,42.746736],[-33.000852,42.748317],[-32.998629,42.749105],[-32.98082,42.755395],[-32.978595,42.756178],[-32.974138,42.757741],[-32.971908,42.758519],[-32.962979,42.761627],[-32.960747,42.762401],[-32.956278,42.763945],[-32.954043,42.764714],[-32.936133,42.770854],[-32.933895,42.771618],[-32.929413,42.773143],[-32.927171,42.773903],[-32.918192,42.776934],[-32.915947,42.77769],[-32.911453,42.779196],[-32.909206,42.779946],[-32.891198,42.785935],[-32.888947,42.78668],[-32.884441,42.788167],[-32.882187,42.788908],[-32.873159,42.791864],[-32.870902,42.792601],[-32.866384,42.794069],[-32.864125,42.7948],[-32.846021,42.800637],[-32.843758,42.801363],[-32.839228,42.802813],[-32.836962,42.803534],[-32.827887,42.806414],[-32.825618,42.807132],[-32.821077,42.808562],[-32.818806,42.809274],[-32.800608,42.814958],[-32.798334,42.815665],[-32.79378,42.817076],[-32.791503,42.817779],[-32.782382,42.820582],[-32.780102,42.82128],[-32.775537,42.822672],[-32.773254,42.823365],[-32.754965,42.828896],[-32.75268,42.829584],[-32.748104,42.830956],[-32.745815,42.83164],[-32.736649,42.834366],[-32.734358,42.835045],[-32.729771,42.836399],[-32.727477,42.837072],[-32.709099,42.842449],[-32.707599,42.842886],[-32.704596,42.84376],[-32.703094,42.844196],[-32.697079,42.845936],[-32.695576,42.846369],[-32.692567,42.847235],[-32.691063,42.847666],[-32.679014,42.851114],[-32.676784,42.851749],[-32.672319,42.853016],[-32.670086,42.853647],[-32.661146,42.856163],[-32.658385,42.856937],[-32.652857,42.858476],[-32.650092,42.859243],[-32.647987,42.859823],[-32.647461,42.859968],[-32.646408,42.860258],[-32.645883,42.860402],[-32.635659,42.86321],[-32.634718,42.863468],[-32.633463,42.863812],[-32.631708,42.864291],[-32.630831,42.86453],[-32.625808,42.865896],[-32.624568,42.866233],[-32.622043,42.866916],[-32.620789,42.867255],[-32.594961,42.874212],[-32.591732,42.875076],[-32.585268,42.876795],[-32.582034,42.87765],[-32.569082,42.881053],[-32.565844,42.881898],[-32.55936,42.88358],[-32.556118,42.884416],[-32.530135,42.89107],[-32.526888,42.891896],[-32.520385,42.893539],[-32.517132,42.894356],[-32.504105,42.897607],[-32.500847,42.898414],[-32.494327,42.90002],[-32.491066,42.900818],[-32.464936,42.907167],[-32.463305,42.907561],[-32.460039,42.908349],[-32.458405,42.908742],[-32.451865,42.910309],[-32.450231,42.9107],[-32.446959,42.911478],[-32.445324,42.911866],[-32.432222,42.914964],[-32.430585,42.915349],[-32.427309,42.916119],[-32.42567,42.916502],[-32.419111,42.918031],[-32.417471,42.918412],[-32.414189,42.919172],[-32.412548,42.919551],[-32.410139,42.920105],[-32.408597,42.920458],[-32.405514,42.921163],[-32.403972,42.921514],[-32.397801,42.922915],[-32.396259,42.923264],[-32.393172,42.92396],[-32.391629,42.924307],[-32.379272,42.927075],[-32.377729,42.927419],[-32.374639,42.928107],[-32.373095,42.928449],[-32.36691,42.929816],[-32.365365,42.930156],[-32.362273,42.930835],[-32.360728,42.931173],[-32.335955,42.936572],[-32.332859,42.937242],[-32.326661,42.938574],[-32.323561,42.939235],[-32.311147,42.941866],[-32.308043,42.942519],[-32.301831,42.943818],[-32.298725,42.944462],[-32.27384,42.949588],[-32.27073,42.950224],[-32.264504,42.951488],[-32.26139,42.952115],[-32.248922,42.95461],[-32.245805,42.955229],[-32.239566,42.956459],[-32.236446,42.957069],[-32.211454,42.961921],[-32.208331,42.962523],[-32.202079,42.963718],[-32.198952,42.964311],[-32.186432,42.966669],[-32.183302,42.967253],[-32.177037,42.968415],[-32.173905,42.968991],[-32.148812,42.973568],[-32.145677,42.974135],[-32.1394,42.975261],[-32.136261,42.97582],[-32.123691,42.97804],[-32.120549,42.97859],[-32.114261,42.979682],[-32.111117,42.980224],[-32.085929,42.984525],[-32.082782,42.985058],[-32.076481,42.986115],[-32.07333,42.98664],[-32.060715,42.988721],[-32.057562,42.989236],[-32.05125,42.99026],[-32.048095,42.990767],[-32.022818,42.994791],[-32.01966,42.995289],[-32.013338,42.996277],[-32.010176,42.996766],[-31.997518,42.998709],[-31.994354,42.99919],[-31.988021,43.000144],[-31.984855,43.000616],[-31.959495,43.004362],[-31.957723,43.004622],[-31.954175,43.00514],[-31.9524,43.005398],[-31.945297,43.006424],[-31.943521,43.006679],[-31.939969,43.007187],[-31.938194,43.007439],[-31.923971,43.009448],[-31.921805,43.009752],[-31.91747,43.010356],[-31.915303,43.010656],[-31.906627,43.011848],[-31.903819,43.01223],[-31.898199,43.012988],[-31.895381,43.013365],[-31.892678,43.013723],[-31.891983,43.013815],[-31.89085,43.013964],[-31.890274,43.01404],[-31.882037,43.015122],[-31.881247,43.015225],[-31.87895,43.015525],[-31.87792,43.015658],[-31.873801,43.016192],[-31.872772,43.016325],[-31.870713,43.016589],[-31.869685,43.016721],[-31.850145,43.019214],[-31.847704,43.019523],[-31.842818,43.020136],[-31.840375,43.020439],[-31.830596,43.021645],[-31.828152,43.021943],[-31.823261,43.022536],[-31.820817,43.022829],[-31.801237,43.025158],[-31.798791,43.025446],[-31.793895,43.026017],[-31.791448,43.026301],[-31.78165,43.027424],[-31.779201,43.027702],[-31.774301,43.028253],[-31.771852,43.028526],[-31.752235,43.030689],[-31.749784,43.030957],[-31.74488,43.031487],[-31.742428,43.03175],[-31.732612,43.03279],[-31.730158,43.033047],[-31.72525,43.033557],[-31.722796,43.033809],[-31.703145,43.035808],[-31.70069,43.036055],[-31.695777,43.036544],[-31.693321,43.036785],[-31.683489,43.037743],[-31.681031,43.03798],[-31.676115,43.038448],[-31.673657,43.03868],[-31.653975,43.040513],[-31.651516,43.040739],[-31.646595,43.041187],[-31.644135,43.041408],[-31.634288,43.042283],[-31.631827,43.042499],[-31.626903,43.042926],[-31.624441,43.043137],[-31.60473,43.044804],[-31.602268,43.045009],[-31.59734,43.045415],[-31.594877,43.045616],[-31.585016,43.046407],[-31.582551,43.046603],[-31.57762,43.046988],[-31.575156,43.047178],[-31.555419,43.048679],[-31.552953,43.048864],[-31.548019,43.049229],[-31.545553,43.049409],[-31.535679,43.050117],[-31.533212,43.050292],[-31.528275,43.050636],[-31.525807,43.050805],[-31.506047,43.05214],[-31.503578,43.052304],[-31.498639,43.052627],[-31.496169,43.052786],[-31.486285,43.053412],[-31.483815,43.053565],[-31.478872,43.053868],[-31.476402,43.054016],[-31.456621,43.055185],[-31.45415,43.055328],[-31.449206,43.055609],[-31.446734,43.055748],[-31.43684,43.05629],[-31.434367,43.056423],[-31.42942,43.056684],[-31.426948,43.056812],[-31.407149,43.057813],[-31.404676,43.057936],[-31.399727,43.058175],[-31.397253,43.058293],[-31.387351,43.058752],[-31.384876,43.058864],[-31.379926,43.059083],[-31.377451,43.05919],[-31.357637,43.060025],[-31.355162,43.060127],[-31.35021,43.060325],[-31.347734,43.060421],[-31.337825,43.060797],[-31.335349,43.060888],[-31.330395,43.061066],[-31.327919,43.061152],[-31.308092,43.06182],[-31.305616,43.061901],[-31.30066,43.062057],[-31.298183,43.062133],[-31.288269,43.062425],[-31.285791,43.062496],[-31.280834,43.062631],[-31.278357,43.062697],[-31.258521,43.063198],[-31.256044,43.063258],[-31.251086,43.063372],[-31.248608,43.063427],[-31.238689,43.063636],[-31.23621,43.063685],[-31.231252,43.06378],[-31.228774,43.063824],[-31.208931,43.064158],[-31.206453,43.064197],[-31.201493,43.06427],[-31.199014,43.064304],[-31.189093,43.064429],[-31.186614,43.064458],[-31.181654,43.06451],[-31.179175,43.064534],[-31.159328,43.064701],[-31.156849,43.064719],[-31.151889,43.06475],[-31.14941,43.064763],[-31.139487,43.064805],[-31.137008,43.064813],[-31.132047,43.064823],[-31.129568,43.064826],[-31.10972,43.064826],[-31.107241,43.064823],[-31.102281,43.064813],[-31.099801,43.064805],[-31.089878,43.064763],[-31.087399,43.06475],[-31.082439,43.064719],[-31.07996,43.064701],[-31.060113,43.064534],[-31.057634,43.06451],[-31.052675,43.064458],[-31.050196,43.064429],[-31.040274,43.064304],[-31.037795,43.06427],[-31.032836,43.064197],[-31.030358,43.064158],[-31.010514,43.063824],[-31.008036,43.06378],[-31.003078,43.063685],[-31.000599,43.063636],[-30.990681,43.063427],[-30.988202,43.063372],[-30.983245,43.063258],[-30.980767,43.063198],[-30.960931,43.062697],[-30.958454,43.062631],[-30.953497,43.062496],[-30.95102,43.062425],[-30.941105,43.062133],[-30.938628,43.062057],[-30.933672,43.061901],[-30.931196,43.06182],[-30.91137,43.061152],[-30.908894,43.061066],[-30.90394,43.060888],[-30.901464,43.060797],[-30.891554,43.060421],[-30.889079,43.060325],[-30.884126,43.060127],[-30.881651,43.060025],[-30.861837,43.05919],[-30.85853,43.059046],[-30.851914,43.058749],[-30.848607,43.058595],[-30.835375,43.057963],[-30.83207,43.057801],[-30.825457,43.057467],[-30.822153,43.057295],[-30.795703,43.055882],[-30.792396,43.055701],[-30.785779,43.055328],[-30.782471,43.055138],[-30.769238,43.054356],[-30.765924,43.054155],[-30.759294,43.053745],[-30.755969,43.053535],[-30.752726,43.053325],[-30.752024,43.053281],[-30.749537,43.053127],[-30.748295,43.053049],[-30.738405,43.052423],[-30.73717,43.052344],[-30.734699,43.052185],[-30.733464,43.052105],[-30.728521,43.051782],[-30.727286,43.0517],[-30.724816,43.051536],[-30.723582,43.051453],[-30.70978,43.050521],[-30.708548,43.050437],[-30.706081,43.050268],[-30.704848,43.050182],[-30.699913,43.049838],[-30.69868,43.049752],[-30.696214,43.049577],[-30.694982,43.049489],[-30.685113,43.048781],[-30.683879,43.048691],[-30.681409,43.048511],[-30.680174,43.048421],[-30.675233,43.048055],[-30.673994,43.047963],[-30.671435,43.047771],[-30.664365,43.047253],[-30.661461,43.047037],[-30.655673,43.046599],[-30.652781,43.046377],[-30.641225,43.045474],[-30.638339,43.045244],[-30.632565,43.044779],[-30.62968,43.044543],[-30.606603,43.042624],[-30.603722,43.042381],[-30.597957,43.041887],[-30.595076,43.041637],[-30.583549,43.040621],[-30.580669,43.040363],[-30.574909,43.039841],[-30.572031,43.039577],[-30.552353,43.037744],[-30.549896,43.037513],[-30.54498,43.037045],[-30.542523,43.036808],[-30.532693,43.03585],[-30.530238,43.035608],[-30.525326,43.03512],[-30.522872,43.034873],[-30.503225,43.032875],[-30.500772,43.032622],[-30.495865,43.032113],[-30.493412,43.031855],[-30.483598,43.030815],[-30.481147,43.030553],[-30.476244,43.030022],[-30.473794,43.029755],[-30.454181,43.027592],[-30.451733,43.027319],[-30.446834,43.026768],[-30.444386,43.02649],[-30.43459,43.025367],[-30.432143,43.025084],[-30.427248,43.024513],[-30.424803,43.024225],[-30.405228,43.021896],[-30.402784,43.021603],[-30.397894,43.021011],[-30.395451,43.020712],[-30.385674,43.019507],[-30.383232,43.019203],[-30.378347,43.018591],[-30.375907,43.018282],[-30.356371,43.015789],[-30.355343,43.015658],[-30.353285,43.015393],[-30.352256,43.01526],[-30.348138,43.014727],[-30.347109,43.014593],[-30.344813,43.014294],[-30.344022,43.014191],[-30.335787,43.013109],[-30.335212,43.013033],[-30.33408,43.012884],[-30.333385,43.012792],[-30.330682,43.012434],[-30.328359,43.012124],[-30.323728,43.011501],[-30.321413,43.011188],[-30.314711,43.010273],[-30.313037,43.010043],[-30.309687,43.009581],[-30.308014,43.009348],[-30.297733,43.007914],[-30.296449,43.007734],[-30.293881,43.007373],[-30.292597,43.007192],[-30.287461,43.006463],[-30.281334,43.005578],[-30.269089,43.003776],[-30.262929,43.002852],[-30.259731,43.002364],[-30.256529,43.001902],[-30.255439,43.001745],[-30.253259,43.001429],[-30.25217,43.00127],[-30.240943,42.999513],[-30.237128,42.998969],[-30.229709,42.997906],[-30.226118,42.997388],[-30.219878,42.996444],[-30.217773,42.996124],[-30.213563,42.995483],[-30.21146,42.995156],[-30.202744,42.99377],[-30.200895,42.993475],[-30.197402,42.992915],[-30.195349,42.992572],[-30.187314,42.991225],[-30.183105,42.990665],[-30.174732,42.989295],[-30.170548,42.988603],[-30.161185,42.987037],[-30.159915,42.986823],[-30.14831,42.984946],[-30.142583,42.984006],[-30.131154,42.982099],[-30.125444,42.981132],[-30.116767,42.97964],[-30.1146,42.979265],[-30.110265,42.978511],[-30.108099,42.978132],[-30.090765,42.975082],[-30.0886,42.974699],[-30.084271,42.973928],[-30.082108,42.973541],[-30.073453,42.971984],[-30.071291,42.971592],[-30.066968,42.970806],[-30.064808,42.97041],[-30.047519,42.967229],[-30.045361,42.96683],[-30.041043,42.966027],[-30.038886,42.965623],[-30.030255,42.964],[-30.028099,42.963592],[-30.023787,42.962773],[-30.021633,42.962361],[-30.004392,42.95905],[-30.00224,42.958634],[-29.997934,42.957798],[-29.995783,42.957378],[-29.987176,42.95569],[-29.985026,42.955266],[-29.980727,42.954414],[-29.978579,42.953986],[-29.961388,42.950544],[-29.959242,42.950112],[-29.954949,42.949243],[-29.952804,42.948807],[-29.944222,42.947054],[-29.942079,42.946614],[-29.937792,42.945729],[-29.935651,42.945285],[-29.918511,42.941713],[-29.916372,42.941265],[-29.912092,42.940364],[-29.909953,42.939912],[-29.901398,42.938093],[-29.899261,42.937637],[-29.894988,42.93672],[-29.892853,42.93626],[-29.875767,42.932558],[-29.873634,42.932094],[-29.869368,42.931161],[-29.867236,42.930692],[-29.858708,42.928809],[-29.856578,42.928337],[-29.852318,42.927387],[-29.85019,42.926911],[-29.83316,42.92308],[-29.831034,42.9226],[-29.826781,42.921634],[-29.824656,42.92115],[-29.816156,42.919202],[-29.814033,42.918714],[-29.809788,42.917732],[-29.807667,42.91724],[-29.790694,42.91328],[-29.788575,42.912784],[-29.784337,42.911786],[-29.78222,42.911286],[-29.773749,42.909274],[-29.771633,42.908769],[-29.767402,42.907756],[-29.765289,42.907247],[-29.748375,42.90316],[-29.746263,42.902647],[-29.74204,42.901617],[-29.73993,42.901101],[-29.731489,42.899025],[-29.729381,42.898505],[-29.725166,42.897459],[-29.72306,42.896935],[-29.706207,42.892719],[-29.704103,42.892191],[-29.699895,42.891129],[-29.697793,42.890596],[-29.689383,42.888457],[-29.687282,42.88792],[-29.683082,42.886843],[-29.680985,42.886303],[-29.664194,42.88196],[-29.663147,42.881688],[-29.661051,42.881144],[-29.660004,42.880871],[-29.655811,42.879778],[-29.654764,42.879504],[-29.65267,42.878956],[-29.651623,42.878681],[-29.643245,42.876478],[-29.642199,42.876202],[-29.640106,42.875649],[-29.63906,42.875373],[-29.634876,42.874263],[-29.63383,42.873985],[-29.63174,42.873429],[-29.630695,42.87315],[-29.622221,42.870885],[-29.621291,42.870636],[-29.61943,42.870137],[-29.618501,42.869887],[-29.614781,42.868886],[-29.613851,42.868635],[-29.611993,42.868133],[-29.611219,42.867924],[-29.603629,42.865866],[-29.602701,42.865614],[-29.600844,42.865109],[-29.599916,42.864856],[-29.596017,42.863791],[-29.595086,42.863536],[-29.594158,42.863282],[-29.593049,42.862978],[-29.592495,42.862826],[-29.577438,42.858685],[-29.57616,42.858332],[-29.574241,42.857803],[-29.573669,42.857645],[-29.572527,42.857329],[-29.571927,42.857163],[-29.571075,42.856927],[-29.566233,42.855583],[-29.564147,42.855002],[-29.559984,42.853838],[-29.557904,42.853254],[-29.549587,42.850911],[-29.547509,42.850323],[-29.543356,42.849144],[-29.541281,42.848553],[-29.529232,42.845105],[-29.527728,42.844674],[-29.52472,42.843808],[-29.523216,42.843374],[-29.517203,42.841634],[-29.515701,42.841199],[-29.512697,42.840325],[-29.511197,42.839887],[-29.49282,42.834511],[-29.490527,42.833837],[-29.48594,42.832484],[-29.483648,42.831805],[-29.474483,42.829079],[-29.472194,42.828395],[-29.467618,42.827023],[-29.465333,42.826335],[-29.447045,42.820804],[-29.444762,42.820111],[-29.440198,42.818719],[-29.437918,42.818021],[-29.428797,42.815218],[-29.42652,42.814515],[-29.421966,42.813104],[-29.419692,42.812397],[-29.401495,42.806713],[-29.399224,42.806001],[-29.394683,42.80457],[-29.392414,42.803853],[-29.38334,42.800973],[-29.381074,42.800251],[-29.376544,42.798802],[-29.374281,42.798076],[-29.356178,42.792239],[-29.353919,42.791508],[-29.349401,42.79004],[-29.347144,42.789303],[-29.338117,42.786347],[-29.335863,42.785606],[-29.331357,42.784119],[-29.329106,42.783374],[-29.311099,42.777385],[-29.308852,42.776635],[-29.304358,42.775129],[-29.302113,42.774374],[-29.293135,42.771342],[-29.290893,42.770582],[-29.286411,42.769057],[-29.284173,42.768293],[-29.266264,42.762153],[-29.264029,42.761384],[-29.25956,42.75984],[-29.257327,42.759066],[-29.248399,42.755959],[-29.24617,42.75518],[-29.241713,42.753617],[-29.239487,42.752834],[-29.221679,42.746544],[-29.219457,42.745756],[-29.215013,42.744175],[-29.212793,42.743382],[-29.203916,42.7402],[-29.201699,42.739403],[-29.197268,42.737803],[-29.195055,42.737001],[-29.17735,42.730561],[-29.175141,42.729755],[-29.170723,42.728136],[-29.168516,42.727325],[-29.159691,42.724068],[-29.157487,42.723252],[-29.153082,42.721615],[-29.150882,42.720795],[-29.133283,42.714207],[-29.131087,42.713381],[-29.126695,42.711726],[-29.124502,42.710896],[-29.11573,42.707565],[-29.11354,42.706731],[-29.109161,42.705057],[-29.106975,42.704218],[-29.089483,42.697482],[-29.087301,42.696639],[-29.082936,42.694946],[-29.080756,42.694098],[-29.072039,42.690694],[-29.069862,42.689841],[-29.065511,42.68813],[-29.063339,42.687273],[-29.045957,42.68039],[-29.043788,42.679528],[-29.039451,42.677799],[-29.037285,42.676933],[-29.028623,42.673455],[-29.026461,42.672584],[-29.022138,42.670837],[-29.019979,42.669962],[-29.00271,42.662933],[-29.000555,42.662053],[-28.996246,42.660288],[-28.994094,42.659403],[-28.985489,42.655853],[-28.983341,42.654964],[-28.979046,42.65318],[-28.976902,42.652287],[-28.959747,42.645114],[-28.957607,42.644216],[-28.953327,42.642414],[-28.951189,42.641511],[-28.942642,42.637889],[-28.940508,42.636982],[-28.936243,42.635162],[-28.934113,42.634251],[-28.917075,42.626934],[-28.915487,42.62625],[-28.914949,42.626018],[-28.910698,42.62418],[-28.908575,42.623259],[-28.900087,42.619566],[-28.899455,42.61929],[-28.898189,42.618738],[-28.89607,42.617811],[-28.8931,42.616508],[-28.891615,42.615855],[-28.874304,42.608222],[-28.873081,42.607682],[-28.872457,42.607406],[-28.871292,42.606891],[-28.87071,42.606633],[-28.869025,42.605887],[-28.867902,42.605389],[-28.86306,42.603238],[-28.86058,42.602132],[-28.855626,42.599915],[-28.853152,42.598804],[-28.843263,42.594344],[-28.840794,42.593227],[-28.835861,42.590986],[-28.833398,42.589863],[-28.818321,42.582961],[-28.81644,42.582097],[-28.812679,42.580365],[-28.8108,42.579497],[-28.803288,42.576019],[-28.801413,42.575148],[-28.797665,42.573402],[-28.795793,42.572528],[-28.773302,42.56199],[-28.7719,42.561332],[-28.769095,42.560012],[-28.767694,42.559351],[-28.762088,42.556701],[-28.760688,42.556038],[-28.757889,42.55471],[-28.756491,42.554045],[-28.745305,42.548712],[-28.743909,42.548045],[-28.741117,42.546708],[-28.739722,42.546039],[-28.734145,42.543357],[-28.732752,42.542686],[-28.729967,42.541342],[-28.728577,42.540669],[-28.71546,42.534308],[-28.714608,42.533894],[-28.712903,42.533065],[-28.712051,42.532651],[-28.708643,42.530989],[-28.707791,42.530573],[-28.706089,42.529741],[-28.705238,42.529325],[-28.69843,42.525989],[-28.697581,42.525572],[-28.695881,42.524737],[-28.695032,42.524319],[-28.691634,42.522645],[-28.690786,42.522227],[-28.689089,42.521389],[-28.688242,42.52097],[-28.67467,42.514249],[-28.672977,42.513408],[-28.669591,42.511722],[-28.667899,42.510878],[-28.661137,42.507495],[-28.659448,42.506648],[-28.656073,42.50495],[-28.654388,42.504101],[-28.640906,42.497285],[-28.639223,42.496432],[-28.63586,42.494723],[-28.63418,42.493867],[-28.627462,42.490436],[-28.625785,42.489578],[-28.622433,42.487857],[-28.620759,42.486995],[-28.607368,42.480086],[-28.605697,42.479222],[-28.602357,42.477489],[-28.600688,42.476621],[-28.594016,42.473144],[-28.592351,42.472273],[-28.589022,42.470529],[-28.587359,42.469656],[-28.57406,42.462653],[-28.572401,42.461777],[-28.569084,42.460022],[-28.567427,42.459142],[-28.560801,42.455618],[-28.559148,42.454736],[-28.555842,42.452969],[-28.554191,42.452084],[-28.540986,42.444989],[-28.539338,42.444102],[-28.536044,42.442323],[-28.534399,42.441432],[-28.52782,42.437862],[-28.526178,42.436968],[-28.522896,42.435178],[-28.521257,42.434282],[-28.508146,42.427095],[-28.506511,42.426196],[-28.50324,42.424394],[-28.501607,42.423492],[-28.495076,42.419876],[-28.493446,42.418971],[-28.491531,42.417905],[-28.473956,42.419254],[-28.471515,42.419438],[-28.466631,42.419803],[-28.464189,42.419982],[-28.454415,42.42069],[-28.451972,42.420865],[-28.447085,42.421208],[-28.444642,42.421378],[-28.42508,42.422711],[-28.422637,42.422875],[-28.417747,42.423197]]],[[[-14.334108,56.581319],[-14.509543,56.816667],[-14.514315,56.816667],[-14.515713,56.818763],[-14.516845,56.820467],[-14.525877,56.834115],[-14.527002,56.83582],[-14.529243,56.839234],[-14.53036,56.840941],[-14.534812,56.847778],[-14.53592,56.849487],[-14.538129,56.852907],[-14.539229,56.854617],[-14.548006,56.868317],[-14.549099,56.870028],[-14.551276,56.873455],[-14.552361,56.875169],[-14.556685,56.882031],[-14.557761,56.883746],[-14.559906,56.887179],[-14.560974,56.888895],[-14.569494,56.902645],[-14.570554,56.904363],[-14.572667,56.907802],[-14.573719,56.909522],[-14.577914,56.916408],[-14.578959,56.918129],[-14.581039,56.921575],[-14.582075,56.923297],[-14.590336,56.937095],[-14.591364,56.938819],[-14.593412,56.94227],[-14.594432,56.943996],[-14.598497,56.950906],[-14.599509,56.952634],[-14.601524,56.956091],[-14.602527,56.957819],[-14.610528,56.971664],[-14.611523,56.973394],[-14.613507,56.976857],[-14.614494,56.978588],[-14.618428,56.985522],[-14.619408,56.987255],[-14.621358,56.990723],[-14.622328,56.992457],[-14.630067,57.006348],[-14.631029,57.008083],[-14.632947,57.011557],[-14.633902,57.013295],[-14.637705,57.02025],[-14.638651,57.021989],[-14.640535,57.025469],[-14.641473,57.027208],[-14.648948,57.041143],[-14.649878,57.042884],[-14.65173,57.046369],[-14.652651,57.048111],[-14.656322,57.055088],[-14.657235,57.056833],[-14.659053,57.060323],[-14.659958,57.062068],[-14.667168,57.076045],[-14.668064,57.077791],[-14.66985,57.081286],[-14.670738,57.083034],[-14.674276,57.090032],[-14.675156,57.091781],[-14.676908,57.095282],[-14.677779,57.097032],[-14.684722,57.11105],[-14.685586,57.112801],[-14.687304,57.116307],[-14.688159,57.11806],[-14.691564,57.125078],[-14.69241,57.126832],[-14.694095,57.130343],[-14.694932,57.132098],[-14.701608,57.146155],[-14.701884,57.146737],[-14.702436,57.147903],[-14.702711,57.148486],[-14.703812,57.15082],[-14.704087,57.151403],[-14.704635,57.152571],[-14.704909,57.153154],[-14.707097,57.157827],[-14.707916,57.159585],[-14.709545,57.163105],[-14.710356,57.164865],[-14.713581,57.171909],[-14.714383,57.17367],[-14.715978,57.177194],[-14.716772,57.178956],[-14.720989,57.188379],[-14.721514,57.189555],[-14.722561,57.191911],[-14.723082,57.193089],[-14.72516,57.197803],[-14.725677,57.198981],[-14.726709,57.201338],[-14.727222,57.202516],[-14.733356,57.216647],[-14.733605,57.217222],[-14.734104,57.218374],[-14.734352,57.218949],[-14.735346,57.221255],[-14.736103,57.223022],[-14.737608,57.226558],[-14.738356,57.228326],[-14.740362,57.233094],[-14.740861,57.234286],[-14.741855,57.23667],[-14.74235,57.237861],[-14.748212,57.252027],[-14.74894,57.253797],[-14.750388,57.257339],[-14.751107,57.25911],[-14.75397,57.2662],[-14.754669,57.267944],[-14.75606,57.271434],[-14.756773,57.273234],[-14.762384,57.28749],[-14.763078,57.289264],[-14.764457,57.292815],[-14.765142,57.29459],[-14.767867,57.301696],[-14.768544,57.303473],[-14.769888,57.307027],[-14.770556,57.308803],[-14.775868,57.323034],[-14.776528,57.324811],[-14.777838,57.32837],[-14.778489,57.330149],[-14.781076,57.337271],[-14.78146,57.338333],[-14.781718,57.339051],[-14.782993,57.342612],[-14.783626,57.344393],[-14.788662,57.358653],[-14.789287,57.360434],[-14.790528,57.364],[-14.791144,57.365783],[-14.793592,57.372919],[-14.794199,57.374703],[-14.795405,57.378272],[-14.796004,57.380056],[-14.800761,57.394344],[-14.801351,57.396129],[-14.802523,57.399701],[-14.803104,57.401488],[-14.805412,57.408638],[-14.805985,57.410425],[-14.807121,57.414],[-14.807685,57.415788],[-14.812163,57.430103],[-14.812718,57.431891],[-14.813819,57.43547],[-14.814365,57.437259],[-14.816534,57.444423],[-14.817071,57.446213],[-14.818138,57.449795],[-14.818666,57.451585],[-14.822863,57.465925],[-14.823383,57.467717],[-14.824414,57.471302],[-14.824925,57.473094],[-14.826953,57.480269],[-14.827455,57.482063],[-14.828451,57.485651],[-14.828945,57.487444],[-14.832859,57.501808],[-14.833344,57.503602],[-14.834305,57.507193],[-14.83478,57.508988],[-14.836667,57.516174],[-14.837134,57.51797],[-14.838059,57.521564],[-14.838517,57.52336],[-14.842148,57.537746],[-14.842597,57.539542],[-14.843487,57.543139],[-14.843927,57.544936],[-14.845672,57.552133],[-14.846103,57.553932],[-14.846957,57.557531],[-14.847379,57.559329],[-14.850726,57.573735],[-14.85114,57.575534],[-14.851958,57.579135],[-14.852363,57.580936],[-14.853965,57.588142],[-14.85436,57.589943],[-14.855143,57.593547],[-14.85553,57.595348],[-14.85859,57.609771],[-14.858968,57.611573],[-14.859715,57.615179],[-14.860084,57.616981],[-14.861543,57.624197],[-14.861902,57.626],[-14.862613,57.629608],[-14.862964,57.631411],[-14.865738,57.645851],[-14.86604,57.647441],[-14.866636,57.650621],[-14.866931,57.652212],[-14.868097,57.658577],[-14.868385,57.660167],[-14.868954,57.66335],[-14.869794,57.668239],[-14.871646,57.679464],[-14.871867,57.680734],[-14.872923,57.686738],[-14.873653,57.691037],[-14.874174,57.694219],[-14.874997,57.699487],[-14.876673,57.71074],[-14.876822,57.711743],[-14.877496,57.715359],[-14.877747,57.717035],[-14.877871,57.717873],[-14.878859,57.724584],[-14.879059,57.725963],[-14.879455,57.728722],[-14.87965,57.730101],[-14.88042,57.73562],[-14.880609,57.737],[-14.880984,57.739759],[-14.881168,57.741139],[-14.881738,57.745466],[-14.881809,57.746007],[-14.88195,57.747088],[-14.88202,57.747628],[-14.882298,57.749791],[-14.882368,57.750332],[-14.882505,57.751413],[-14.882573,57.751952],[-14.883962,57.762997],[-14.884133,57.764376],[-14.88447,57.767136],[-14.884635,57.768516],[-14.885287,57.774039],[-14.885447,57.775419],[-14.885763,57.77818],[-14.885917,57.77956],[-14.887137,57.79061],[-14.887202,57.791208],[-14.887332,57.792406],[-14.887397,57.793004],[-14.887653,57.795401],[-14.887798,57.796782],[-14.888083,57.799544],[-14.888223,57.800926],[-14.888534,57.804055],[-14.88861,57.804837],[-14.888762,57.806401],[-14.888837,57.807182],[-14.889886,57.818237],[-14.890015,57.819623],[-14.890268,57.822397],[-14.890391,57.823783],[-14.890875,57.829333],[-14.890993,57.83072],[-14.891224,57.833494],[-14.891336,57.834881],[-14.892218,57.845983],[-14.892325,57.84737],[-14.892534,57.850145],[-14.892636,57.851532],[-14.893048,57.857288],[-14.893121,57.858311],[-14.893216,57.859699],[-14.893346,57.861655],[-14.89341,57.862633],[-14.894121,57.873783],[-14.894232,57.875585],[-14.894443,57.879189],[-14.894545,57.880991],[-14.894932,57.888202],[-14.895024,57.890004],[-14.895199,57.893609],[-14.895283,57.89541],[-14.895911,57.909835],[-14.895985,57.911637],[-14.896124,57.915242],[-14.896181,57.916809],[-14.89643,57.924256],[-14.896486,57.926058],[-14.896588,57.929663],[-14.896634,57.931464],[-14.897055,57.949514],[-14.8971,57.951763],[-14.897177,57.956263],[-14.897208,57.958513],[-14.897303,57.967515],[-14.89732,57.969764],[-14.897339,57.974265],[-14.897342,57.976513],[-14.897304,57.994521],[-14.897292,57.996769],[-14.897254,58.00127],[-14.897228,58.003519],[-14.897094,58.012521],[-14.897054,58.014771],[-14.896959,58.01927],[-14.896904,58.021519],[-14.896408,58.03948],[-14.896339,58.041724],[-14.896187,58.046212],[-14.896104,58.048455],[-14.895741,58.057434],[-14.895644,58.059677],[-14.895434,58.064165],[-14.895322,58.066408],[-14.894368,58.084364],[-14.894242,58.086606],[-14.893975,58.091093],[-14.893834,58.093336],[-14.893243,58.102311],[-14.893088,58.104553],[-14.892763,58.109039],[-14.892594,58.111281],[-14.89118,58.129228],[-14.890996,58.131469],[-14.890614,58.135954],[-14.890416,58.138195],[-14.889594,58.147165],[-14.889382,58.149407],[-14.888942,58.15389],[-14.888715,58.15613],[-14.88684,58.174065],[-14.886599,58.176305],[-14.886101,58.180786],[-14.885845,58.183026],[-14.884792,58.191989],[-14.884522,58.194229],[-14.883967,58.198708],[-14.883682,58.200946],[-14.881344,58.218867],[-14.881074,58.22089],[-14.880522,58.224937],[-14.880241,58.22696],[-14.879089,58.235056],[-14.878796,58.237079],[-14.878196,58.241125],[-14.877891,58.243146],[-14.875398,58.259332],[-14.875081,58.261353],[-14.874434,58.265397],[-14.874105,58.267418],[-14.872764,58.275506],[-14.872423,58.277527],[-14.871728,58.281569],[-14.871376,58.283589],[-14.868808,58.298041],[-14.868701,58.298639],[-14.868486,58.299838],[-14.868378,58.300437],[-14.867943,58.302835],[-14.867834,58.303434],[-14.867614,58.304633],[-14.867504,58.305232],[-14.866618,58.31003],[-14.866279,58.311835],[-14.865593,58.315446],[-14.865245,58.31725],[-14.863835,58.32447],[-14.863477,58.326274],[-14.862753,58.329882],[-14.862387,58.331686],[-14.860401,58.341324],[-14.860151,58.342528],[-14.859646,58.344936],[-14.859391,58.346139],[-14.858365,58.350956],[-14.858106,58.352159],[-14.857584,58.354566],[-14.857322,58.355768],[-14.854144,58.370187],[-14.854012,58.370785],[-14.853746,58.371982],[-14.853612,58.372581],[-14.853076,58.374977],[-14.852667,58.376778],[-14.851841,58.380381],[-14.851424,58.382181],[-14.850295,58.386989],[-14.850012,58.38819],[-14.849439,58.390592],[-14.849151,58.391792],[-14.845668,58.406192],[-14.845228,58.40799],[-14.844339,58.411587],[-14.843889,58.413385],[-14.842072,58.420578],[-14.841613,58.422376],[-14.840685,58.42597],[-14.840217,58.427766],[-14.836425,58.442155],[-14.835946,58.443955],[-14.834982,58.447537],[-14.834496,58.449327],[-14.832525,58.45651],[-14.832028,58.458304],[-14.831024,58.461893],[-14.830517,58.463686],[-14.826422,58.478042],[-14.825905,58.479834],[-14.824862,58.48342],[-14.824336,58.485213],[-14.822212,58.492383],[-14.821748,58.493939],[-14.820596,58.497758],[-14.820051,58.499548],[-14.815648,58.513879],[-14.815094,58.515668],[-14.813974,58.519248],[-14.81341,58.521037],[-14.811132,58.528195],[-14.810558,58.529983],[-14.8094,58.53356],[-14.808817,58.535347],[-14.804107,58.549651],[-14.803514,58.551437],[-14.802318,58.55501],[-14.801715,58.556796],[-14.799284,58.56394],[-14.798671,58.565725],[-14.797437,58.569295],[-14.796815,58.571078],[-14.791798,58.585354],[-14.791166,58.587137],[-14.789893,58.590703],[-14.789252,58.592485],[-14.786666,58.599614],[-14.786015,58.601395],[-14.784704,58.604958],[-14.784044,58.606737],[-14.778718,58.620984],[-14.778048,58.622762],[-14.776698,58.626321],[-14.776018,58.628099],[-14.773279,58.635213],[-14.772589,58.63699],[-14.771201,58.640545],[-14.770502,58.64232],[-14.764868,58.656535],[-14.76416,58.65831],[-14.762732,58.66186],[-14.762014,58.663634],[-14.75912,58.670732],[-14.758393,58.672505],[-14.756927,58.676051],[-14.75619,58.677823],[-14.750247,58.692004],[-14.7495,58.693774],[-14.747996,58.697316],[-14.747239,58.699086],[-14.744191,58.706167],[-14.743425,58.707935],[-14.741882,58.711473],[-14.741106,58.71324],[-14.734855,58.727385],[-14.734069,58.729151],[-14.732488,58.732684],[-14.731692,58.734449],[-14.72849,58.741512],[-14.727685,58.743276],[-14.726065,58.746805],[-14.725251,58.748567],[-14.718691,58.762676],[-14.717866,58.764437],[-14.716208,58.76796],[-14.715374,58.769721],[-14.712017,58.776765],[-14.711173,58.778524],[-14.709476,58.782043],[-14.708623,58.7838],[-14.701754,58.79787],[-14.700891,58.799626],[-14.699155,58.80314],[-14.698283,58.804896],[-14.694771,58.811919],[-14.693889,58.813674],[-14.692115,58.817182],[-14.691223,58.818935],[-14.684045,58.832964],[-14.683144,58.834715],[-14.68133,58.838218],[-14.680419,58.839969],[-14.679829,58.841097],[-14.676753,58.846972],[-14.675832,58.848721],[-14.673981,58.852219],[-14.673051,58.853966],[-14.665564,58.867953],[-14.665289,58.868464],[-14.664738,58.86949],[-14.664463,58.870002],[-14.663357,58.872054],[-14.66308,58.872566],[-14.662526,58.873592],[-14.662248,58.874104],[-14.660022,58.878208],[-14.65907,58.879953],[-14.657156,58.883444],[-14.656195,58.885188],[-14.652329,58.892163],[-14.651358,58.893906],[-14.649406,58.89739],[-14.648425,58.899131],[-14.642855,58.90897],[-14.642157,58.910198],[-14.640755,58.912655],[-14.640052,58.913883],[-14.637229,58.918796],[-14.636521,58.920023],[-14.6351,58.922476],[-14.634388,58.923702],[-14.626192,58.937754],[-14.625643,58.938693],[-14.624817,58.940103],[-14.623796,58.941839],[-14.621743,58.945308],[-14.620712,58.947042],[-14.617317,58.952723],[-14.616466,58.954142],[-14.614756,58.95698],[-14.613899,58.958397],[-14.605484,58.972246],[-14.604428,58.973974],[-14.602306,58.977432],[-14.601241,58.979159],[-14.596957,58.98607],[-14.59634,58.987062],[-14.595103,58.989046],[-14.594023,58.990772],[-14.593099,58.992239],[-14.592637,58.992972],[-14.587685,59.000667],[-14.583873,59.006745],[-14.582787,59.008473],[-14.580608,59.01193],[-14.579509,59.013655],[-14.575407,59.019981],[-14.575046,59.020523],[-14.573907,59.022225],[-14.571623,59.025632],[-14.570497,59.027345],[-14.561572,59.041168],[-14.560439,59.042884],[-14.558162,59.046316],[-14.557513,59.047292],[-14.55702,59.048031],[-14.552427,59.05489],[-14.551275,59.056603],[-14.54896,59.060029],[-14.547799,59.06174],[-14.538459,59.075433],[-14.537288,59.077143],[-14.534934,59.080561],[-14.533753,59.082269],[-14.529007,59.089102],[-14.527816,59.090808],[-14.525424,59.09422],[-14.524224,59.095924],[-14.514576,59.109563],[-14.513366,59.111265],[-14.510936,59.11467],[-14.509716,59.116371],[-14.504816,59.123176],[-14.503587,59.124875],[-14.501118,59.128273],[-14.49988,59.12997],[-14.489924,59.143552],[-14.488676,59.145247],[-14.486168,59.148638],[-14.48491,59.150332],[-14.479856,59.157107],[-14.478589,59.158799],[-14.476043,59.162182],[-14.474767,59.163872],[-14.464504,59.177396],[-14.463217,59.179084],[-14.460633,59.182459],[-14.459336,59.184146],[-14.454129,59.190892],[-14.452823,59.192576],[-14.450201,59.195945],[-14.448886,59.197627],[-14.438316,59.21109],[-14.436991,59.21277],[-14.43433,59.216131],[-14.432995,59.21781],[-14.427634,59.224525],[-14.42629,59.226202],[-14.423591,59.229555],[-14.422238,59.231229],[-14.411362,59.24463],[-14.409998,59.246303],[-14.407261,59.249648],[-14.405888,59.251319],[-14.400374,59.258002],[-14.398991,59.259672],[-14.396216,59.263009],[-14.394825,59.264675],[-14.383643,59.278012],[-14.382241,59.279677],[-14.379427,59.283005],[-14.378016,59.284668],[-14.372349,59.29132],[-14.370929,59.292981],[-14.368077,59.296301],[-14.366648,59.29796],[-14.35516,59.311231],[-14.353721,59.312887],[-14.350831,59.3162],[-14.349381,59.317854],[-14.343562,59.324473],[-14.342103,59.326125],[-14.339176,59.329429],[-14.337708,59.331079],[-14.325916,59.344283],[-14.324438,59.345931],[-14.321472,59.349226],[-14.319985,59.350872],[-14.314013,59.357456],[-14.312517,59.3591],[-14.309513,59.362387],[-14.308007,59.364028],[-14.295911,59.377163],[-14.294396,59.378802],[-14.291354,59.38208],[-14.289828,59.383718],[-14.283705,59.390266],[-14.28217,59.391902],[-14.279091,59.395171],[-14.277548,59.396803],[-14.265148,59.409867],[-14.264792,59.410242],[-14.264077,59.410993],[-14.26372,59.411369],[-14.262287,59.412873],[-14.261929,59.413249],[-14.261211,59.414],[-14.260853,59.414376],[-14.257977,59.417384],[-14.256413,59.419013],[-14.253277,59.42227],[-14.251705,59.423897],[-14.245394,59.430403],[-14.243813,59.432027],[-14.24064,59.435275],[-14.239049,59.436897],[-14.229223,59.446879],[-14.228035,59.448084],[-14.225651,59.450492],[-14.224457,59.451695],[-14.219674,59.456502],[-14.218392,59.457786],[-14.215823,59.460353],[-14.214536,59.461635],[-14.201359,59.474725],[-14.199729,59.476338],[-14.196458,59.479563],[-14.194818,59.481174],[-14.188242,59.487613],[-14.186594,59.48922],[-14.183288,59.492434],[-14.181632,59.494039],[-14.168328,59.506879],[-14.166931,59.508222],[-14.16413,59.510909],[-14.162455,59.51251],[-14.161777,59.513156],[-14.154915,59.519685],[-14.15323,59.521283],[-14.149849,59.524477],[-14.148155,59.526072],[-14.134551,59.538835],[-14.132847,59.540427],[-14.129429,59.543611],[-14.127715,59.545202],[-14.120839,59.551562],[-14.119116,59.55315],[-14.115661,59.556325],[-14.114563,59.557331],[-14.11393,59.55791],[-14.100027,59.570592],[-14.098286,59.572175],[-14.094792,59.575339],[-14.093042,59.57692],[-14.086017,59.58324],[-14.084257,59.584818],[-14.080727,59.587972],[-14.078958,59.589547],[-14.064758,59.602148],[-14.062979,59.60372],[-14.059412,59.606864],[-14.057624,59.608435],[-14.05045,59.614714],[-14.048653,59.616281],[-14.045049,59.619415],[-14.043243,59.620979],[-14.028746,59.633497],[-14.026931,59.635059],[-14.023289,59.638182],[-14.021464,59.639742],[-14.014142,59.645979],[-14.012308,59.647536],[-14.00863,59.650648],[-14.006788,59.652203],[-13.991995,59.664635],[-13.990143,59.666187],[-13.986427,59.669288],[-13.984566,59.670837],[-13.977096,59.677032],[-13.975226,59.678578],[-13.971474,59.681669],[-13.969595,59.683212],[-13.954508,59.695559],[-13.952618,59.697099],[-13.948829,59.700179],[-13.946931,59.701717],[-13.939315,59.707868],[-13.937407,59.709403],[-13.933583,59.712472],[-13.931667,59.714004],[-13.916287,59.726262],[-13.914361,59.727792],[-13.910499,59.730849],[-13.908564,59.732376],[-13.900802,59.738482],[-13.898858,59.740006],[-13.89496,59.743053],[-13.893007,59.744574],[-13.877335,59.756742],[-13.875373,59.75826],[-13.871438,59.761295],[-13.869467,59.762811],[-13.861559,59.768872],[-13.859579,59.770384],[-13.855608,59.773408],[-13.85362,59.774918],[-13.837657,59.786994],[-13.835659,59.788501],[-13.831652,59.791513],[-13.829644,59.793017],[-13.821592,59.799031],[-13.819575,59.800533],[-13.815532,59.803533],[-13.813507,59.805031],[-13.797256,59.817014],[-13.795222,59.818509],[-13.791142,59.821498],[-13.789099,59.82299],[-13.780902,59.828957],[-13.77885,59.830447],[-13.774735,59.833424],[-13.772674,59.83491],[-13.756135,59.846798],[-13.75374,59.848513],[-13.748936,59.851941],[-13.746528,59.853652],[-13.736871,59.860494],[-13.734452,59.862201],[-13.729601,59.865613],[-13.727171,59.867316],[-13.707663,59.880935],[-13.705066,59.88274],[-13.699856,59.886349],[-13.697246,59.88815],[-13.686772,59.89535],[-13.684148,59.897147],[-13.678885,59.900738],[-13.676229,59.902543],[-13.674677,59.903594],[-13.673442,59.90443],[-13.647996,59.921622],[-13.645506,59.923298],[-13.640513,59.926646],[-13.638012,59.928318],[-13.627978,59.935],[-13.610413,59.946564],[-13.609733,59.947007],[-13.583914,59.963828],[-13.58068,59.965925],[-13.574189,59.970115],[-13.570935,59.972206],[-13.557878,59.98056],[-13.556715,59.981303],[-13.554386,59.982788],[-13.551107,59.98487],[-13.546872,59.987548],[-13.54554,59.988388],[-13.544753,59.988884],[-13.518253,60.005536],[-13.515196,60.007449],[-13.509063,60.01127],[-13.50599,60.013177],[-13.493658,60.020798],[-13.492113,60.02175],[-13.490569,60.022699],[-13.484374,60.026496],[-13.481271,60.028391],[-13.456354,60.043537],[-13.452088,60.046115],[-13.443525,60.051262],[-13.439231,60.053829],[-13.421988,60.064079],[-13.417655,60.06664],[-13.408958,60.071753],[-13.406921,60.072944],[-13.406248,60.073341],[-13.405552,60.073752],[-13.404431,60.074412],[-13.403761,60.074807],[-13.39824,60.078057],[-13.396141,60.079289],[-13.391938,60.081751],[-13.389833,60.08298],[-13.381399,60.087893],[-13.379286,60.08912],[-13.375053,60.091572],[-13.37293,60.092799],[-13.368172,60.095542],[-13.363836,60.098043],[-13.363274,60.098367],[-13.362155,60.099012],[-13.361595,60.099335],[-13.359359,60.100621],[-13.358801,60.100942],[-13.357683,60.101584],[-13.357125,60.101905],[-13.343923,60.109477],[-13.341802,60.110691],[-13.33755,60.113117],[-13.335422,60.114328],[-13.326891,60.119169],[-13.324756,60.120377],[-13.320479,60.122792],[-13.318339,60.123997],[-13.299017,60.134844],[-13.2966,60.136197],[-13.291754,60.138901],[-13.289328,60.140251],[-13.279601,60.145646],[-13.277166,60.146992],[-13.275111,60.148125],[-13.272288,60.149682],[-13.270735,60.150535],[-13.279032,60.150741],[-13.279874,60.151303],[-13.280716,60.151865],[-13.281559,60.152427],[-13.282402,60.152989],[-13.283244,60.153551],[-13.284085,60.154113],[-13.284929,60.154675],[-13.28577,60.155237],[-13.286612,60.155798],[-13.287454,60.15636],[-13.288298,60.156923],[-13.28914,60.157485],[-13.289981,60.158046],[-13.290823,60.158608],[-13.291666,60.15917],[-13.292508,60.159732],[-13.29335,60.160294],[-13.294195,60.160858],[-13.295036,60.161419],[-13.295877,60.16198],[-13.296719,60.162542],[-13.297562,60.163104],[-13.298404,60.163666],[-13.299246,60.164228],[-13.30009,60.164791],[-13.300932,60.165352],[-13.301775,60.165915],[-13.302616,60.166476],[-13.303458,60.167038],[-13.3043,60.1676],[-13.305143,60.168162],[-13.305986,60.168724],[-13.306829,60.169286],[-13.30767,60.169847],[-13.308512,60.170409],[-13.309355,60.170971],[-13.310197,60.171533],[-13.311041,60.172096],[-13.311883,60.172658],[-13.312725,60.17322],[-13.313567,60.173781],[-13.314409,60.174343],[-13.315251,60.174905],[-13.316094,60.175467],[-13.316936,60.176029],[-13.31778,60.176592],[-13.318622,60.177154],[-13.319464,60.177715],[-13.320308,60.178278],[-13.321149,60.178839],[-13.321991,60.179401],[-13.322833,60.179963],[-13.323677,60.180526],[-13.32452,60.181087],[-13.325361,60.181649],[-13.326203,60.182211],[-13.327046,60.182773],[-13.32789,60.183336],[-13.328731,60.183897],[-13.329573,60.184459],[-13.330417,60.185021],[-13.33126,60.185583],[-13.332101,60.186144],[-13.332943,60.186706],[-13.333786,60.187268],[-13.334629,60.18783],[-13.335471,60.188392],[-13.336315,60.188955],[-13.337159,60.189518],[-13.337999,60.190078],[-13.338841,60.19064],[-13.339684,60.191202],[-13.340526,60.191764],[-13.341369,60.192326],[-13.342213,60.192889],[-13.343055,60.193451],[-13.343897,60.194012],[-13.344739,60.194574],[-13.345582,60.195136],[-13.346426,60.195699],[-13.347267,60.19626],[-13.348111,60.196823],[-13.348953,60.197385],[-13.349795,60.197946],[-13.350638,60.198508],[-13.35148,60.19907],[-13.352323,60.199632],[-13.353166,60.200194],[-13.354011,60.200757],[-13.354852,60.201319],[-13.355694,60.20188],[-13.356536,60.202442],[-13.357379,60.203004],[-13.358222,60.203566],[-13.359064,60.204128],[-13.359908,60.20469],[-13.360751,60.205252],[-13.361592,60.205814],[-13.362435,60.206376],[-13.363279,60.206939],[-13.36412,60.2075],[-13.364963,60.208062],[-13.365807,60.208624],[-13.36665,60.209186],[-13.367491,60.209748],[-13.368334,60.210309],[-13.369177,60.210871],[-13.37002,60.211433],[-13.370862,60.211995],[-13.371706,60.212558],[-13.37255,60.213121],[-13.373391,60.213681],[-13.374233,60.214243],[-13.375076,60.214805],[-13.375919,60.215367],[-13.376762,60.215929],[-13.377606,60.216492],[-13.378448,60.217054],[-13.37929,60.217615],[-13.380134,60.218178],[-13.380976,60.218739],[-13.381818,60.219301],[-13.382661,60.219863],[-13.383505,60.220426],[-13.384348,60.220988],[-13.38519,60.221549],[-13.386032,60.222111],[-13.386836,60.222647],[-13.388349,60.223657],[-13.391371,60.22568],[-13.39288,60.226692],[-13.39891,60.230743],[-13.400415,60.231755],[-13.403422,60.233783],[-13.404923,60.234797],[-13.416929,60.24292],[-13.418427,60.243934],[-13.42142,60.245967],[-13.422915,60.246983],[-13.428889,60.251054],[-13.43038,60.252072],[-13.433358,60.254109],[-13.434844,60.255127],[-13.458644,60.271455],[-13.461195,60.27321],[-13.466289,60.276726],[-13.468831,60.278486],[-13.478981,60.285536],[-13.481513,60.287299],[-13.486566,60.290831],[-13.489085,60.292598],[-13.509226,60.306762],[-13.511737,60.308533],[-13.51675,60.31208],[-13.519251,60.313855],[-13.529238,60.320967],[-13.531729,60.322746],[-13.5367,60.326308],[-13.539179,60.328091],[-13.555761,60.340049],[-13.556524,60.340599],[-13.558051,60.341702],[-13.558814,60.342253],[-13.561866,60.344462],[-13.562628,60.345014],[-13.564152,60.346119],[-13.564912,60.346672],[-13.571003,60.351097],[-13.573061,60.352596],[-13.57717,60.355598],[-13.579221,60.3571],[-13.587411,60.363115],[-13.589453,60.36462],[-13.593533,60.367632],[-13.595568,60.369139],[-13.605826,60.376756],[-13.607105,60.377707],[-13.609663,60.379613],[-13.61094,60.380566],[-13.616044,60.384381],[-13.617318,60.385335],[-13.619863,60.387244],[-13.621133,60.388198],[-13.637246,60.400322],[-13.638184,60.401029],[-13.640061,60.402444],[-13.640999,60.403152],[-13.644748,60.405987],[-13.646752,60.407506],[-13.650751,60.410546],[-13.652746,60.412068],[-13.656992,60.415314],[-13.658052,60.416126],[-13.66017,60.41775],[-13.661227,60.418562],[-13.677102,60.430767],[-13.679081,60.432292],[-13.683033,60.435347],[-13.685005,60.436876],[-13.692882,60.442998],[-13.694846,60.444529],[-13.698768,60.447594],[-13.700724,60.449127],[-13.716358,60.461412],[-13.717131,60.46202],[-13.718677,60.463237],[-13.720624,60.464774],[-13.72297,60.466632],[-13.724142,60.467561],[-13.731897,60.473723],[-13.733832,60.475264],[-13.737693,60.478349],[-13.739619,60.479892],[-13.755011,60.492256],[-13.756929,60.493801],[-13.760761,60.496896],[-13.762672,60.498444],[-13.770307,60.504645],[-13.77221,60.506195],[-13.776011,60.5093],[-13.777236,60.510302],[-13.777906,60.510852],[-13.793053,60.523294],[-13.794941,60.524849],[-13.798712,60.527963],[-13.800592,60.529521],[-13.808104,60.53576],[-13.809976,60.53732],[-13.813715,60.540444],[-13.81558,60.542006],[-13.83048,60.554524],[-13.832337,60.556089],[-13.836046,60.559222],[-13.837896,60.560789],[-13.845283,60.567066],[-13.851486,60.572502],[-13.853514,60.574212],[-13.86527,60.584248],[-13.86814,60.586708],[-13.871791,60.589854],[-13.87558,60.59314],[-13.882963,60.599582],[-13.889161,60.605047],[-13.889653,60.605485],[-13.901189,60.615553],[-13.90526,60.61913],[-13.908843,60.6223],[-13.91063,60.623886],[-13.917766,60.630237],[-13.919545,60.631825],[-13.923096,60.635004],[-13.924866,60.636594],[-13.939013,60.649333],[-13.940776,60.650925],[-13.944296,60.654113],[-13.946051,60.655708],[-13.95306,60.662095],[-13.954807,60.663692],[-13.958294,60.666889],[-13.960032,60.668488],[-13.973923,60.681298],[-13.975654,60.682899],[-13.97911,60.686105],[-13.980833,60.687709],[-13.987713,60.694131],[-13.989428,60.695736],[-13.992851,60.698951],[-13.994557,60.700559],[-14.000885,60.706538],[-14.003711,60.706018],[-14.017577,60.70348],[-14.021043,60.702848],[-14.02798,60.701587],[-14.031448,60.70096],[-14.059228,60.695949],[-14.062698,60.695325],[-14.069645,60.694081],[-14.07312,60.693461],[-14.08703,60.69099],[-14.090508,60.690374],[-14.097467,60.689148],[-14.100946,60.688537],[-14.128814,60.68366],[-14.130091,60.683437],[-14.132296,60.683053],[-14.139265,60.681843],[-14.14275,60.68124],[-14.156705,60.678835],[-14.158756,60.678483],[-14.162861,60.677778],[-14.166352,60.677182],[-14.169227,60.676693],[-14.170663,60.676449],[-14.198618,60.671707],[-14.200466,60.671394],[-14.204166,60.670769],[-14.206017,60.670457],[-14.213425,60.66921],[-14.216922,60.668624],[-14.223921,60.667456],[-14.227421,60.666874],[-14.234009,60.665784],[-14.235655,60.665512],[-14.238949,60.664969],[-14.240594,60.664698],[-14.268875,60.660051],[-14.270338,60.659811],[-14.272783,60.65941],[-14.27425,60.65917],[-14.278412,60.658488],[-14.281919,60.657917],[-14.288936,60.656778],[-14.292445,60.656211],[-14.30649,60.653951],[-14.310001,60.653388],[-14.317027,60.652267],[-14.32054,60.651709],[-14.344741,60.647878],[-14.347764,60.647401],[-14.353815,60.64645],[-14.356841,60.645976],[-14.368954,60.644087],[-14.371982,60.643616],[-14.37804,60.642678],[-14.381069,60.642211],[-14.39722,60.639727],[-14.410096,60.636237],[-14.411113,60.635961],[-14.41315,60.63541],[-14.41608,60.634619],[-14.419902,60.63359],[-14.421813,60.633077],[-14.433549,60.629928],[-14.436483,60.629143],[-14.442356,60.627576],[-14.445293,60.626794],[-14.468819,60.620549],[-14.469799,60.620289],[-14.471762,60.619768],[-14.472743,60.619508],[-14.476674,60.618468],[-14.478144,60.618079],[-14.481087,60.617303],[-14.482558,60.616915],[-14.484755,60.616337],[-14.486219,60.615952],[-14.498245,60.612792],[-14.499716,60.612405],[-14.502661,60.611634],[-14.504133,60.611248],[-14.510027,60.609708],[-14.511473,60.60933],[-14.514368,60.608575],[-14.515648,60.608242],[-14.538683,60.602318],[-14.547333,60.600004],[-14.552697,60.598575],[-14.560248,60.596535],[-14.56233,60.595973],[-14.566497,60.59485],[-14.569559,60.594027],[-14.572025,60.59338],[-14.573172,60.59308],[-14.599023,60.586024],[-14.601829,60.585269],[-14.607447,60.583763],[-14.610257,60.583011],[-14.621509,60.580008],[-14.624621,60.57918],[-14.630852,60.577527],[-14.633969,60.576702],[-14.635314,60.576348],[-14.636208,60.576112],[-14.661314,60.569494],[-14.664562,60.56864],[-14.671066,60.566936],[-14.674319,60.566086],[-14.687346,60.562692],[-14.690604,60.561845],[-14.697125,60.560157],[-14.700402,60.559311],[-14.701694,60.558978],[-14.70272,60.558714],[-14.729096,60.551929],[-14.73236,60.551092],[-14.738895,60.549421],[-14.742163,60.548587],[-14.755252,60.54526],[-14.758524,60.54443],[-14.765074,60.542775],[-14.76835,60.54195],[-14.79459,60.535359],[-14.797869,60.534537],[-14.804433,60.532898],[-14.807717,60.53208],[-14.820865,60.528817],[-14.824152,60.528004],[-14.830732,60.526381],[-14.834022,60.525571],[-14.86038,60.519108],[-14.863673,60.518303],[-14.870267,60.516695],[-14.873565,60.515894],[-14.886772,60.512695],[-14.890073,60.511897],[-14.896682,60.510306],[-14.899987,60.509513],[-14.92646,60.503179],[-14.929768,60.502389],[-14.93639,60.500814],[-14.939702,60.500029],[-14.952966,60.496894],[-14.956282,60.496113],[-14.962919,60.494554],[-14.966238,60.493778],[-14.992824,60.487572],[-14.996146,60.486799],[-15.002796,60.485256],[-15.006122,60.484487],[-15.019442,60.481417],[-15.022771,60.480652],[-15.029436,60.479126],[-15.032769,60.478365],[-15.059465,60.47229],[-15.062801,60.471533],[-15.069479,60.470023],[-15.072819,60.46927],[-15.086192,60.466265],[-15.089536,60.465516],[-15.096228,60.464023],[-15.099574,60.463278],[-15.126378,60.457333],[-15.129727,60.456592],[-15.136432,60.455115],[-15.139785,60.454378],[-15.153212,60.451439],[-15.156569,60.450706],[-15.163288,60.449245],[-15.166647,60.448517],[-15.193556,60.442703],[-15.196918,60.441979],[-15.203649,60.440534],[-15.207016,60.439814],[-15.220495,60.43694],[-15.223864,60.436224],[-15.230609,60.434796],[-15.233981,60.434084],[-15.260994,60.428401],[-15.264368,60.427693],[-15.271125,60.426281],[-15.274504,60.425578],[-15.288034,60.42277],[-15.291416,60.42207],[-15.298186,60.420675],[-15.301571,60.41998],[-15.328683,60.414429],[-15.332071,60.413738],[-15.338852,60.412358],[-15.342244,60.411671],[-15.355823,60.408929],[-15.359218,60.408246],[-15.366012,60.406884],[-15.369409,60.406205],[-15.39662,60.400787],[-15.400019,60.400112],[-15.406825,60.398766],[-15.410229,60.398096],[-15.423857,60.39542],[-15.427263,60.394754],[-15.434082,60.393425],[-15.437491,60.392763],[-15.464797,60.387477],[-15.468208,60.386819],[-15.475038,60.385506],[-15.478453,60.384852],[-15.492128,60.382243],[-15.495546,60.381593],[-15.502388,60.380298],[-15.505809,60.379652],[-15.533208,60.3745],[-15.536631,60.373859],[-15.543483,60.37258],[-15.54691,60.371942],[-15.560631,60.3694],[-15.564061,60.368767],[-15.570925,60.367505],[-15.574357,60.366876],[-15.601847,60.361858],[-15.605281,60.361233],[-15.612156,60.359987],[-15.615594,60.359367],[-15.629359,60.356891],[-15.6328,60.356275],[-15.639687,60.355046],[-15.64313,60.354434],[-15.670707,60.34955],[-15.672514,60.349231],[-15.674152,60.348942],[-15.681049,60.34773],[-15.684498,60.347126],[-15.698307,60.344718],[-15.700547,60.344329],[-15.705029,60.343551],[-15.708484,60.342954],[-15.710909,60.342537],[-15.71212,60.342329],[-15.739784,60.33758],[-15.741684,60.337254],[-15.745488,60.336603],[-15.747391,60.336279],[-15.755007,60.334982],[-15.758468,60.334395],[-15.765394,60.333226],[-15.768858,60.332643],[-15.775092,60.331599],[-15.77665,60.331339],[-15.779766,60.330819],[-15.781323,60.33056],[-15.809319,60.325905],[-15.81082,60.325655],[-15.813078,60.32528],[-15.81358,60.325197],[-15.814584,60.32503],[-15.815085,60.324947],[-15.819105,60.324282],[-15.822575,60.323709],[-15.82952,60.322569],[-15.832992,60.322001],[-15.846892,60.319738],[-15.850366,60.319174],[-15.857319,60.318052],[-15.860796,60.317493],[-15.884603,60.31368],[-15.887576,60.313205],[-15.893529,60.312258],[-15.896505,60.311787],[-15.908421,60.309906],[-15.9114,60.309437],[-15.917359,60.308503],[-15.920339,60.308038],[-15.948243,60.303696],[-15.951928,60.303124],[-15.959306,60.301987],[-15.962995,60.30142],[-15.977764,60.299163],[-15.981455,60.298602],[-15.988843,60.297483],[-15.992537,60.296927],[-16.02212,60.292489],[-16.025805,60.291938],[-16.033181,60.290842],[-16.03687,60.290296],[-16.051637,60.288122],[-16.055299,60.287585],[-16.062628,60.286516],[-16.066237,60.285992],[-16.074998,60.284727],[-16.076513,60.284502],[-16.079233,60.284098],[-16.08479,60.283278],[-16.087569,60.282869],[-16.098808,60.281221],[-16.101617,60.28081],[-16.107239,60.279992],[-16.110048,60.279585],[-16.132662,60.276317],[-16.135487,60.27591],[-16.141141,60.275098],[-16.143968,60.274694],[-16.155285,60.273083],[-16.158113,60.272681],[-16.163773,60.271881],[-16.166603,60.271483],[-16.188617,60.268395],[-16.191366,60.26801],[-16.19687,60.267243],[-16.199622,60.266861],[-16.210638,60.265338],[-16.213392,60.264959],[-16.218901,60.264203],[-16.221655,60.263827],[-16.243711,60.260823],[-16.263284,60.258232],[-16.287198,60.255157],[-16.290241,60.254743],[-16.292608,60.254421],[-16.296285,60.253924],[-16.300893,60.253298],[-16.308709,60.252249],[-16.324365,60.250172],[-16.332199,60.249145],[-16.333074,60.249031],[-16.333984,60.248913],[-16.334871,60.248798],[-16.335776,60.248681],[-16.336697,60.248562],[-16.337596,60.248445],[-16.338506,60.248327],[-16.339392,60.248212],[-16.340297,60.248095],[-16.341218,60.247976],[-16.342117,60.247859],[-16.343027,60.247741],[-16.343914,60.247626],[-16.344819,60.247509],[-16.345739,60.24739],[-16.346638,60.247273],[-16.347548,60.247155],[-16.348434,60.24704],[-16.349341,60.246923],[-16.350262,60.246803],[-16.351136,60.24669],[-16.351987,60.24658],[-16.354318,60.246279],[-16.358981,60.245679],[-16.361312,60.24538],[-16.370643,60.244187],[-16.372975,60.24389],[-16.377641,60.243298],[-16.379974,60.243002],[-16.380723,60.242908],[-16.381479,60.242813],[-16.382371,60.2427],[-16.383283,60.242585],[-16.38418,60.242472],[-16.385095,60.242357],[-16.386,60.242243],[-16.386893,60.24213],[-16.387805,60.242015],[-16.388701,60.241902],[-16.389616,60.241787],[-16.390521,60.241673],[-16.391414,60.24156],[-16.392326,60.241445],[-16.393223,60.241332],[-16.394137,60.241217],[-16.395042,60.241103],[-16.396057,60.240975],[-16.399345,60.240543],[-16.411884,60.238906],[-16.418158,60.238095],[-16.419033,60.237983],[-16.419931,60.237868],[-16.420835,60.237752],[-16.421746,60.237635],[-16.42265,60.23752],[-16.423554,60.237404],[-16.424452,60.237289],[-16.425356,60.237173],[-16.426267,60.237056],[-16.427171,60.23694],[-16.428075,60.236825],[-16.428973,60.23671],[-16.429877,60.236594],[-16.430788,60.236477],[-16.431692,60.236361],[-16.432596,60.236245],[-16.433494,60.23613],[-16.434398,60.236015],[-16.435309,60.235898],[-16.436213,60.235782],[-16.437118,60.235666],[-16.438015,60.235551],[-16.43892,60.235436],[-16.439831,60.235319],[-16.440735,60.235203],[-16.441639,60.235087],[-16.442537,60.234972],[-16.443441,60.234856],[-16.444351,60.23474],[-16.445256,60.234624],[-16.44616,60.234508],[-16.447058,60.234393],[-16.447962,60.234277],[-16.448873,60.234161],[-16.449777,60.234045],[-16.450681,60.233929],[-16.451579,60.233814],[-16.452483,60.233698],[-16.453394,60.233581],[-16.454298,60.233466],[-16.455202,60.23335],[-16.4561,60.233235],[-16.457004,60.233119],[-16.457915,60.233002],[-16.458819,60.232887],[-16.459723,60.232771],[-16.460621,60.232656],[-16.461525,60.23254],[-16.462436,60.232423],[-16.46334,60.232307],[-16.464244,60.232192],[-16.465142,60.232077],[-16.466046,60.231961],[-16.466958,60.231844],[-16.467862,60.231728],[-16.468766,60.231612],[-16.469663,60.231497],[-16.470567,60.231382],[-16.471478,60.231265],[-16.472383,60.231149],[-16.473287,60.231033],[-16.474184,60.230918],[-16.475089,60.230803],[-16.475999,60.230686],[-16.476904,60.23057],[-16.477808,60.230454],[-16.478705,60.230339],[-16.47961,60.230223],[-16.48052,60.230107],[-16.481425,60.229991],[-16.482329,60.229875],[-16.483227,60.22976],[-16.484131,60.229644],[-16.485041,60.229528],[-16.485946,60.229412],[-16.48685,60.229296],[-16.487748,60.229181],[-16.488652,60.229065],[-16.489563,60.228949],[-16.490467,60.228833],[-16.491371,60.228717],[-16.492275,60.228601],[-16.493174,60.228486],[-16.494078,60.22837],[-16.494988,60.228254],[-16.495892,60.228138],[-16.496796,60.228022],[-16.497694,60.227907],[-16.498598,60.227791],[-16.499509,60.227674],[-16.500413,60.227559],[-16.501317,60.227443],[-16.502215,60.227328],[-16.503119,60.227212],[-16.50403,60.227095],[-16.504934,60.226979],[-16.505839,60.226864],[-16.506736,60.226749],[-16.50764,60.226633],[-16.508551,60.226516],[-16.509456,60.2264],[-16.51036,60.226285],[-16.511257,60.22617],[-16.512162,60.226054],[-16.513072,60.225937],[-16.513977,60.225821],[-16.514881,60.225705],[-16.515778,60.22559],[-16.516683,60.225475],[-16.517593,60.225358],[-16.518498,60.225242],[-16.519403,60.225126],[-16.5203,60.225011],[-16.521204,60.224895],[-16.522114,60.224779],[-16.523019,60.224663],[-16.523913,60.224548],[-16.538598,60.222746],[-16.541002,60.222415],[-16.541966,60.22229],[-16.542858,60.222174],[-16.543772,60.222055],[-16.544675,60.221938],[-16.545584,60.22182],[-16.546484,60.221703],[-16.54735,60.22159],[-16.548288,60.221469],[-16.549202,60.22135],[-16.550104,60.221233],[-16.55101,60.221115],[-16.551903,60.220999],[-16.552808,60.220881],[-16.553722,60.220762],[-16.554624,60.220645],[-16.55553,60.220528],[-16.556424,60.220411],[-16.557329,60.220294],[-16.558243,60.220175],[-16.559145,60.220058],[-16.560051,60.21994],[-16.560944,60.219824],[-16.561849,60.219707],[-16.562763,60.219588],[-16.563665,60.219471],[-16.564571,60.219353],[-16.565464,60.219237],[-16.566369,60.219119],[-16.567283,60.219001],[-16.568178,60.218884],[-16.569063,60.218769],[-16.578385,60.217575],[-16.579241,60.217467],[-16.580105,60.217358],[-16.58101,60.217244],[-16.581917,60.21713],[-16.582821,60.217015],[-16.583723,60.216902],[-16.584626,60.216788],[-16.585531,60.216673],[-16.586436,60.216559],[-16.587343,60.216445],[-16.588245,60.216331],[-16.589147,60.216217],[-16.590052,60.216103],[-16.590958,60.215988],[-16.591865,60.215874],[-16.592767,60.21576],[-16.593654,60.215648],[-16.600706,60.214877],[-16.604674,60.214374],[-16.621178,60.212137],[-16.622084,60.21201],[-16.622999,60.211889],[-16.6239,60.21177],[-16.624808,60.211651],[-16.625695,60.211534],[-16.626604,60.211414],[-16.627518,60.211294],[-16.628419,60.211175],[-16.629324,60.211056],[-16.630196,60.210945],[-16.631047,60.210837],[-16.635718,60.210246],[-16.645064,60.209068],[-16.649739,60.208481],[-16.650534,60.208381],[-16.651342,60.208266],[-16.652226,60.208169],[-16.656947,60.20758],[-16.664101,60.20673],[-16.665319,60.206585],[-16.667822,60.206268],[-16.668901,60.206159],[-16.669783,60.206055],[-16.670683,60.205945],[-16.671721,60.205761],[-16.672655,60.20568],[-16.673527,60.205548],[-16.674399,60.20548],[-16.675101,60.2054],[-16.68411,60.204137],[-16.68634,60.203843],[-16.691827,60.203126],[-16.702808,60.201701],[-16.708301,60.200994],[-16.708992,60.200906],[-16.709805,60.200802],[-16.710798,60.200675],[-16.711629,60.200569],[-16.71261,60.200444],[-16.713514,60.200329],[-16.714335,60.200224],[-16.715316,60.200099],[-16.716151,60.199992],[-16.716949,60.19989],[-16.727647,60.198637],[-16.741428,60.196816],[-16.74246,60.19668],[-16.748791,60.195828],[-16.758614,60.194526],[-16.771555,60.192835],[-16.778029,60.191997],[-16.778905,60.191885],[-16.779809,60.191769],[-16.780707,60.191654],[-16.781611,60.191539],[-16.782521,60.191422],[-16.783426,60.191306],[-16.784331,60.19119],[-16.785228,60.191075],[-16.786132,60.190959],[-16.787042,60.190843],[-16.787946,60.190727],[-16.788851,60.190611],[-16.789748,60.190496],[-16.790652,60.19038],[-16.791563,60.190264],[-16.792467,60.190148],[-16.793371,60.190032],[-16.794269,60.189917],[-16.795173,60.189801],[-16.796084,60.189685],[-16.796988,60.189569],[-16.797892,60.189453],[-16.79879,60.189338],[-16.799694,60.189222],[-16.800604,60.189106],[-16.80147,60.188995],[-16.805446,60.188488],[-16.8134,60.187482],[-16.817319,60.186989],[-16.820575,60.186582],[-16.829219,60.185454],[-16.832246,60.185061],[-16.838302,60.184278],[-16.841331,60.183889],[-16.842197,60.183778],[-16.8431,60.183662],[-16.844004,60.183546],[-16.844902,60.183431],[-16.845806,60.183315],[-16.846717,60.183199],[-16.847621,60.183083],[-16.848525,60.182967],[-16.849423,60.182852],[-16.850327,60.182736],[-16.851238,60.18262],[-16.852142,60.182504],[-16.853046,60.182388],[-16.853944,60.182273],[-16.854848,60.182157],[-16.855758,60.18204],[-16.856663,60.181925],[-16.857567,60.181809],[-16.858464,60.181694],[-16.859369,60.181578],[-16.860279,60.181461],[-16.861183,60.181345],[-16.862088,60.18123],[-16.862985,60.181115],[-16.86389,60.180999],[-16.864801,60.180882],[-16.865704,60.180766],[-16.866608,60.180651],[-16.867464,60.180541],[-16.869598,60.180269],[-16.873867,60.179725],[-16.876002,60.179454],[-16.884544,60.178374],[-16.886679,60.178105],[-16.89095,60.177568],[-16.893085,60.177301],[-16.91018,60.175166],[-16.912314,60.1749],[-16.916587,60.17437],[-16.918723,60.174105],[-16.927274,60.173051],[-16.929411,60.172788],[-16.933685,60.172264],[-16.93582,60.172003],[-16.970052,60.167832],[-16.974328,60.167314],[-16.982888,60.166284],[-16.987168,60.165773],[-17.004304,60.163738],[-17.008587,60.163233],[-17.017158,60.162229],[-17.021443,60.16173],[-17.055761,60.157762],[-17.060048,60.157269],[-17.068629,60.15629],[-17.07292,60.155804],[-17.090098,60.153871],[-17.094391,60.153391],[-17.102983,60.152438],[-17.107278,60.151965],[-17.141678,60.1482],[-17.145975,60.147733],[-17.154577,60.146804],[-17.158878,60.146344],[-17.176095,60.144512],[-17.180399,60.144058],[-17.18901,60.143156],[-17.193315,60.142708],[-17.227793,60.139147],[-17.232099,60.138705],[-17.24072,60.137828],[-17.24503,60.137393],[-17.262286,60.135664],[-17.266599,60.135235],[-17.275229,60.134383],[-17.279543,60.133961],[-17.314094,60.130605],[-17.318409,60.130189],[-17.327048,60.129362],[-17.331368,60.128953],[-17.348658,60.127326],[-17.35298,60.126922],[-17.361628,60.126122],[-17.36595,60.125726],[-17.40057,60.122574],[-17.404894,60.122183],[-17.41355,60.121408],[-17.417878,60.121024],[-17.435202,60.1195],[-17.439532,60.119122],[-17.448196,60.118373],[-17.448939,60.118309],[-17.452527,60.118002],[-17.487211,60.115056],[-17.488161,60.114975],[-17.490065,60.114814],[-17.491588,60.114685],[-17.492729,60.114589],[-17.4933,60.114541],[-17.499397,60.114029],[-17.50092,60.113901],[-17.503968,60.113647],[-17.505492,60.11352],[-17.51783,60.112497],[-17.518647,60.11243],[-17.519875,60.112328],[-17.523837,60.112003],[-17.531765,60.111359],[-17.535728,60.11104],[-17.550496,60.10986],[-17.554187,60.109568],[-17.561572,60.108988],[-17.565265,60.1087],[-17.584787,60.107192],[-17.587225,60.107005],[-17.592104,60.106632],[-17.594544,60.106446],[-17.604307,60.105709],[-17.606747,60.105525],[-17.611628,60.105161],[-17.614067,60.10498],[-17.642819,60.102855],[-17.646411,60.102592],[-17.653598,60.102069],[-17.657192,60.101811],[-17.671575,60.100784],[-17.67517,60.100529],[-17.682362,60.100025],[-17.685957,60.099775],[-17.714745,60.097791],[-17.718341,60.097546],[-17.725537,60.097058],[-17.729135,60.096817],[-17.743536,60.095861],[-17.747135,60.095624],[-17.754336,60.095155],[-17.757935,60.094923],[-17.786756,60.09308],[-17.790356,60.092852],[-17.797561,60.0924],[-17.801162,60.092176],[-17.81558,60.09129],[-17.819182,60.091071],[-17.826391,60.090637],[-17.829994,60.090422],[-17.858846,60.088721],[-17.86245,60.08851],[-17.869662,60.088094],[-17.873268,60.087888],[-17.8877,60.087072],[-17.891306,60.086871],[-17.898522,60.086472],[-17.902129,60.086275],[-17.93101,60.084715],[-17.934617,60.084522],[-17.941836,60.084141],[-17.945445,60.083952],[-17.95989,60.083207],[-17.9635,60.083024],[-17.970723,60.08266],[-17.974332,60.082481],[-18.003239,60.081062],[-18.00685,60.080887],[-18.014075,60.080541],[-18.017687,60.08037],[-18.032145,60.079696],[-18.035758,60.07953],[-18.042987,60.079202],[-18.046599,60.079041],[-18.07553,60.077763],[-18.079143,60.077606],[-18.086374,60.077295],[-18.089989,60.077142],[-18.104458,60.076539],[-18.108074,60.07639],[-18.115308,60.076098],[-18.118923,60.075954],[-18.147875,60.074818],[-18.15149,60.074678],[-18.158727,60.074403],[-18.162344,60.074268],[-18.176823,60.073736],[-18.180441,60.073605],[-18.18768,60.073348],[-18.191297,60.073222],[-18.220268,60.072228],[-18.223886,60.072105],[-18.231126,60.071866],[-18.234746,60.071748],[-18.249234,60.071287],[-18.252854,60.071174],[-18.260097,60.070952],[-18.263716,60.070843],[-18.292703,60.069991],[-18.296323,60.069887],[-18.303567,60.069683],[-18.307189,60.069583],[-18.321684,60.069192],[-18.325306,60.069097],[-18.332552,60.068911],[-18.336174,60.06882],[-18.365173,60.06811],[-18.368795,60.068023],[-18.376043,60.067854],[-18.379666,60.067772],[-18.394167,60.067453],[-18.397791,60.067375],[-18.40504,60.067224],[-18.408663,60.067151],[-18.437674,60.066583],[-18.441297,60.066514],[-18.448547,60.066381],[-18.452172,60.066316],[-18.466678,60.066068],[-18.470303,60.066008],[-18.477554,60.065893],[-18.481178,60.065837],[-18.510198,60.065411],[-18.513822,60.06536],[-18.521074,60.065262],[-18.5247,60.065215],[-18.53921,60.065038],[-18.542835,60.064996],[-18.550088,60.064916],[-18.553713,60.064878],[-18.582739,60.064594],[-18.586364,60.064561],[-18.593618,60.064498],[-18.597244,60.06447],[-18.611756,60.064363],[-18.615382,60.064339],[-18.622637,60.064294],[-18.626262,60.064275],[-18.655291,60.064133],[-18.657102,60.064124],[-18.660728,60.064108],[-18.662541,60.064101],[-18.667298,60.064083],[-18.669483,60.063938],[-18.677953,60.06339],[-18.678662,60.063345],[-18.679411,60.063297],[-18.680311,60.06324],[-18.681211,60.063184],[-18.682111,60.063127],[-18.683012,60.06307],[-18.683913,60.063013],[-18.684813,60.062956],[-18.685688,60.0629],[-18.691159,60.06256],[-18.701789,60.061909],[-18.704203,60.061757],[-18.706698,60.061588],[-18.713111,60.061162],[-18.725999,60.060319],[-18.732412,60.059908],[-18.733401,60.059845],[-18.734442,60.059773],[-18.735608,60.059692],[-18.744956,60.059058],[-18.746209,60.058975],[-18.752705,60.058525],[-18.753702,60.058459],[-18.754596,60.058399],[-18.755503,60.058339],[-18.756397,60.058279],[-18.757305,60.058218],[-18.758199,60.058159],[-18.759106,60.058098],[-18.76,60.058039],[-18.760907,60.057978],[-18.761801,60.057918],[-18.76266,60.057861],[-18.763606,60.057798],[-18.764509,60.057738],[-18.765412,60.057677],[-18.766295,60.057618],[-18.767215,60.057557],[-18.768111,60.057497],[-18.769012,60.057437],[-18.769912,60.057377],[-18.770813,60.057317],[-18.771714,60.057257],[-18.772615,60.057197],[-18.773514,60.057137],[-18.774416,60.057077],[-18.775316,60.057016],[-18.776205,60.056957],[-18.777089,60.056898],[-18.78094,60.056644],[-18.788645,60.056141],[-18.792498,60.055892],[-18.793313,60.05584],[-18.794156,60.055786],[-18.795057,60.055728],[-18.795953,60.055671],[-18.796859,60.055613],[-18.797755,60.055556],[-18.798659,60.055498],[-18.79956,60.05544],[-18.80046,60.055383],[-18.801362,60.055325],[-18.802262,60.055268],[-18.803163,60.05521],[-18.804063,60.055153],[-18.804959,60.055095],[-18.805818,60.055043],[-18.806683,60.054985],[-18.807659,60.054923],[-18.808566,60.054865],[-18.809461,60.054808],[-18.810368,60.05475],[-18.811259,60.054693],[-18.812156,60.054635],[-18.813059,60.054578],[-18.813967,60.05452],[-18.814737,60.05447],[-18.816733,60.054346],[-18.818984,60.054188],[-18.831778,60.053322],[-18.832657,60.053265],[-18.833558,60.053206],[-18.834459,60.053147],[-18.835352,60.053089],[-18.83626,60.053029],[-18.837161,60.052971],[-18.838061,60.052912],[-18.838962,60.052853],[-18.839863,60.052794],[-18.840763,60.052735],[-18.841664,60.052677],[-18.842565,60.052618],[-18.843466,60.052559],[-18.844366,60.0525],[-18.845267,60.052441],[-18.846167,60.052383],[-18.847068,60.052324],[-18.847969,60.052265],[-18.84887,60.052206],[-18.84977,60.052147],[-18.850664,60.052089],[-18.851571,60.05203],[-18.852448,60.051972],[-18.858089,60.05161],[-18.869579,60.050884],[-18.870678,60.050811],[-18.871544,60.05095],[-18.872407,60.050896],[-18.873299,60.050787],[-18.874196,60.050707],[-18.875098,60.050665],[-18.875997,60.050591],[-18.876897,60.050517],[-18.877796,60.050441],[-18.878699,60.050405],[-18.879597,60.050337],[-18.880498,60.050268],[-18.881397,60.050199],[-18.882298,60.050129],[-18.883197,60.050059],[-18.884097,60.049989],[-18.885001,60.049918],[-18.885884,60.049881],[-18.886784,60.049817],[-18.887662,60.049792],[-18.889524,60.049655],[-18.893059,60.049397],[-18.89511,60.049258],[-18.902563,60.048756],[-18.904426,60.048631],[-18.908153,60.048381],[-18.910016,60.048257],[-18.910782,60.048206],[-18.911596,60.048141],[-18.912493,60.048082],[-18.913397,60.048023],[-18.914294,60.047964],[-18.915198,60.047904],[-18.916095,60.047845],[-18.916999,60.047786],[-18.917896,60.047727],[-18.9188,60.047667],[-18.919697,60.047608],[-18.920601,60.047549],[-18.921498,60.04749],[-18.92239,60.047431],[-18.923214,60.047382],[-18.924204,60.04732],[-18.925099,60.047269],[-18.926012,60.04721],[-18.9269,60.047161],[-18.927813,60.047099],[-18.928755,60.047041],[-18.92928,60.047018],[-18.941147,60.046286],[-18.947081,60.045912],[-18.947948,60.045828],[-18.948848,60.045774],[-18.949749,60.045719],[-18.95065,60.045665],[-18.951551,60.04561],[-18.95245,60.045525],[-18.953351,60.045477],[-18.954252,60.045429],[-18.955153,60.045381],[-18.956054,60.045331],[-18.956955,60.045281],[-18.95781,60.045225],[-18.960625,60.045101],[-18.966249,60.04455],[-18.969063,60.044371],[-18.980323,60.043658],[-18.983131,60.043481],[-18.98428,60.043403],[-18.985179,60.043342],[-18.986083,60.043281],[-18.986924,60.043224],[-18.987665,60.043174],[-18.988972,60.043086],[-18.991588,60.042911],[-18.992896,60.042823],[-18.998129,60.042475],[-18.999436,60.042388],[-19.002052,60.042215],[-19.003359,60.042128],[-19.013828,60.04144],[-19.015135,60.041355],[-19.017752,60.041184],[-19.01906,60.041099],[-19.024295,60.040759],[-19.025603,60.040675],[-19.028221,60.040506],[-19.029529,60.040422],[-19.03026,60.040376],[-19.030995,60.040329],[-19.031892,60.040271],[-19.032793,60.040214],[-19.033685,60.040157],[-19.034607,60.040098],[-19.035488,60.040041],[-19.036395,60.039983],[-19.037297,60.039926],[-19.038197,60.039868],[-19.039098,60.039811],[-19.039998,60.039753],[-19.0409,60.039696],[-19.041798,60.039638],[-19.042775,60.039576],[-19.052395,60.038929],[-19.055113,60.038748],[-19.060552,60.038387],[-19.063271,60.038208],[-19.064129,60.038152],[-19.065022,60.038094],[-19.06593,60.038035],[-19.066831,60.037976],[-19.067731,60.037917],[-19.068632,60.037858],[-19.069533,60.037799],[-19.070434,60.037741],[-19.071334,60.037682],[-19.072235,60.037623],[-19.073135,60.037564],[-19.074036,60.037505],[-19.074937,60.037447],[-19.075838,60.037388],[-19.076738,60.037329],[-19.077639,60.03727],[-19.078539,60.037211],[-19.07944,60.037153],[-19.080334,60.037094],[-19.081242,60.037035],[-19.082142,60.036976],[-19.083043,60.036917],[-19.083943,60.036859],[-19.084844,60.0368],[-19.085745,60.036741],[-19.086646,60.036682],[-19.087546,60.036623],[-19.088447,60.036565],[-19.089347,60.036506],[-19.090248,60.036447],[-19.091149,60.036388],[-19.092049,60.036329],[-19.09295,60.036271],[-19.09385,60.036212],[-19.094751,60.036153],[-19.095645,60.036095],[-19.096553,60.036035],[-19.097453,60.035977],[-19.098354,60.035918],[-19.099246,60.03586],[-19.121099,60.034523],[-19.122045,60.034473],[-19.124607,60.034306],[-19.128213,60.034033],[-19.129184,60.033968],[-19.13012,60.033905],[-19.130978,60.033847],[-19.1361,60.033617],[-19.139805,60.033414],[-19.141277,60.033317],[-19.148845,60.032792],[-19.149783,60.032725],[-19.160125,60.032022],[-19.165168,60.031651],[-19.174436,60.03105],[-19.195841,60.029562],[-19.196739,60.029504],[-19.197641,60.029447],[-19.198541,60.029389],[-19.199442,60.029332],[-19.200342,60.029274],[-19.201244,60.029217],[-19.202143,60.029159],[-19.203045,60.029101],[-19.203945,60.029044],[-19.204841,60.028987],[-19.222407,60.027922],[-19.228795,60.027556],[-19.237972,60.026961],[-19.241536,60.026761],[-19.251633,60.026069],[-19.252182,60.026025],[-19.281747,60.02397],[-19.282555,60.023918],[-19.283538,60.023855],[-19.284446,60.023797],[-19.28534,60.02374],[-19.286247,60.023682],[-19.287141,60.023625],[-19.288143,60.023561],[-19.288604,60.02353],[-19.300492,60.022727],[-19.306438,60.022332],[-19.307308,60.022276],[-19.308208,60.022217],[-19.309108,60.022158],[-19.310002,60.0221],[-19.310909,60.02204],[-19.31181,60.021982],[-19.312711,60.021923],[-19.313612,60.021864],[-19.314512,60.021805],[-19.315413,60.021746],[-19.316271,60.02169],[-19.322445,60.021294],[-19.334797,60.020516],[-19.340946,60.020136],[-19.351845,60.019473],[-19.362511,60.018732],[-19.370962,60.018158],[-19.388007,60.017027],[-19.396533,60.016475],[-19.397288,60.016427],[-19.398078,60.016377],[-19.398977,60.01632],[-19.399878,60.016263],[-19.400904,60.016198],[-19.401667,60.016148],[-19.4126,60.015412],[-19.415333,60.01523],[-19.4208,60.014867],[-19.423535,60.014687],[-19.424393,60.014631],[-19.425293,60.014572],[-19.426194,60.014514],[-19.427094,60.014455],[-19.427995,60.014396],[-19.428896,60.014337],[-19.429796,60.014279],[-19.430697,60.01422],[-19.431598,60.014161],[-19.432491,60.014103],[-19.433399,60.014043],[-19.4343,60.013985],[-19.435201,60.013926],[-19.436101,60.013867],[-19.437001,60.013808],[-19.437902,60.013749],[-19.438803,60.01369],[-19.439703,60.013632],[-19.440605,60.013573],[-19.441505,60.013514],[-19.442405,60.013455],[-19.443306,60.013396],[-19.444207,60.013338],[-19.445108,60.013279],[-19.446008,60.01322],[-19.446909,60.013161],[-19.447802,60.013103],[-19.44871,60.013044],[-19.449611,60.012985],[-19.450512,60.012926],[-19.451412,60.012867],[-19.452313,60.012808],[-19.453213,60.01275],[-19.454114,60.012691],[-19.455015,60.012632],[-19.455916,60.012573],[-19.456816,60.012514],[-19.457717,60.012456],[-19.458617,60.012397],[-19.459518,60.012338],[-19.460419,60.012279],[-19.46132,60.01222],[-19.46222,60.012162],[-19.463114,60.012103],[-19.464021,60.012044],[-19.464922,60.011985],[-19.465823,60.011926],[-19.466723,60.011868],[-19.467624,60.011809],[-19.468524,60.01175],[-19.469425,60.011691],[-19.470326,60.011632],[-19.471227,60.011574],[-19.472127,60.011515],[-19.473028,60.011456],[-19.473928,60.011397],[-19.474829,60.011338],[-19.47573,60.01128],[-19.47663,60.011221],[-19.477531,60.011162],[-19.478446,60.011286],[-19.47935,60.011199],[-19.480251,60.011148],[-19.481149,60.011066],[-19.48205,60.011026],[-19.482949,60.010952],[-19.483848,60.010877],[-19.484747,60.010802],[-19.485649,60.010768],[-19.486549,60.0107],[-19.487448,60.010631],[-19.488348,60.010562],[-19.489248,60.010493],[-19.490148,60.010423],[-19.491048,60.010353],[-19.491947,60.010283],[-19.492851,60.010245],[-19.493739,60.010182],[-19.494646,60.010118],[-19.495547,60.010054],[-19.496453,60.00999],[-19.497347,60.009927],[-19.498247,60.009864],[-19.499197,60.009796],[-19.500055,60.009739],[-19.500949,60.009679],[-19.501848,60.009619],[-19.502754,60.009579],[-19.503649,60.009498],[-19.504556,60.009437],[-19.505451,60.009377],[-19.506357,60.009316],[-19.507251,60.009256],[-19.508158,60.009196],[-19.509046,60.009136],[-19.50996,60.009075],[-19.510854,60.009015],[-19.511761,60.008954],[-19.512656,60.008894],[-19.513562,60.008833],[-19.514457,60.008773],[-19.515364,60.008713],[-19.516263,60.008652],[-19.517164,60.008592],[-19.518064,60.008531],[-19.518966,60.008471],[-19.519866,60.008411],[-19.520767,60.00835],[-19.521666,60.00829],[-19.522568,60.00823],[-19.523467,60.008169],[-19.524362,60.008109],[-19.52527,60.008048],[-19.526169,60.007988],[-19.527067,60.007928],[-19.52797,60.00787],[-19.528872,60.007813],[-19.529772,60.007755],[-19.530673,60.007697],[-19.531573,60.00764],[-19.532475,60.007582],[-19.533375,60.007525],[-19.534277,60.007467],[-19.535176,60.00741],[-19.536078,60.007352],[-19.536977,60.007294],[-19.537879,60.007237],[-19.538779,60.007179],[-19.539674,60.007122],[-19.540578,60.007074],[-19.541481,60.007007],[-19.542376,60.006949],[-19.543265,60.006904],[-19.54887,60.006555],[-19.554397,60.006234],[-19.570532,60.005314],[-19.573685,60.005113],[-19.574525,60.005072],[-19.57611,60.004961],[-19.586889,60.004073],[-19.587836,60.00401],[-19.591061,60.003816],[-19.595049,60.003551],[-19.6054,60.002864],[-19.613695,60.002328],[-19.614316,60.002289],[-19.615201,60.002233],[-19.616106,60.002176],[-19.616989,60.00212],[-19.618151,60.002047],[-19.618814,60.002005],[-19.619454,60.001965],[-19.620606,60.001892],[-19.621509,60.001835],[-19.622385,60.00178],[-19.623423,60.001714],[-19.624436,60.001653],[-19.635784,60.000878],[-19.648404,60.000041],[-19.649195,59.999991],[-19.650087,59.999934],[-19.650993,59.999876],[-19.651889,59.999818],[-19.652919,59.999752],[-19.65598,59.999572],[-19.670143,59.99864],[-19.676594,59.998223],[-19.68962,59.997396],[-19.696133,59.99699],[-19.71991,59.995535],[-19.72288,59.995355],[-19.728823,59.994997],[-19.731794,59.99482],[-19.743686,59.994117],[-19.746657,59.993943],[-19.752603,59.993598],[-19.755575,59.993427],[-19.779372,59.992069],[-19.782344,59.991901],[-19.788292,59.991567],[-19.791265,59.991402],[-19.803167,59.990747],[-19.806141,59.990585],[-19.812092,59.990264],[-19.815066,59.990105],[-19.838881,59.988844],[-19.841856,59.988688],[-19.847808,59.988379],[-19.850784,59.988226],[-19.862695,59.987619],[-19.865671,59.987469],[-19.871626,59.987172],[-19.874603,59.987026],[-19.898436,59.985861],[-19.901412,59.985717],[-19.907369,59.985432],[-19.910347,59.985291],[-19.922266,59.984733],[-19.925245,59.984595],[-19.931204,59.984322],[-19.934182,59.984187],[-19.958031,59.98312],[-19.96101,59.982988],[-19.966971,59.982727],[-19.969951,59.982598],[-19.981877,59.982088],[-19.984858,59.981963],[-19.990821,59.981714],[-19.993801,59.981591],[-20.017664,59.980621],[-20.020645,59.980501],[-20.026609,59.980264],[-20.029591,59.980147],[-20.041525,59.979686],[-20.044507,59.979572],[-20.050473,59.979348],[-20.067597,59.978758],[-20.071327,59.978642],[-20.074368,59.978527],[-20.075886,59.97847],[-20.081853,59.978248],[-20.083437,59.978189],[-20.095376,59.977751],[-20.101318,59.977539],[-20.107287,59.977332],[-20.116105,59.977041],[-20.133933,59.976482],[-20.145828,59.976134],[-20.151888,59.97597],[-20.153353,59.97593],[-20.159324,59.975772],[-20.160829,59.975732],[-20.16192,59.975704],[-20.172856,59.975257],[-20.196755,59.974577],[-20.19974,59.974493],[-20.205713,59.974329],[-20.208699,59.974249],[-20.220649,59.973933],[-20.223635,59.973856],[-20.22961,59.973704],[-20.232595,59.97363],[-20.256504,59.973047],[-20.25949,59.972976],[-20.265465,59.972836],[-20.268452,59.972768],[-20.280407,59.972501],[-20.283394,59.972435],[-20.28937,59.972308],[-20.292357,59.972246],[-20.316273,59.97176],[-20.31926,59.971701],[-20.325237,59.971585],[-20.328225,59.971529],[-20.340183,59.971311],[-20.343171,59.971258],[-20.349149,59.971155],[-20.352137,59.971105],[-20.376059,59.970716],[-20.379047,59.970669],[-20.385025,59.970578],[-20.388014,59.970534],[-20.399975,59.970364],[-20.402963,59.970323],[-20.408943,59.970244],[-20.411931,59.970206],[-20.435858,59.969914],[-20.438846,59.969879],[-20.444826,59.969813],[-20.447815,59.969781],[-20.459778,59.969659],[-20.462767,59.96963],[-20.468748,59.969576],[-20.471736,59.96955],[-20.495667,59.969356],[-20.498656,59.969333],[-20.504636,59.96929],[-20.507626,59.969271],[-20.51959,59.969198],[-20.52258,59.969181],[-20.52856,59.969151],[-20.531549,59.969137],[-20.555482,59.96904],[-20.556975,59.969034],[-20.559964,59.969024],[-20.561459,59.969019],[-20.56744,59.969],[-20.568935,59.968996],[-20.571925,59.968988],[-20.573419,59.968985],[-20.585386,59.96896],[-20.586881,59.968957],[-20.589872,59.968952],[-20.591367,59.96895],[-20.59735,59.968944],[-20.598846,59.968943],[-20.601837,59.968941],[-20.603333,59.968941],[-20.605143,59.968941],[-20.608761,59.968944],[-20.61057,59.968946],[-20.617807,59.968955],[-20.619615,59.968958],[-20.623233,59.968965],[-20.62504,59.968969],[-20.639514,59.969005],[-20.641321,59.96901],[-20.644938,59.969021],[-20.646746,59.969027],[-20.65398,59.969055],[-20.655788,59.969062],[-20.659403,59.969078],[-20.661209,59.969086],[-20.690155,59.969228],[-20.69377,59.969248],[-20.701004,59.969292],[-20.704619,59.969317],[-20.71909,59.969423],[-20.722706,59.969452],[-20.729939,59.969515],[-20.733553,59.969548],[-20.762496,59.969832],[-20.76611,59.96987],[-20.773343,59.96995],[-20.776958,59.969992],[-20.791426,59.970169],[-20.795041,59.970216],[-20.802273,59.970314],[-20.805887,59.970365],[-20.834823,59.970792],[-20.838437,59.970847],[-20.845667,59.970962],[-20.849282,59.971022],[-20.863746,59.971271],[-20.86736,59.971335],[-20.87459,59.971469],[-20.878203,59.971538],[-20.90713,59.972106],[-20.910743,59.972179],[-20.917971,59.97233],[-20.921585,59.972408],[-20.936044,59.972727],[-20.939657,59.972809],[-20.946884,59.972978],[-20.950495,59.973065],[-20.979412,59.973776],[-20.983023,59.973866],[-20.990249,59.974053],[-20.99386,59.974148],[-21.008313,59.974539],[-21.011925,59.974639],[-21.019148,59.974843],[-21.022758,59.974947],[-21.051661,59.9758],[-21.055271,59.975909],[-21.062493,59.97613],[-21.066102,59.976243],[-21.080548,59.976705],[-21.084158,59.976823],[-21.091378,59.977063],[-21.094985,59.977185],[-21.123872,59.978179],[-21.12748,59.978305],[-21.134698,59.978563],[-21.138305,59.978693],[-21.152743,59.979226],[-21.15635,59.979361],[-21.163565,59.979637],[-21.167171,59.979777],[-21.196039,59.980913],[-21.199644,59.981057],[-21.206857,59.981349],[-21.210462,59.981498],[-21.22489,59.982101],[-21.228494,59.982254],[-21.235705,59.982565],[-21.239308,59.982723],[-21.268155,59.984001],[-21.271758,59.984162],[-21.278965,59.98449],[-21.282568,59.984657],[-21.296984,59.985331],[-21.300586,59.985502],[-21.307791,59.985848],[-21.311391,59.986023],[-21.340215,59.987443],[-21.343814,59.987622],[-21.351016,59.987986],[-21.354615,59.988169],[-21.369019,59.988915],[-21.372618,59.989103],[-21.379816,59.989484],[-21.383413,59.989677],[-21.412211,59.991238],[-21.415807,59.991435],[-21.423002,59.991834],[-21.426598,59.992036],[-21.440989,59.992852],[-21.444584,59.993058],[-21.451775,59.993475],[-21.455369,59.993685],[-21.484138,59.995388],[-21.487731,59.995602],[-21.494919,59.996036],[-21.498511,59.996256],[-21.512887,59.997142],[-21.516478,59.997366],[-21.523662,59.997818],[-21.527252,59.998046],[-21.55599,59.99989],[-21.559579,60.000122],[-21.566759,60.000591],[-21.570348,60.000828],[-21.584707,60.001785],[-21.588295,60.002026],[-21.59547,60.002514],[-21.599056,60.00276],[-21.627761,60.004744],[-21.631346,60.004994],[-21.638517,60.005499],[-21.642101,60.005753],[-21.656444,60.006781],[-21.660027,60.00704],[-21.667193,60.007562],[-21.670774,60.007826],[-21.699444,60.009951],[-21.701873,60.010132],[-21.706735,60.010497],[-21.709165,60.01068],[-21.71889,60.011417],[-21.72132,60.011602],[-21.72618,60.011975],[-21.728609,60.012162],[-21.748054,60.013669],[-21.751632,60.013949],[-21.758789,60.014512],[-21.762367,60.014797],[-21.776679,60.015942],[-21.780255,60.016231],[-21.787408,60.016813],[-21.790985,60.017106],[-21.800445,60.017888],[-21.801299,60.017958],[-21.802475,60.018056],[-21.804771,60.018247],[-21.805918,60.018342],[-21.809928,60.018677],[-21.810929,60.018761],[-21.812932,60.018929],[-21.813932,60.019013],[-21.842523,60.02142],[-21.843278,60.021484],[-21.844791,60.021611],[-21.848363,60.021915],[-21.853992,60.022397],[-21.856003,60.02257],[-21.856804,60.02264],[-21.871087,60.023878],[-21.874656,60.02419],[-21.881792,60.024818],[-21.885358,60.025134],[-21.913906,60.027681],[-21.91747,60.028001],[-21.924602,60.028646],[-21.928166,60.028971],[-21.942426,60.030279],[-21.945989,60.030608],[-21.953115,60.031271],[-21.956675,60.031605],[-21.985176,60.034292],[-21.988735,60.034629],[-21.995855,60.035309],[-21.999413,60.035651],[-22.013651,60.03703],[-22.017207,60.037376],[-22.024321,60.038074],[-22.027875,60.038425],[-22.056329,60.041252],[-22.059881,60.041607],[-22.066989,60.042322],[-22.070541,60.042682],[-22.084754,60.04413],[-22.088304,60.044494],[-22.095405,60.045227],[-22.098953,60.045595],[-22.127356,60.048562],[-22.130903,60.048934],[-22.137998,60.049684],[-22.141543,60.050061],[-22.15573,60.051579],[-22.159274,60.05196],[-22.166362,60.052728],[-22.169903,60.053114],[-22.198253,60.05622],[-22.201793,60.05661],[-22.208874,60.057394],[-22.212413,60.057789],[-22.226573,60.059376],[-22.23011,60.059775],[-22.237184,60.060577],[-22.240718,60.060981],[-22.269013,60.064225],[-22.272546,60.064633],[-22.279613,60.065452],[-22.283145,60.065864],[-22.297276,60.067521],[-22.300806,60.067937],[-22.307866,60.068774],[-22.311393,60.069194],[-22.339629,60.072578],[-22.343155,60.073003],[-22.350208,60.073857],[-22.353732,60.074286],[-22.367834,60.076012],[-22.371356,60.076445],[-22.378401,60.077317],[-22.381921,60.077755],[-22.410097,60.081277],[-22.413615,60.081719],[-22.420652,60.082607],[-22.424169,60.083054],[-22.438239,60.084849],[-22.441754,60.0853],[-22.448784,60.086206],[-22.452295,60.086661],[-22.480408,60.090321],[-22.483918,60.09078],[-22.49094,60.091704],[-22.494449,60.092167],[-22.508487,60.094032],[-22.511994,60.0945],[-22.519007,60.09544],[-22.522511,60.095913],[-22.550558,60.099711],[-22.55406,60.100187],[-22.561065,60.101144],[-22.564566,60.101625],[-22.578571,60.103558],[-22.582069,60.104044],[-22.589065,60.105019],[-22.59256,60.105508],[-22.62054,60.109444],[-22.624033,60.109937],[-22.631021,60.110929],[-22.634513,60.111427],[-22.648484,60.113429],[-22.651974,60.113931],[-22.658952,60.11494],[-22.662439,60.115447],[-22.690348,60.11952],[-22.693832,60.12003],[-22.700803,60.121056],[-22.704286,60.121572],[-22.71822,60.123642],[-22.721701,60.124161],[-22.728662,60.125205],[-22.732139,60.125729],[-22.759975,60.129938],[-22.763451,60.130466],[-22.770403,60.131526],[-22.773876,60.132058],[-22.787774,60.134197],[-22.791246,60.134733],[-22.798188,60.135811],[-22.801656,60.136352],[-22.829416,60.140697],[-22.832371,60.141161],[-22.838283,60.142093],[-22.841237,60.142561],[-22.853056,60.144438],[-22.856009,60.144908],[-22.861913,60.145853],[-22.864863,60.146327],[-22.888477,60.15013],[-22.891624,60.150639],[-22.897918,60.151661],[-22.901063,60.152173],[-22.913647,60.154231],[-22.916791,60.154747],[-22.923078,60.155783],[-22.926242,60.156307],[-22.928206,60.156633],[-22.92977,60.156893],[-22.952801,60.160723],[-22.954901,60.161073],[-22.9591,60.161775],[-22.961198,60.162126],[-22.969595,60.163536],[-22.976222,60.164658],[-22.989466,60.166919],[-22.996081,60.168057],[-23.014289,60.171214],[-23.01495,60.171329],[-23.020108,60.172229],[-23.029888,60.173946],[-23.034149,60.174698],[-23.034773,60.174809],[-23.06186,60.179619],[-23.063366,60.179886],[-23.066382,60.180424],[-23.067889,60.180692],[-23.07267,60.181547],[-23.075052,60.181974],[-23.079816,60.18283],[-23.082197,60.183259],[-23.085579,60.18387],[-23.089665,60.184589],[-23.094618,60.185465],[-23.110635,60.188242],[-23.115307,60.189056],[-23.124213,60.190616],[-23.128666,60.191401],[-23.129748,60.191592],[-23.148834,60.195055],[-23.156267,60.196433],[-23.181466,60.200851],[-23.186302,60.201703],[-23.188455,60.202086],[-23.202426,60.204575],[-23.209405,60.205828],[-23.210238,60.205979],[-23.211117,60.206138],[-23.21203,60.206304],[-23.212935,60.206467],[-23.213846,60.206632],[-23.214755,60.206797],[-23.215657,60.20696],[-23.216588,60.207129],[-23.217493,60.207293],[-23.218384,60.207454],[-23.219304,60.207621],[-23.22021,60.207785],[-23.22112,60.20795],[-23.222029,60.208115],[-23.222937,60.208279],[-23.223557,60.208391],[-23.224285,60.20852],[-23.226657,60.208939],[-23.228328,60.209235],[-23.236536,60.210696],[-23.240639,60.211429],[-23.241503,60.211585],[-23.242406,60.211747],[-23.243316,60.21191],[-23.244224,60.212074],[-23.245134,60.212237],[-23.246044,60.2124],[-23.246952,60.212564],[-23.247861,60.212727],[-23.24877,60.21289],[-23.24968,60.213054],[-23.250596,60.213218],[-23.251504,60.213381],[-23.252407,60.213544],[-23.253317,60.213707],[-23.254226,60.21387],[-23.255136,60.214034],[-23.256044,60.214197],[-23.256953,60.214361],[-23.257864,60.214524],[-23.258772,60.214687],[-23.259681,60.214851],[-23.260596,60.215015],[-23.261505,60.215178],[-23.26241,60.215341],[-23.263318,60.215504],[-23.264227,60.215667],[-23.265137,60.215831],[-23.266046,60.215994],[-23.266927,60.216352],[-23.267839,60.216492],[-23.268747,60.216664],[-23.269666,60.216808],[-23.270572,60.216986],[-23.271478,60.217131],[-23.27239,60.217276],[-23.273295,60.21746],[-23.274206,60.217609],[-23.275118,60.217758],[-23.276029,60.217907],[-23.276942,60.218056],[-23.277852,60.218204],[-23.27889,60.2184],[-23.279674,60.218521],[-23.280589,60.218683],[-23.281487,60.218842],[-23.282403,60.219004],[-23.283306,60.219164],[-23.284224,60.219326],[-23.285126,60.219485],[-23.286042,60.219647],[-23.286945,60.219807],[-23.287861,60.219969],[-23.288771,60.22013],[-23.28968,60.220291],[-23.290584,60.220451],[-23.291494,60.220612],[-23.292403,60.220772],[-23.293313,60.220933],[-23.294222,60.221094],[-23.295132,60.221255],[-23.296043,60.221416],[-23.296951,60.221577],[-23.297861,60.221738],[-23.298777,60.2219],[-23.299687,60.22206],[-23.30059,60.22222],[-23.3015,60.222381],[-23.302409,60.222542],[-23.30332,60.222703],[-23.304229,60.222864],[-23.305138,60.223024],[-23.306049,60.223185],[-23.306837,60.223326],[-23.307867,60.22351],[-23.308782,60.223674],[-23.309692,60.223837],[-23.310596,60.223999],[-23.311504,60.224162],[-23.312417,60.224325],[-23.313322,60.22449],[-23.314231,60.224655],[-23.315141,60.22482],[-23.316049,60.224985],[-23.316958,60.22515],[-23.317874,60.225316],[-23.318782,60.225481],[-23.319685,60.225645],[-23.320594,60.22581],[-23.321503,60.225976],[-23.322413,60.226141],[-23.323321,60.226306],[-23.324229,60.226471],[-23.325139,60.226636],[-23.326047,60.226801],[-23.326956,60.226966],[-23.327871,60.227132],[-23.32878,60.227297],[-23.329684,60.227461],[-23.330592,60.227626],[-23.331501,60.227791],[-23.332411,60.227957],[-23.333319,60.228122],[-23.334228,60.228287],[-23.335137,60.228452],[-23.336046,60.228617],[-23.336956,60.228782],[-23.337869,60.228948],[-23.338886,60.229143],[-23.339687,60.229281],[-23.340588,60.229448],[-23.341504,60.229618],[-23.342405,60.229785],[-23.34332,60.229955],[-23.344222,60.230122],[-23.345137,60.230267],[-23.346044,60.230442],[-23.346957,60.230619],[-23.347864,60.230794],[-23.348766,60.230967],[-23.349672,60.231141],[-23.350579,60.231315],[-23.351493,60.231456],[-23.352397,60.231637],[-23.353303,60.231817],[-23.354209,60.231996],[-23.355121,60.232142],[-23.356026,60.232328],[-23.356941,60.232485],[-23.357844,60.232676],[-23.35879,60.232657],[-23.359698,60.23282],[-23.360607,60.232983],[-23.361516,60.233147],[-23.362426,60.23331],[-23.363336,60.233474],[-23.364244,60.233637],[-23.365154,60.2338],[-23.36607,60.233965],[-23.366978,60.234128],[-23.367851,60.234285],[-23.38435,60.237309],[-23.388945,60.238167],[-23.390284,60.238403],[-23.391173,60.23856],[-23.392083,60.23872],[-23.392988,60.23888],[-23.393906,60.239042],[-23.394807,60.239201],[-23.395876,60.23939],[-23.399483,60.240047],[-23.408203,60.241593],[-23.412802,60.242403],[-23.414817,60.242759],[-23.419873,60.24366],[-23.42073,60.243813],[-23.421623,60.243973],[-23.422527,60.244135],[-23.423437,60.244298],[-23.424345,60.244461],[-23.425269,60.244627],[-23.426161,60.244787],[-23.427074,60.24495],[-23.427996,60.245116],[-23.428893,60.245276],[-23.429802,60.245439],[-23.430615,60.245585],[-23.431428,60.245731],[-23.435774,60.246514],[-23.444463,60.248087],[-23.448805,60.248877],[-23.449677,60.249036],[-23.450557,60.249197],[-23.451476,60.249365],[-23.452361,60.249527],[-23.453293,60.249698],[-23.468388,60.25236],[-23.469969,60.252639],[-23.476108,60.253734],[-23.476996,60.253894],[-23.477906,60.254057],[-23.478816,60.254221],[-23.479724,60.254384],[-23.480634,60.254547],[-23.481543,60.254711],[-23.482458,60.254875],[-23.483369,60.255039],[-23.484271,60.255201],[-23.48518,60.255364],[-23.486089,60.255527],[-23.486999,60.255691],[-23.487909,60.255854],[-23.488817,60.256017],[-23.489727,60.256181],[-23.490637,60.256344],[-23.491551,60.256509],[-23.492461,60.256672],[-23.493364,60.256834],[-23.494273,60.256998],[-23.495184,60.257161],[-23.496092,60.257324],[-23.497001,60.257488],[-23.497912,60.257651],[-23.49882,60.257814],[-23.499729,60.257978],[-23.500639,60.258141],[-23.501554,60.258306],[-23.502464,60.258469],[-23.503338,60.258626],[-23.515683,60.260942],[-23.523343,60.262301],[-23.52857,60.263235],[-23.529452,60.263393],[-23.530334,60.263552],[-23.533854,60.264187],[-23.540891,60.265462],[-23.543501,60.265936],[-23.547537,60.266675],[-23.552262,60.267543],[-23.553352,60.267735],[-23.559495,60.26883],[-23.572664,60.271194],[-23.574757,60.271575],[-23.575702,60.271747],[-23.576812,60.271949],[-23.583742,60.273206],[-23.584661,60.273374],[-23.585779,60.273585],[-23.589575,60.274274],[-23.590495,60.274443],[-23.592187,60.274758],[-23.59413,60.275112],[-23.595155,60.2753],[-23.595557,60.275376],[-23.607737,60.277474],[-23.613463,60.278503],[-23.618132,60.279317],[-23.624232,60.280388],[-23.637112,60.282668],[-23.643438,60.283795],[-23.644318,60.283953],[-23.645227,60.284117],[-23.646142,60.284281],[-23.647051,60.284444],[-23.647955,60.284607],[-23.648865,60.28477],[-23.649773,60.284933],[-23.650683,60.285097],[-23.651593,60.28526],[-23.652502,60.285424],[-23.653411,60.285587],[-23.65432,60.28575],[-23.65523,60.285914],[-23.656146,60.286078],[-23.657055,60.286241],[-23.657958,60.286404],[-23.658867,60.286567],[-23.659777,60.286731],[-23.660687,60.286894],[-23.661596,60.287057],[-23.662505,60.287221],[-23.663415,60.287384],[-23.664324,60.287547],[-23.665239,60.287712],[-23.666149,60.287875],[-23.667052,60.288038],[-23.667962,60.288201],[-23.668871,60.288364],[-23.66978,60.288528],[-23.670691,60.288691],[-23.671599,60.288854],[-23.672508,60.289018],[-23.673418,60.289181],[-23.674327,60.289344],[-23.675244,60.289509],[-23.676152,60.289672],[-23.677055,60.289835],[-23.677966,60.289998],[-23.678874,60.290161],[-23.679784,60.290325],[-23.680693,60.290488],[-23.681602,60.290651],[-23.682513,60.290815],[-23.683421,60.290978],[-23.684331,60.291142],[-23.685247,60.291306],[-23.686155,60.291469],[-23.687059,60.291632],[-23.687968,60.291795],[-23.688878,60.291958],[-23.689788,60.292122],[-23.690696,60.292285],[-23.691606,60.292449],[-23.692515,60.292612],[-23.693425,60.292775],[-23.694341,60.29294],[-23.695249,60.293103],[-23.696153,60.293265],[-23.697063,60.293429],[-23.697972,60.293592],[-23.698881,60.293755],[-23.699791,60.293919],[-23.7007,60.294082],[-23.70161,60.294246],[-23.702519,60.294409],[-23.703428,60.294572],[-23.704345,60.294737],[-23.705253,60.2949],[-23.706157,60.295062],[-23.707066,60.295226],[-23.707975,60.295389],[-23.708886,60.295553],[-23.709794,60.295716],[-23.710704,60.295879],[-23.711614,60.296043],[-23.712522,60.296206],[-23.713432,60.296369],[-23.714347,60.296534],[-23.715257,60.296697],[-23.716161,60.29686],[-23.717069,60.297023],[-23.717979,60.297186],[-23.718888,60.29735],[-23.719798,60.297513],[-23.720708,60.297677],[-23.721617,60.29784],[-23.722526,60.298003],[-23.723442,60.298168],[-23.724351,60.298331],[-23.725254,60.298493],[-23.726164,60.298657],[-23.727073,60.29882],[-23.727983,60.298984],[-23.728863,60.299142],[-23.734839,60.300223],[-23.746782,60.302399],[-23.750314,60.303046],[-23.751279,60.303217],[-23.752192,60.303379],[-23.75311,60.303541],[-23.754004,60.3037],[-23.754918,60.303861],[-23.755837,60.304024],[-23.756739,60.304184],[-23.757649,60.304345],[-23.758555,60.304506],[-23.759468,60.304668],[-23.760375,60.304829],[-23.761112,60.304959],[-23.761829,60.305086],[-23.785805,60.309459],[-23.788123,60.309894],[-23.792975,60.310747],[-23.795063,60.311115],[-23.800207,60.312029],[-23.80105,60.31218],[-23.801969,60.312344],[-23.802948,60.31252],[-23.804666,60.31282],[-23.805762,60.313012],[-23.80662,60.313162],[-23.809857,60.313731],[-23.816558,60.314913],[-23.819564,60.315446],[-23.820372,60.31559],[-23.821185,60.315734],[-23.825345,60.316478],[-23.833661,60.317971],[-23.837817,60.318721],[-23.838679,60.318877],[-23.839559,60.319037],[-23.840471,60.319202],[-23.841383,60.319368],[-23.84229,60.319532],[-23.843199,60.319697],[-23.844111,60.319862],[-23.845018,60.320027],[-23.845928,60.320192],[-23.846834,60.320356],[-23.847755,60.320523],[-23.848668,60.320688],[-23.849562,60.320851],[-23.850474,60.321016],[-23.851387,60.321181],[-23.852293,60.321346],[-23.853203,60.321511],[-23.854113,60.321676],[-23.855021,60.32184],[-23.85593,60.322005],[-23.856849,60.322172],[-23.857759,60.322337],[-23.858659,60.3225],[-23.859568,60.322665],[-23.860478,60.32283],[-23.861615,60.323036],[-23.86706,60.324028],[-23.871451,60.324832],[-23.877634,60.325932],[-23.87831,60.32605],[-23.883762,60.327019],[-23.884662,60.327176],[-23.888151,60.327795],[-23.889054,60.327956],[-23.889962,60.328117],[-23.890879,60.328281],[-23.891779,60.328441],[-23.892686,60.328603],[-23.893608,60.328767],[-23.894511,60.328927],[-23.895417,60.329089],[-23.89633,60.329251],[-23.897238,60.329413],[-23.898147,60.329575],[-23.899058,60.329737],[-23.899972,60.3299],[-23.900874,60.330061],[-23.901783,60.330222],[-23.902702,60.330386],[-23.903604,60.330547],[-23.904362,60.330682],[-23.905088,60.330811],[-23.906021,60.330977],[-23.907888,60.33131],[-23.908821,60.331477],[-23.912555,60.332145],[-23.913488,60.332312],[-23.915354,60.332646],[-23.916286,60.332813],[-23.923751,60.334154],[-23.924684,60.334321],[-23.926549,60.334657],[-23.927481,60.334825],[-23.931212,60.335498],[-23.932144,60.335666],[-23.933979,60.336208],[-23.934911,60.336379],[-23.935761,60.336487],[-23.936651,60.336629],[-23.937552,60.336813],[-23.938465,60.336963],[-23.939371,60.337111],[-23.940298,60.337262],[-23.941215,60.337412],[-23.942105,60.337556],[-23.943074,60.337741],[-23.943932,60.337877],[-23.944844,60.338039],[-23.945749,60.3382],[-23.946666,60.338362],[-23.947568,60.338523],[-23.948489,60.338686],[-23.949289,60.338858],[-23.949928,60.338968],[-23.952881,60.339482],[-23.961829,60.34104],[-23.966302,60.341821],[-23.96717,60.341965],[-23.96808,60.342126],[-23.968989,60.342287],[-23.969899,60.342447],[-23.970818,60.34261],[-23.971719,60.342771],[-23.972628,60.342934],[-23.973538,60.343097],[-23.974453,60.343261],[-23.975365,60.343424],[-23.976267,60.343586],[-23.977176,60.343748],[-23.978089,60.343912],[-23.978995,60.344076],[-23.979906,60.344242],[-23.980814,60.344407],[-23.981723,60.344572],[-23.982633,60.344737],[-23.983542,60.344902],[-23.984456,60.345068],[-23.985366,60.345233],[-23.986269,60.345397],[-23.987179,60.345562],[-23.988088,60.345727],[-23.988997,60.345892],[-23.989907,60.346058],[-23.990815,60.346223],[-23.991724,60.346388],[-23.992634,60.346553],[-23.993549,60.346719],[-23.99446,60.346884],[-23.995362,60.347048],[-23.996271,60.347213],[-23.997181,60.347378],[-23.998089,60.347543],[-23.998998,60.347708],[-23.999908,60.347873],[-24.000817,60.348038],[-24.001727,60.348204],[-24.002635,60.348369],[-24.00355,60.348535],[-24.004518,60.348711],[-24.005368,60.348868],[-24.006271,60.349035],[-24.007185,60.349205],[-24.008087,60.349372],[-24.009003,60.349542],[-24.009905,60.349709],[-24.010821,60.349854],[-24.011728,60.350029],[-24.012635,60.350205],[-24.013549,60.350381],[-24.014455,60.350555],[-24.015357,60.350728],[-24.016265,60.350902],[-24.017177,60.351043],[-24.018083,60.351224],[-24.018989,60.351404],[-24.019895,60.351583],[-24.020809,60.351729],[-24.021712,60.351914],[-24.022628,60.352072],[-24.023532,60.352263],[-24.024476,60.352244],[-24.025376,60.352406],[-24.037147,60.354587],[-24.038164,60.354765],[-24.039073,60.354924],[-24.039982,60.355084],[-24.040898,60.355244],[-24.041661,60.355378],[-24.042418,60.355511],[-24.045253,60.356009],[-24.050038,60.356858],[-24.050876,60.357008],[-24.051744,60.357163],[-24.052653,60.357325],[-24.053563,60.357487],[-24.054473,60.35765],[-24.055382,60.357812],[-24.056292,60.357974],[-24.057202,60.358136],[-24.058113,60.358299],[-24.059026,60.358462],[-24.059936,60.358624],[-24.060842,60.358786],[-24.06175,60.358948],[-24.06266,60.35911],[-24.06357,60.359273],[-24.06448,60.359435],[-24.065389,60.359597],[-24.066275,60.359755],[-24.067153,60.359912],[-24.074123,60.361166],[-24.075024,60.36133],[-24.075926,60.361493],[-24.076826,60.361657],[-24.077739,60.361822],[-24.078646,60.361987],[-24.079556,60.362152],[-24.080467,60.362317],[-24.081375,60.362482],[-24.082284,60.362647],[-24.083194,60.362812],[-24.084101,60.362977],[-24.085021,60.363143],[-24.085929,60.363308],[-24.086829,60.363471],[-24.087742,60.363637],[-24.08865,60.363802],[-24.089559,60.363967],[-24.090469,60.364132],[-24.091367,60.364295],[-24.101442,60.366215],[-24.110976,60.36784],[-24.112796,60.368161],[-24.113692,60.36832],[-24.114603,60.368481],[-24.115509,60.368642],[-24.116422,60.368804],[-24.117332,60.368965],[-24.118238,60.369125],[-24.119152,60.369287],[-24.120068,60.369449],[-24.120966,60.369608],[-24.121877,60.36977],[-24.122794,60.369932],[-24.123521,60.370061],[-24.124231,60.370187],[-24.126712,60.370627],[-24.131675,60.371511],[-24.134154,60.371954],[-24.144075,60.373731],[-24.146554,60.374176],[-24.151511,60.375069],[-24.153988,60.375517],[-24.154843,60.375672],[-24.155727,60.375832],[-24.156637,60.375997],[-24.157547,60.376162],[-24.158451,60.376325],[-24.159379,60.376494],[-24.160285,60.376658],[-24.16118,60.37682],[-24.162095,60.376986],[-24.163004,60.37715],[-24.163917,60.377316],[-24.164823,60.37748],[-24.165733,60.377645],[-24.166646,60.37781],[-24.167544,60.378129],[-24.168452,60.37824],[-24.169374,60.378359],[-24.170289,60.378487],[-24.171187,60.378613],[-24.172101,60.37874],[-24.173013,60.378854],[-24.176137,60.37886],[-24.179772,60.379075],[-24.187044,60.379508],[-24.190679,60.379727],[-24.205224,60.380612],[-24.208857,60.380835],[-24.216126,60.381286],[-24.219757,60.381514],[-24.248834,60.383354],[-24.252465,60.383586],[-24.259729,60.384055],[-24.26336,60.384291],[-24.277888,60.385247],[-24.281518,60.385487],[-24.288778,60.385974],[-24.292406,60.386219],[-24.321449,60.388201],[-24.325076,60.38845],[-24.332332,60.388954],[-24.335958,60.389208],[-24.350469,60.390233],[-24.354094,60.390492],[-24.361345,60.391013],[-24.364968,60.391276],[-24.393976,60.393398],[-24.396444,60.39358],[-24.401385,60.393945],[-24.403854,60.394129],[-24.413737,60.394868],[-24.416206,60.395053],[-24.421145,60.395427],[-24.423612,60.395615],[-24.443372,60.397126],[-24.446992,60.397405],[-24.454234,60.397968],[-24.457853,60.398252],[-24.472334,60.399395],[-24.475953,60.399684],[-24.48319,60.400264],[-24.486811,60.400557],[-24.496356,60.401336],[-24.497405,60.401421],[-24.498591,60.401518],[-24.500892,60.401707],[-24.502042,60.401802],[-24.50593,60.402123],[-24.506901,60.402203],[-24.508843,60.402364],[-24.509812,60.402444],[-24.53874,60.404846],[-24.539631,60.404921],[-24.541418,60.405069],[-24.545032,60.405373],[-24.550472,60.405833],[-24.552948,60.406043],[-24.567642,60.4073],[-24.571252,60.407611],[-24.578473,60.408238],[-24.582081,60.408554],[-24.610965,60.411096],[-24.614572,60.411416],[-24.621787,60.412059],[-24.625393,60.412384],[-24.639823,60.41369],[-24.643427,60.414018],[-24.650637,60.41468],[-24.654239,60.415013],[-24.683077,60.417695],[-24.686678,60.418032],[-24.693882,60.418711],[-24.697482,60.419053],[-24.711888,60.420429],[-24.715486,60.420774],[-24.722684,60.421471],[-24.72628,60.421822],[-24.75507,60.424643],[-24.758665,60.424998],[-24.765857,60.425712],[-24.769451,60.426071],[-24.783831,60.427516],[-24.787424,60.42788],[-24.794609,60.428611],[-24.803864,60.429569],[-24.824966,60.43179],[-24.825827,60.431878],[-24.827554,60.432056],[-24.834734,60.432796],[-24.836645,60.432994],[-24.851002,60.434484],[-24.861631,60.435608],[-24.868803,60.436381],[-24.877076,60.437285],[-24.902976,60.440156],[-24.906004,60.440466],[-24.930907,60.443133],[-24.938065,60.443934],[-24.941641,60.444337],[-24.970271,60.447576],[-24.973846,60.447983],[-24.980997,60.4488],[-24.984571,60.449212],[-24.998869,60.450866],[-25.002441,60.451281],[-25.009585,60.452117],[-25.013154,60.452536],[-25.041725,60.455914],[-25.045292,60.456338],[-25.052429,60.45719],[-25.055995,60.457619],[-25.070264,60.459342],[-25.073828,60.459775],[-25.080957,60.460645],[-25.084518,60.461082],[-25.113028,60.464598],[-25.116588,60.465039],[-25.123709,60.465926],[-25.127268,60.466371],[-25.141506,60.468164],[-25.145062,60.468614],[-25.152175,60.469518],[-25.155728,60.469973],[-25.184175,60.473626],[-25.187727,60.474085],[-25.194832,60.475006],[-25.198383,60.475469],[-25.212588,60.47733],[-25.216137,60.477797],[-25.223233,60.478736],[-25.226779,60.479208],[-25.25516,60.482999],[-25.258703,60.483475],[-25.265792,60.48443],[-25.269334,60.48491],[-25.283506,60.48684],[-25.287046,60.487325],[-25.294125,60.488298],[-25.297662,60.488787],[-25.325975,60.492715],[-25.32951,60.493208],[-25.336581,60.494198],[-25.340115,60.494695],[-25.354252,60.496693],[-25.357783,60.497195],[-25.364845,60.498202],[-25.368373,60.498708],[-25.396615,60.502774],[-25.400141,60.503283],[-25.407195,60.504308],[-25.410719,60.504822],[-25.42482,60.506889],[-25.428343,60.507407],[-25.435386,60.508449],[-25.438905,60.508972],[-25.467074,60.513174],[-25.470591,60.513701],[-25.477626,60.514759],[-25.481141,60.51529],[-25.495205,60.517425],[-25.498718,60.517961],[-25.505743,60.519037],[-25.509252,60.519576],[-25.537345,60.523915],[-25.540355,60.524381],[-25.546379,60.525318],[-25.549389,60.525788],[-25.561431,60.527674],[-25.564439,60.528147],[-25.570455,60.529097],[-25.573461,60.529573],[-25.597521,60.533397],[-25.601021,60.533956],[-25.608021,60.535077],[-25.611519,60.53564],[-25.625512,60.537902],[-25.629008,60.538469],[-25.635999,60.539608],[-25.639493,60.54018],[-25.643694,60.540871],[-25.645175,60.541114],[-25.647643,60.541521],[-25.64912,60.541765],[-25.677299,60.546415],[-25.678912,60.546681],[-25.682142,60.547216],[-25.683757,60.547484],[-25.690218,60.548558],[-25.693705,60.54914],[-25.700678,60.550308],[-25.704162,60.550894],[-25.711646,60.552159],[-25.713514,60.552475],[-25.717253,60.55311],[-25.719119,60.553427],[-25.74697,60.558172],[-25.748325,60.558403],[-25.751039,60.558867],[-25.754517,60.559463],[-25.758758,60.560193],[-25.760877,60.560559],[-25.774779,60.562965],[-25.778251,60.563568],[-25.785195,60.564779],[-25.787197,60.565129],[-25.788663,60.565387],[-25.816428,60.570266],[-25.819894,60.570877],[-25.826827,60.572105],[-25.830292,60.57272],[-25.84415,60.575193],[-25.847612,60.575813],[-25.854533,60.577058],[-25.857991,60.577682],[-25.885667,60.582695],[-25.889122,60.583323],[-25.896034,60.584584],[-25.899487,60.585217],[-25.913301,60.587757],[-25.916751,60.588394],[-25.92365,60.589672],[-25.927096,60.590313],[-25.954682,60.59546],[-25.958125,60.596104],[-25.965014,60.597399],[-25.968455,60.598048],[-25.982223,60.600655],[-25.985662,60.601308],[-25.992538,60.602619],[-25.995972,60.603277],[-26.023465,60.608557],[-26.026897,60.609219],[-26.033762,60.610546],[-26.037191,60.611212],[-26.050912,60.613885],[-26.054339,60.614555],[-26.061191,60.6159],[-26.064614,60.616574],[-26.09201,60.621987],[-26.09543,60.622665],[-26.102271,60.624026],[-26.105689,60.624708],[-26.119361,60.627448],[-26.122776,60.628134],[-26.129604,60.629512],[-26.133014,60.630203],[-26.160312,60.635748],[-26.16372,60.636443],[-26.170536,60.637837],[-26.173941,60.638536],[-26.187564,60.641341],[-26.190966,60.642044],[-26.197769,60.643455],[-26.201167,60.644162],[-26.228364,60.649839],[-26.231759,60.65055],[-26.23855,60.651977],[-26.241943,60.652692],[-26.255514,60.655564],[-26.258904,60.656283],[-26.265681,60.657727],[-26.269066,60.65845],[-26.29616,60.664259],[-26.299542,60.664986],[-26.306307,60.666446],[-26.309686,60.667177],[-26.323206,60.670114],[-26.326582,60.67085],[-26.333333,60.672326],[-26.336705,60.673066],[-26.363693,60.679006],[-26.367062,60.679749],[-26.3738,60.681242],[-26.377167,60.68199],[-26.390632,60.684992],[-26.393995,60.685744],[-26.400719,60.687253],[-26.404077,60.688009],[-26.430958,60.694079],[-26.434313,60.694839],[-26.441024,60.696364],[-26.444377,60.697128],[-26.457788,60.700195],[-26.461137,60.700963],[-26.467833,60.702505],[-26.471178,60.703277],[-26.494456,60.708763],[-26.497928,60.709561],[-26.501271,60.71033],[-26.507958,60.711872],[-26.511299,60.712643],[-26.524663,60.715734],[-26.527999,60.716513],[-26.534665,60.718098],[-26.537994,60.718891],[-26.54547,60.720673],[-26.564656,60.725198],[-26.567983,60.72599],[-26.574638,60.72758],[-26.577962,60.728376],[-26.59126,60.731572],[-26.594581,60.732373],[-26.60122,60.733979],[-26.604536,60.734783],[-26.631077,60.741241],[-26.63439,60.742049],[-26.641015,60.743671],[-26.644325,60.744483],[-26.657565,60.747744],[-26.660871,60.748561],[-26.667481,60.750198],[-26.670782,60.751019],[-26.697204,60.757605],[-26.700503,60.758429],[-26.707098,60.760082],[-26.710393,60.760911],[-26.723573,60.764235],[-26.726864,60.765068],[-26.733444,60.766738],[-26.736731,60.767575],[-26.763324,60.774362],[-26.764488,60.774659],[-26.765953,60.775033],[-26.769255,60.775879],[-26.775822,60.777566],[-26.779102,60.778412],[-26.792219,60.781803],[-26.795495,60.782652],[-26.802044,60.784356],[-26.805315,60.785209],[-26.830487,60.791793],[-26.831529,60.792066],[-26.833098,60.792476],[-26.83622,60.793296],[-26.84246,60.794939],[-26.845578,60.795762],[-26.856653,60.798695],[-26.859419,60.799429],[-26.864948,60.800901],[-26.86771,60.801638],[-26.893762,60.808604],[-26.895102,60.808963],[-26.897784,60.809681],[-26.901036,60.810555],[-26.904857,60.811585],[-26.906766,60.812101],[-26.919759,60.815615],[-26.923003,60.816495],[-26.929489,60.818259],[-26.932728,60.819143],[-26.958653,60.826235],[-26.961889,60.827122],[-26.968446,60.828926],[-26.971592,60.829794],[-26.98452,60.833371],[-26.987748,60.834267],[-26.994202,60.836062],[-26.997425,60.836962],[-27.023218,60.844179],[-27.026438,60.845082],[-27.032876,60.846893],[-27.036092,60.8478],[-27.048954,60.851439],[-27.052165,60.852351],[-27.058586,60.854178],[-27.061792,60.855093],[-27.087453,60.862434],[-27.090656,60.863353],[-27.09706,60.865195],[-27.100259,60.866118],[-27.113054,60.869819],[-27.116249,60.870745],[-27.122636,60.872603],[-27.125825,60.873534],[-27.15135,60.880999],[-27.154536,60.881933],[-27.160906,60.883806],[-27.164088,60.884744],[-27.176815,60.888507],[-27.179992,60.889449],[-27.186345,60.891338],[-27.189517,60.892284],[-27.214903,60.899872],[-27.218072,60.900821],[-27.224408,60.902725],[-27.227572,60.903678],[-27.240229,60.907503],[-27.243389,60.90846],[-27.249707,60.910379],[-27.252861,60.911341],[-27.278107,60.919051],[-27.281258,60.920015],[-27.287558,60.92195],[-27.290705,60.922919],[-27.303291,60.926804],[-27.306433,60.927776],[-27.312715,60.929726],[-27.315852,60.930703],[-27.340954,60.938535],[-27.344087,60.939514],[-27.350352,60.941479],[-27.353481,60.942463],[-27.365994,60.946409],[-27.369119,60.947397],[-27.375364,60.949377],[-27.378483,60.950368],[-27.40344,60.958321],[-27.406554,60.959316],[-27.412782,60.961311],[-27.415893,60.96231],[-27.428333,60.966316],[-27.431439,60.967319],[-27.437648,60.969329],[-27.440748,60.970336],[-27.465556,60.978409],[-27.468652,60.979419],[-27.474843,60.981443],[-27.477935,60.982458],[-27.4903,60.986524],[-27.493388,60.987541],[-27.499559,60.989581],[-27.50264,60.990603],[-27.527298,60.998795],[-27.530375,60.99982],[-27.536528,61.001875],[-27.539601,61.002904],[-27.551891,61.00703],[-27.554959,61.008062],[-27.561092,61.010132],[-27.564154,61.011168],[-27.588659,61.01948],[-27.591717,61.020519],[-27.597831,61.022604],[-27.600885,61.023647],[-27.613097,61.027832],[-27.616146,61.02888],[-27.62224,61.030979],[-27.625283,61.03203],[-27.649632,61.040459],[-27.652671,61.041514],[-27.658746,61.043627],[-27.661781,61.044686],[-27.673914,61.048929],[-27.676943,61.049991],[-27.682998,61.05212],[-27.686021,61.053186],[-27.710212,61.061732],[-27.713231,61.062801],[-27.719267,61.064944],[-27.722281,61.066017],[-27.734335,61.070319],[-27.737344,61.071396],[-27.743359,61.073554],[-27.746362,61.074634],[-27.770392,61.083297],[-27.770973,61.083507],[-27.772138,61.083927],[-27.77272,61.084137],[-27.775052,61.084979],[-27.775635,61.085189],[-27.7768,61.08561],[-27.777382,61.085821],[-27.782046,61.087508],[-27.785044,61.088596],[-27.791033,61.090774],[-27.794025,61.091865],[-27.805983,61.096236],[-27.808969,61.097331],[-27.814936,61.099523],[-27.817916,61.100621],[-27.837118,61.107713],[-27.838745,61.108314],[-27.841998,61.109518],[-27.843623,61.110121],[-27.850126,61.112535],[-27.85252,61.113426],[-27.857304,61.115209],[-27.859694,61.116102],[-27.862764,61.117251],[-27.86353,61.117539],[-27.865062,61.118113],[-27.865827,61.1184],[-27.889528,61.127293],[-27.892486,61.128406],[-27.898399,61.130635],[-27.901351,61.131752],[-27.913159,61.136226],[-27.916106,61.137346],[-27.921997,61.13959],[-27.924938,61.140714],[-27.948471,61.149721],[-27.949218,61.150007],[-27.950715,61.15058],[-27.953652,61.151709],[-27.958026,61.153393],[-27.96021,61.154236],[-27.971933,61.158768],[-27.974859,61.159902],[-27.980708,61.162174],[-27.983628,61.163312],[-28.00699,61.172432],[-28.009905,61.173573],[-28.015733,61.175859],[-28.018476,61.176938],[-28.03028,61.181592],[-28.033185,61.18274],[-28.03899,61.18504],[-28.041889,61.186192],[-28.065078,61.195425],[-28.067971,61.19658],[-28.073756,61.198894],[-28.076644,61.200052],[-28.088194,61.204696],[-28.091077,61.205858],[-28.096838,61.208187],[-28.099715,61.209352],[-28.122728,61.218697],[-28.1256,61.219865],[-28.13134,61.222207],[-28.134207,61.22338],[-28.145668,61.228079],[-28.148529,61.229255],[-28.154246,61.231611],[-28.1571,61.232791],[-28.179935,61.242246],[-28.182785,61.243428],[-28.18848,61.245798],[-28.191324,61.246984],[-28.202696,61.251739],[-28.205534,61.252928],[-28.211207,61.255312],[-28.214038,61.256505],[-28.236693,61.26607],[-28.239519,61.267266],[-28.24517,61.269663],[-28.247991,61.270863],[-28.259272,61.275672],[-28.262087,61.276876],[-28.267714,61.279286],[-28.270523,61.280493],[-28.292994,61.290167],[-28.295798,61.291377],[-28.301403,61.293801],[-28.304201,61.295014],[-28.315389,61.299878],[-28.318182,61.301094],[-28.323763,61.303532],[-28.326548,61.304752],[-28.348834,61.314534],[-28.351615,61.315757],[-28.357173,61.318208],[-28.359948,61.319435],[-28.371043,61.324353],[-28.373812,61.325583],[-28.379346,61.328048],[-28.382108,61.329281],[-28.404206,61.33917],[-28.406963,61.340406],[-28.412474,61.342884],[-28.415225,61.344125],[-28.426225,61.349095],[-28.428971,61.350339],[-28.434457,61.35283],[-28.437195,61.354077],[-28.459103,61.364072],[-28.461836,61.365321],[-28.467299,61.367826],[-28.470027,61.369079],[-28.480931,61.374102],[-28.483652,61.375359],[-28.48909,61.377877],[-28.491805,61.379137],[-28.513519,61.389237],[-28.516228,61.3905],[-28.521643,61.39303],[-28.524346,61.394297],[-28.535153,61.399372],[-28.53785,61.400642],[-28.54324,61.403186],[-28.54593,61.404459],[-28.567448,61.414663],[-28.570133,61.415939],[-28.575499,61.418496],[-28.578178,61.419775],[-28.588886,61.424903],[-28.591559,61.426186],[-28.596899,61.428755],[-28.599564,61.430041],[-28.620885,61.440349],[-28.623545,61.441638],[-28.628861,61.44422],[-28.631515,61.445512],[-28.642124,61.450691],[-28.644772,61.451987],[-28.650062,61.454582],[-28.652702,61.455881],[-28.673822,61.466291],[-28.674675,61.466711],[-28.676382,61.467554],[-28.677235,61.467975],[-28.68065,61.469663],[-28.681503,61.470085],[-28.683208,61.470929],[-28.68406,61.471351],[-28.690881,61.474733],[-28.69351,61.47604],[-28.698761,61.478657],[-28.701382,61.479966],[-28.711859,61.485213],[-28.714474,61.486526],[-28.719698,61.489155],[-28.722306,61.490471],[-28.736402,61.4976],[-28.738161,61.498491],[-28.741677,61.500275],[-28.743434,61.501168],[-28.750457,61.504743],[-28.75221,61.505637],[-28.755714,61.507427],[-28.757463,61.508322],[-28.778175,61.518934],[-28.778913,61.519312],[-28.780392,61.520071],[-28.781131,61.52045],[-28.784089,61.52197],[-28.786671,61.523299],[-28.791828,61.525962],[-28.794403,61.527294],[-28.801747,61.531105],[-28.803581,61.532058],[-28.807245,61.533965],[-28.809073,61.534919],[-28.829577,61.545631],[-28.832135,61.54697],[-28.837247,61.549652],[-28.839798,61.550995],[-28.849996,61.556375],[-28.852041,61.557455],[-28.856127,61.559619],[-28.858667,61.560968],[-28.859665,61.561499],[-28.860163,61.561764],[-28.880456,61.572574],[-28.882988,61.573925],[-28.888046,61.576632],[-28.890571,61.577987],[-28.900664,61.583416],[-28.903182,61.584773],[-28.908214,61.587493],[-28.910724,61.588854],[-28.930805,61.59976],[-28.93331,61.601124],[-28.938315,61.603856],[-28.940814,61.605223],[-28.950799,61.610699],[-28.951252,61.610948],[-28.953291,61.612069],[-28.958268,61.614813],[-28.960752,61.616186],[-28.980618,61.627189],[-28.983096,61.628564],[-28.988047,61.63132],[-28.990519,61.632699],[-29.000396,61.638223],[-29.002861,61.639605],[-29.007784,61.642373],[-29.010241,61.643758],[-29.029888,61.654856],[-29.032339,61.656243],[-29.037236,61.659022],[-29.03968,61.660413],[-29.049448,61.665985],[-29.051885,61.667379],[-29.056754,61.67017],[-29.059183,61.671567],[-29.07861,61.682759],[-29.081034,61.684158],[-29.085875,61.686961],[-29.088292,61.688363],[-29.097949,61.693982],[-29.100359,61.695387],[-29.105171,61.698202],[-29.107573,61.69961],[-29.126778,61.710895],[-29.129173,61.712306],[-29.133959,61.715132],[-29.136348,61.716546],[-29.145893,61.722211],[-29.148275,61.723628],[-29.153032,61.726466],[-29.155405,61.727885],[-29.174385,61.739262],[-29.176752,61.740685],[-29.181482,61.743533],[-29.183842,61.744959],[-29.193274,61.75067],[-29.195628,61.752098],[-29.200328,61.754958],[-29.202673,61.756389],[-29.221425,61.767857],[-29.223764,61.769291],[-29.228437,61.772162],[-29.230768,61.773599],[-29.240086,61.779355],[-29.242411,61.780795],[-29.247054,61.783678],[-29.24937,61.78512],[-29.267893,61.796678],[-29.270203,61.798122],[-29.274818,61.801016],[-29.277121,61.802464],[-29.286323,61.808265],[-29.288619,61.809715],[-29.293204,61.812621],[-29.295491,61.814074],[-29.313782,61.82572],[-29.316063,61.827176],[-29.320619,61.830092],[-29.322893,61.831551],[-29.331979,61.837396],[-29.334245,61.838857],[-29.338772,61.841784],[-29.34103,61.843248],[-29.359086,61.854982],[-29.361337,61.856449],[-29.365835,61.859387],[-29.368079,61.860857],[-29.377047,61.866745],[-29.379284,61.868217],[-29.383751,61.871166],[-29.38598,61.872641],[-29.403798,61.884461],[-29.40602,61.885939],[-29.410459,61.888898],[-29.412674,61.890379],[-29.421522,61.89631],[-29.423729,61.897793],[-29.428137,61.900763],[-29.430336,61.902248],[-29.447914,61.914154],[-29.448856,61.914792],[-29.450741,61.916071],[-29.451682,61.91671],[-29.455447,61.919271],[-29.456387,61.919911],[-29.458266,61.921192],[-29.459205,61.921833],[-29.466716,61.926964],[-29.468896,61.928457],[-29.47325,61.931448],[-29.475422,61.932944],[-29.484099,61.938936],[-29.486264,61.940434],[-29.490586,61.943435],[-29.492742,61.944936],[-29.502569,61.951795],[-29.503795,61.952652],[-29.506245,61.954367],[-29.507469,61.955225],[-29.512361,61.958661],[-29.513582,61.959519],[-29.516021,61.961238],[-29.517239,61.962097],[-29.534332,61.974169],[-29.535837,61.975234],[-29.538847,61.977367],[-29.540349,61.978434],[-29.546355,61.982707],[-29.548476,61.984221],[-29.552712,61.987251],[-29.554825,61.988767],[-29.557303,61.99055],[-29.557922,61.990996],[-29.559158,61.991887],[-29.559775,61.992331],[-29.576621,62.004486],[-29.578721,62.006005],[-29.582916,62.009047],[-29.585008,62.010569],[-29.593368,62.016666],[-29.595453,62.01819],[-29.599616,62.021243],[-29.601692,62.02277],[-29.618289,62.035004],[-29.620358,62.036533],[-29.62449,62.039596],[-29.626552,62.041128],[-29.63492,62.047364],[-29.635588,62.047862],[-29.637641,62.049397],[-29.641206,62.052071],[-29.642985,62.053408],[-29.65933,62.065722],[-29.661368,62.067261],[-29.665437,62.070343],[-29.667467,62.071885],[-29.675575,62.078061],[-29.677597,62.079605],[-29.681634,62.082697],[-29.683647,62.084243],[-29.699739,62.096635],[-29.701745,62.098184],[-29.70575,62.101285],[-29.707015,62.102266],[-29.707749,62.102837],[-29.715729,62.109052],[-29.717719,62.110606],[-29.721692,62.113717],[-29.723673,62.115273],[-29.739508,62.127741],[-29.741482,62.1293],[-29.745424,62.13242],[-29.74739,62.133982],[-29.755242,62.140234],[-29.7572,62.141798],[-29.761108,62.144928],[-29.763057,62.146493],[-29.778634,62.159038],[-29.780575,62.160605],[-29.784452,62.163745],[-29.786386,62.165315],[-29.794108,62.171605],[-29.796033,62.173178],[-29.799877,62.176327],[-29.801793,62.177902],[-29.817108,62.19052],[-29.819017,62.192097],[-29.822829,62.195255],[-29.82473,62.196835],[-29.832321,62.203162],[-29.834213,62.204744],[-29.837991,62.207911],[-29.839875,62.209495],[-29.854927,62.222186],[-29.856803,62.223772],[-29.860548,62.226949],[-29.862416,62.228537],[-29.869875,62.2349],[-29.871734,62.236491],[-29.875446,62.239677],[-29.877296,62.241269],[-29.892083,62.254033],[-29.893926,62.255628],[-29.897605,62.258822],[-29.899439,62.260419],[-29.906765,62.266818],[-29.908591,62.268418],[-29.912235,62.271621],[-29.914052,62.273222],[-29.928571,62.286056],[-29.93038,62.28766],[-29.933992,62.290871],[-29.935793,62.292478],[-29.942984,62.298911],[-29.944777,62.30052],[-29.948354,62.30374],[-29.950137,62.30535],[-29.964385,62.318253],[-29.966161,62.319866],[-29.969705,62.323094],[-29.971472,62.324709],[-29.978527,62.331177],[-29.980286,62.332794],[-29.983795,62.336032],[-29.985544,62.33765],[-29.99952,62.350621],[-30.001099,62.35209],[-30.004251,62.355032],[-30.005823,62.356503],[-30.012101,62.362396],[-30.013666,62.363869],[-30.01679,62.366818],[-30.018347,62.368292],[-30.030792,62.380105],[-30.032343,62.381581],[-30.035439,62.384537],[-30.036983,62.386015],[-30.043147,62.391935],[-30.044684,62.393415],[-30.047751,62.396377],[-30.04928,62.397858],[-30.060237,62.408502],[-30.061246,62.409484],[-30.063261,62.411448],[-30.064267,62.412431],[-30.068286,62.416365],[-30.069288,62.417348],[-30.071291,62.419316],[-30.07229,62.420299],[-30.080279,62.42818],[-30.081628,62.429514],[-30.084322,62.432185],[-30.085665,62.433521],[-30.09103,62.438869],[-30.092367,62.440206],[-30.095038,62.442883],[-30.096369,62.444222],[-30.099327,62.447203],[-30.100368,62.448254],[-30.102103,62.450007],[-30.103141,62.451058],[-30.113901,62.461961],[-30.11522,62.463301],[-30.117855,62.465985],[-30.119168,62.467327],[-30.124415,62.4727],[-30.125723,62.474044],[-30.128333,62.476732],[-30.129635,62.478077],[-30.140035,62.488846],[-30.1413,62.490158],[-30.143825,62.492787],[-30.145084,62.494101],[-30.150109,62.49936],[-30.151425,62.50074],[-30.154049,62.503503],[-30.155358,62.504884],[-30.165698,62.515828],[-30.166971,62.51718],[-30.169513,62.519885],[-30.170781,62.521238],[-30.175839,62.526652],[-30.1771,62.528005],[-30.179616,62.530714],[-30.180871,62.532068],[-30.190894,62.542917],[-30.192143,62.544272],[-30.194636,62.546986],[-30.19588,62.548343],[-30.200843,62.553776],[-30.20208,62.555134],[-30.204549,62.557853],[-30.20578,62.559212],[-30.215613,62.5701],[-30.216226,62.570779],[-30.217451,62.572139],[-30.218063,62.572819],[-30.220509,62.575543],[-30.221052,62.576148],[-30.222113,62.577333],[-30.222784,62.578083],[-30.227812,62.583714],[-30.228425,62.584401],[-30.229639,62.585764],[-30.230245,62.586446],[-30.232668,62.589175],[-30.233273,62.589857],[-30.234481,62.591222],[-30.235084,62.591905],[-30.235746,62.592655],[-30.236428,62.593427],[-30.237109,62.594199],[-30.237791,62.594972],[-30.238473,62.595745],[-30.239155,62.596517],[-30.239837,62.59729],[-30.240518,62.598062],[-30.2412,62.598835],[-30.241881,62.599607],[-30.242564,62.60038],[-30.243246,62.601152],[-30.243928,62.601925],[-30.244609,62.602697],[-30.245291,62.60347],[-30.245973,62.604242],[-30.246655,62.605015],[-30.247336,62.605787],[-30.248018,62.606559],[-30.248701,62.607332],[-30.249383,62.608105],[-30.250065,62.608877],[-30.250747,62.60965],[-30.251429,62.610423],[-30.25211,62.611194],[-30.252792,62.611967],[-30.253475,62.61274],[-30.254157,62.613513],[-30.254839,62.614285],[-30.255521,62.615058],[-30.256203,62.61583],[-30.256885,62.616603],[-30.257566,62.617374],[-30.258249,62.618147],[-30.258931,62.61892],[-30.259613,62.619693],[-30.260296,62.620465],[-30.260978,62.621238],[-30.26166,62.622011],[-30.262341,62.622782],[-30.263024,62.623554],[-30.263706,62.624328],[-30.264389,62.6251],[-30.265071,62.625873],[-30.26562,62.626781],[-30.266314,62.62754],[-30.266998,62.628307],[-30.267707,62.629054],[-30.268388,62.629827],[-30.26909,62.63058],[-30.269793,62.631333],[-30.270491,62.632124],[-30.271157,62.632872],[-30.271844,62.633641],[-30.272528,62.63441],[-30.273214,62.635179],[-30.273901,62.635949],[-30.274587,62.636718],[-30.275273,62.637488],[-30.275958,62.638257],[-30.276644,62.639026],[-30.27733,62.639795],[-30.278016,62.640564],[-30.278702,62.641334],[-30.279388,62.642104],[-30.280074,62.642873],[-30.280761,62.643643],[-30.281447,62.644413],[-30.282126,62.645186],[-30.282805,62.645961],[-30.283484,62.646736],[-30.284164,62.647512],[-30.284844,62.648287],[-30.285524,62.649062],[-30.286203,62.649837],[-30.286883,62.650612],[-30.287562,62.651386],[-30.288241,62.652161],[-30.288922,62.652937],[-30.289601,62.653712],[-30.290209,62.654423],[-30.290951,62.655269],[-30.291623,62.65605],[-30.292309,62.656821],[-30.292969,62.65761],[-30.293631,62.658399],[-30.294315,62.659171],[-30.294969,62.659966],[-30.295646,62.660741],[-30.296314,62.661523],[-30.297148,62.662181],[-30.29783,62.662952],[-30.298513,62.663725],[-30.299196,62.664498],[-30.299879,62.665271],[-30.300562,62.666043],[-30.301245,62.666816],[-30.301927,62.667588],[-30.30261,62.668361],[-30.303292,62.669132],[-30.303975,62.669905],[-30.304659,62.670678],[-30.305342,62.671451],[-30.306024,62.672223],[-30.306707,62.672996],[-30.30739,62.673768],[-30.308065,62.674531],[-30.312895,62.68012],[-30.313851,62.681179],[-30.314682,62.682106],[-30.315098,62.68257],[-30.315778,62.683332],[-30.316467,62.684102],[-30.317156,62.684873],[-30.317812,62.685606],[-30.318457,62.686327],[-30.319729,62.687754],[-30.322267,62.69061],[-30.323532,62.692038],[-30.32858,62.697755],[-30.329839,62.699185],[-30.332349,62.702046],[-30.3332,62.703018],[-30.334881,62.704888],[-30.337972,62.708355],[-30.339512,62.710089],[-30.340184,62.710848],[-30.340867,62.711621],[-30.341551,62.712393],[-30.342234,62.713166],[-30.342918,62.713938],[-30.343601,62.71471],[-30.344284,62.715483],[-30.344968,62.716256],[-30.345652,62.717028],[-30.346336,62.717801],[-30.347019,62.718573],[-30.347703,62.719346],[-30.348386,62.720118],[-30.349069,62.72089],[-30.349754,62.721664],[-30.350437,62.722436],[-30.351121,62.723208],[-30.351805,62.723981],[-30.352488,62.724753],[-30.353164,62.725517],[-30.35902,62.732283],[-30.360182,62.733581],[-30.361605,62.73515],[-30.365774,62.739796],[-30.368722,62.743115],[-30.369513,62.744007],[-30.370721,62.745373],[-30.371394,62.746137],[-30.37207,62.746903],[-30.374721,62.749931],[-30.375393,62.750705],[-30.37607,62.751483],[-30.376748,62.752263],[-30.377427,62.753044],[-30.378106,62.753825],[-30.378786,62.754606],[-30.379463,62.755385],[-30.380178,62.756208],[-30.383273,62.759525],[-30.38395,62.760288],[-30.384633,62.76106],[-30.385317,62.761833],[-30.386002,62.762606],[-30.386687,62.763378],[-30.387371,62.764151],[-30.388055,62.764924],[-30.388739,62.765696],[-30.389423,62.766467],[-30.390107,62.76724],[-30.390792,62.768013],[-30.391476,62.768786],[-30.392145,62.76954],[-30.396185,62.774178],[-30.396569,62.774608],[-30.397258,62.775379],[-30.397947,62.77615],[-30.398635,62.776921],[-30.399324,62.777692],[-30.400013,62.778463],[-30.400667,62.779196],[-30.401308,62.779913],[-30.401805,62.78047],[-30.402798,62.781584],[-30.403294,62.782141],[-30.405276,62.784371],[-30.405771,62.784928],[-30.406759,62.786043],[-30.407253,62.7866],[-30.411201,62.791062],[-30.411694,62.79162],[-30.412678,62.792735],[-30.41317,62.793293],[-30.415136,62.795526],[-30.415627,62.796084],[-30.415984,62.796491],[-30.416515,62.797082],[-30.419919,62.800889],[-30.421615,62.802794],[-30.422283,62.803548],[-30.422968,62.80432],[-30.423653,62.805093],[-30.424338,62.805865],[-30.425022,62.806637],[-30.425707,62.80741],[-30.426393,62.808183],[-30.427078,62.808955],[-30.427763,62.809728],[-30.428447,62.8105],[-30.429132,62.811273],[-30.429817,62.812045],[-30.430502,62.812817],[-30.431187,62.81359],[-30.431872,62.814363],[-30.432557,62.815135],[-30.433242,62.815908],[-30.433927,62.81668],[-30.434612,62.817453],[-30.435297,62.818225],[-30.435982,62.818997],[-30.436668,62.81977],[-30.437353,62.820543],[-30.438038,62.821316],[-30.438723,62.822088],[-30.439408,62.82286],[-30.440093,62.823632],[-30.440778,62.824405],[-30.441464,62.825178],[-30.442149,62.82595],[-30.442834,62.826723],[-30.443519,62.827495],[-30.444205,62.828268],[-30.44489,62.82904],[-30.445574,62.829812],[-30.44626,62.830584],[-30.446946,62.831358],[-30.447631,62.83213],[-30.448316,62.832903],[-30.449001,62.833675],[-30.449687,62.834448],[-30.450371,62.835219],[-30.451057,62.835992],[-30.451743,62.836765],[-30.452428,62.837538],[-30.453113,62.83831],[-30.453799,62.839083],[-30.454484,62.839855],[-30.45517,62.840628],[-30.455854,62.841399],[-30.45654,62.842172],[-30.457226,62.842945],[-30.457911,62.843718],[-30.458597,62.84449],[-30.459282,62.845262],[-30.459968,62.846035],[-30.460653,62.846807],[-30.461338,62.847579],[-30.462024,62.848352],[-30.46271,62.849125],[-30.463395,62.849897],[-30.464081,62.85067],[-30.464766,62.851442],[-30.465452,62.852215],[-30.466137,62.852987],[-30.466823,62.853759],[-30.467509,62.854533],[-30.468194,62.855305],[-30.46888,62.856077],[-30.469566,62.85685],[-30.470251,62.857622],[-30.470936,62.858394],[-30.471622,62.859167],[-30.472308,62.85994],[-30.472994,62.860712],[-30.47368,62.861485],[-30.474366,62.862257],[-30.475051,62.86303],[-30.475736,62.863801],[-30.476423,62.864574],[-30.477109,62.865347],[-30.477794,62.86612],[-30.47848,62.866892],[-30.479166,62.867665],[-30.479852,62.868437],[-30.480538,62.86921],[-30.481223,62.869981],[-30.481909,62.870754],[-30.482595,62.871527],[-30.483281,62.8723],[-30.483967,62.873072],[-30.484653,62.873845],[-30.485339,62.874617],[-30.486024,62.875389],[-30.48671,62.876162],[-30.487397,62.876934],[-30.488083,62.877707],[-30.488769,62.878479],[-30.489455,62.879252],[-30.490141,62.880024],[-30.490827,62.880797],[-30.491512,62.881569],[-30.492198,62.882341],[-30.492885,62.883114],[-30.493571,62.883887],[-30.494257,62.884659],[-30.494943,62.885432],[-30.495629,62.886205],[-30.496314,62.886976],[-30.497001,62.887749],[-30.497687,62.888522],[-30.498373,62.889294],[-30.49906,62.890067],[-30.499746,62.890839],[-30.500432,62.891612],[-30.501118,62.892384],[-30.501804,62.893156],[-30.50249,62.893928],[-30.503177,62.894702],[-30.503863,62.895474],[-30.504549,62.896247],[-30.505235,62.897019],[-30.505922,62.897792],[-30.506607,62.898563],[-30.507294,62.899336],[-30.507981,62.900109],[-30.508667,62.900882],[-30.509353,62.901654],[-30.51004,62.902426],[-30.510726,62.903199],[-30.511412,62.903971],[-30.512098,62.904743],[-30.512784,62.905516],[-30.513471,62.906289],[-30.514158,62.907061],[-30.514844,62.907834],[-30.515531,62.908606],[-30.516218,62.909379],[-30.516903,62.910151],[-30.517589,62.910923],[-30.518276,62.911696],[-30.518963,62.912469],[-30.519649,62.913241],[-30.520336,62.914014],[-30.521023,62.914786],[-30.521708,62.915558],[-30.522395,62.91633],[-30.523082,62.917104],[-30.523769,62.917876],[-30.524455,62.918649],[-30.525142,62.919422],[-30.525829,62.920194],[-30.526515,62.920966],[-30.527201,62.921738],[-30.527888,62.92251],[-30.528575,62.923283],[-30.529262,62.924056],[-30.529948,62.924828],[-30.530635,62.925601],[-30.531322,62.926373],[-30.532008,62.927145],[-30.532695,62.927918],[-30.533382,62.928691],[-30.534069,62.929463],[-30.534755,62.930236],[-30.535443,62.931009],[-30.536129,62.931781],[-30.536816,62.932553],[-30.537502,62.933325],[-30.538189,62.934098],[-30.538876,62.934871],[-30.539563,62.935643],[-30.54025,62.936416],[-30.540937,62.937188],[-30.541624,62.937961],[-30.54231,62.938732],[-30.542997,62.939505],[-30.543684,62.940278],[-30.544371,62.941051],[-30.545058,62.941823],[-30.545746,62.942596],[-30.546432,62.943368],[-30.547119,62.94414],[-30.547805,62.944912],[-30.548492,62.945685],[-30.54918,62.946458],[-30.549867,62.94723],[-30.550554,62.948003],[-30.551241,62.948775],[-30.551928,62.949548],[-30.552615,62.95032],[-30.553302,62.951092],[-30.553989,62.951865],[-30.554677,62.952638],[-30.555364,62.95341],[-30.556051,62.954183],[-30.556738,62.954955],[-30.557425,62.955728],[-30.558111,62.956499],[-30.558799,62.957272],[-30.559486,62.958045],[-30.560174,62.958818],[-30.560861,62.95959],[-30.561548,62.960363],[-30.562235,62.961135],[-30.562922,62.961907],[-30.563609,62.962679],[-30.564297,62.963452],[-30.564985,62.964225],[-30.565672,62.964997],[-30.566359,62.96577],[-30.567046,62.966542],[-30.567733,62.967314],[-30.56842,62.968087],[-30.569108,62.96886],[-30.569796,62.969632],[-30.570483,62.970405],[-30.57117,62.971177],[-30.571858,62.97195],[-30.572545,62.972722],[-30.573232,62.973494],[-30.573919,62.974266],[-30.574607,62.97504],[-30.575295,62.975813],[-30.575982,62.976585],[-30.57667,62.977357],[-30.577357,62.978129],[-30.578044,62.978901],[-30.578732,62.979674],[-30.57942,62.980447],[-30.580107,62.981219],[-30.580795,62.981992],[-30.581363,62.982885],[-30.582056,62.983651],[-30.582771,62.984396],[-30.583461,62.985164],[-30.584113,62.985945],[-30.585561,62.98754],[-30.588171,62.990462],[-30.588866,62.991227],[-30.589566,62.991972],[-30.590262,62.99274],[-30.590912,62.993481],[-30.591563,62.994198],[-30.592865,62.995635],[-30.595465,62.998509],[-30.596755,62.999951],[-30.601873,63.005752],[-30.60315,63.007202],[-30.604259,63.008463],[-30.605675,63.010119],[-30.606751,63.011378],[-30.611061,63.015996],[-30.613135,63.018312],[-30.613811,63.01907],[-30.614498,63.019842],[-30.615187,63.020616],[-30.615875,63.021388],[-30.616563,63.02216],[-30.617252,63.022933],[-30.61794,63.023705],[-30.618628,63.024478],[-30.619316,63.02525],[-30.620004,63.026022],[-30.620693,63.026795],[-30.621381,63.027568],[-30.622069,63.02834],[-30.622757,63.029113],[-30.623446,63.029885],[-30.624134,63.030657],[-30.624822,63.031429],[-30.625511,63.032203],[-30.626199,63.032975],[-30.626887,63.033748],[-30.627576,63.03452],[-30.628264,63.035292],[-30.628952,63.036065],[-30.62964,63.036837],[-30.630329,63.037609],[-30.631018,63.038382],[-30.631706,63.039155],[-30.632394,63.039927],[-30.633083,63.0407],[-30.633771,63.041472],[-30.634459,63.042244],[-30.63514,63.043008],[-30.640582,63.049237],[-30.641449,63.05018],[-30.64214,63.050944],[-30.642835,63.051713],[-30.64353,63.052482],[-30.644197,63.053221],[-30.644859,63.053953],[-30.647049,63.05639],[-30.65141,63.061268],[-30.653581,63.063709],[-30.654254,63.06447],[-30.654933,63.065238],[-30.660918,63.072118],[-30.661876,63.073189],[-30.662595,63.073991],[-30.665327,63.077086],[-30.665867,63.07769],[-30.667129,63.079079],[-30.667818,63.079848],[-30.668511,63.080622],[-30.669204,63.081396],[-30.669897,63.08217],[-30.670591,63.082944],[-30.671284,63.083718],[-30.671972,63.084486],[-30.673195,63.085881],[-30.678411,63.091554],[-30.679904,63.093225],[-30.68065,63.09406],[-30.686607,63.10075],[-30.68735,63.101586],[-30.688835,63.103259],[-30.689635,63.104163],[-30.690698,63.10534],[-30.6941,63.109119],[-30.695795,63.11101],[-30.69647,63.111766],[-30.69716,63.112539],[-30.69785,63.113311],[-30.698539,63.114084],[-30.699229,63.114856],[-30.699918,63.115629],[-30.700608,63.116401],[-30.701297,63.117173],[-30.701987,63.117946],[-30.702677,63.118719],[-30.703367,63.119491],[-30.704056,63.120264],[-30.704746,63.121036],[-30.705436,63.121809],[-30.706125,63.12258],[-30.706814,63.123353],[-30.707505,63.124126],[-30.708195,63.124898],[-30.708884,63.125671],[-30.709574,63.126443],[-30.710264,63.127216],[-30.710954,63.127988],[-30.711643,63.12876],[-30.712333,63.129532],[-30.713024,63.130306],[-30.713713,63.131078],[-30.714403,63.131851],[-30.715093,63.132623],[-30.715783,63.133395],[-30.716472,63.134167],[-30.717162,63.13494],[-30.717852,63.135713],[-30.718542,63.136485],[-30.719232,63.137258],[-30.719922,63.13803],[-30.720612,63.138803],[-30.721302,63.139575],[-30.721992,63.140347],[-30.722681,63.141119],[-30.723372,63.141892],[-30.724062,63.142665],[-30.724752,63.143437],[-30.725442,63.14421],[-30.726132,63.144982],[-30.726822,63.145754],[-30.727512,63.146526],[-30.728202,63.1473],[-30.728892,63.148072],[-30.729583,63.148845],[-30.730273,63.149617],[-30.730963,63.15039],[-30.731652,63.151161],[-30.732343,63.151934],[-30.733033,63.152707],[-30.733723,63.153479],[-30.734414,63.154252],[-30.735104,63.155024],[-30.735794,63.155797],[-30.736484,63.156569],[-30.737174,63.157341],[-30.737864,63.158113],[-30.738555,63.158887],[-30.739245,63.159659],[-30.739936,63.160431],[-30.740626,63.161204],[-30.741317,63.161977],[-30.742006,63.162748],[-30.742696,63.163521],[-30.743387,63.164294],[-30.744078,63.165066],[-30.744768,63.165839],[-30.745458,63.166611],[-30.746149,63.167384],[-30.746839,63.168156],[-30.747529,63.168928],[-30.74822,63.1697],[-30.748911,63.170473],[-30.749601,63.171246],[-30.750292,63.172018],[-30.750982,63.172791],[-30.751673,63.173564],[-30.752362,63.174335],[-30.753053,63.175107],[-30.753744,63.175881],[-30.754435,63.176653],[-30.755125,63.177425],[-30.755816,63.178198],[-30.756506,63.17897],[-30.757197,63.179743],[-30.757887,63.180515],[-30.758578,63.181287],[-30.759269,63.18206],[-30.759959,63.182833],[-30.76065,63.183605],[-30.761341,63.184378],[-30.762032,63.18515],[-30.762722,63.185922],[-30.763412,63.186694],[-30.764104,63.187467],[-30.764794,63.18824],[-30.765485,63.189012],[-30.766176,63.189785],[-30.766867,63.190557],[-30.767557,63.19133],[-30.768248,63.192101],[-30.768938,63.192874],[-30.76963,63.193647],[-30.770321,63.194419],[-30.771012,63.195192],[-30.771702,63.195964],[-30.772393,63.196737],[-30.773083,63.197508],[-30.773774,63.198281],[-30.774466,63.199054],[-30.775157,63.199827],[-30.775848,63.200599],[-30.776539,63.201371],[-30.77723,63.202144],[-30.77792,63.202916],[-30.778611,63.203688],[-30.779302,63.204461],[-30.779993,63.205234],[-30.780684,63.206006],[-30.781376,63.206779],[-30.782066,63.207551],[-30.782757,63.208324],[-30.783448,63.209095],[-30.784139,63.209868],[-30.784831,63.210641],[-30.785522,63.211413],[-30.786213,63.212186],[-30.786904,63.212958],[-30.787595,63.213731],[-30.788286,63.214502],[-30.788977,63.215275],[-30.789669,63.216048],[-30.79036,63.21682],[-30.791051,63.217593],[-30.791743,63.218366],[-30.792433,63.219138],[-30.793125,63.21991],[-30.793815,63.220682],[-30.794506,63.221454],[-30.795198,63.222228],[-30.79589,63.223],[-30.796581,63.223773],[-30.797272,63.224545],[-30.797963,63.225317],[-30.798654,63.226089],[-30.799345,63.226862],[-30.800037,63.227635],[-30.800729,63.228408],[-30.80142,63.22918],[-30.802112,63.229952],[-30.802803,63.230725],[-30.803494,63.231497],[-30.804185,63.232269],[-30.804877,63.233041],[-30.805569,63.233814],[-30.80626,63.234587],[-30.806952,63.235359],[-30.807643,63.236132],[-30.808335,63.236904],[-30.809025,63.237676],[-30.809717,63.238448],[-30.810409,63.239221],[-30.811101,63.239994],[-30.811792,63.240766],[-30.812484,63.241539],[-30.813175,63.242311],[-30.813866,63.243083],[-30.814558,63.243855],[-30.81525,63.244629],[-30.815942,63.245401],[-30.816633,63.246173],[-30.817325,63.246946],[-30.818017,63.247718],[-30.818708,63.248491],[-30.819399,63.249263],[-30.820091,63.250035],[-30.820783,63.250808],[-30.821476,63.251581],[-30.822167,63.252353],[-30.822859,63.253126],[-30.82355,63.253898],[-30.824242,63.25467],[-30.824933,63.255442],[-30.825626,63.256215],[-30.826318,63.256988],[-30.827009,63.25776],[-30.827701,63.258533],[-30.828393,63.259305],[-30.829085,63.260077],[-30.829776,63.260849],[-30.830468,63.261622],[-30.831161,63.262395],[-30.831852,63.263167],[-30.832544,63.26394],[-30.833236,63.264712],[-30.833928,63.265485],[-30.83462,63.266256],[-30.835312,63.267029],[-30.836004,63.267802],[-30.836696,63.268574],[-30.837388,63.269347],[-30.83808,63.270119],[-30.838772,63.270892],[-30.839464,63.271664],[-30.840156,63.272436],[-30.840848,63.273209],[-30.84154,63.273981],[-30.842232,63.274754],[-30.842925,63.275526],[-30.843617,63.276299],[-30.844309,63.277071],[-30.845,63.277843],[-30.845692,63.278615],[-30.846385,63.279389],[-30.847077,63.280161],[-30.84777,63.280933],[-30.848462,63.281706],[-30.849154,63.282478],[-30.849847,63.283251],[-30.850538,63.284023],[-30.85123,63.284795],[-30.851923,63.285568],[-30.852615,63.286341],[-30.853307,63.287113],[-30.854,63.287885],[-30.854692,63.288658],[-30.855384,63.28943],[-30.856076,63.290202],[-30.856769,63.290975],[-30.857461,63.291748],[-30.858154,63.29252],[-30.858846,63.293292],[-30.859526,63.294051],[-30.863933,63.299058],[-30.864602,63.299792],[-30.865293,63.300554],[-30.865955,63.301283],[-30.866605,63.301999],[-30.867925,63.303458],[-30.863333,63.313333],[-30.86017,63.320183],[-30.581667,63.923333],[-29.856667,65.216667],[-28.978333,66.211667],[-27.765,66.64],[-26.995,66.955],[-26.556667,67.065],[-25.6,67.381667],[-24.441667,67.63],[-23.36,67.825],[-21.75,68.136667],[-20.0,68.408333],[-17.336667,68.763333],[-15.751667,69.05],[-15.355,69.085],[-13.56,69.356667],[-13.377515,69.497678],[-13.266667,69.583333],[-13.629556,69.909556],[-13.185942,70.923392],[-12.767028,71.880778],[-11.474639,72.822833],[-5.023752,74.359203],[-5.007694,74.363028],[-4.972303,74.360154],[-4.908798,74.354899],[-4.845442,74.349534],[-4.782236,74.344058],[-4.719184,74.338472],[-4.656289,74.332777],[-4.593554,74.326972],[-4.530981,74.321058],[-4.468574,74.315035],[-4.406335,74.308904],[-4.344267,74.302664],[-4.282373,74.296316],[-4.220655,74.289861],[-4.159117,74.283298],[-4.097761,74.276628],[-4.03659,74.269852],[-3.975606,74.262969],[-3.914813,74.25598],[-3.854212,74.248885],[-3.793806,74.241686],[-3.733599,74.234381],[-3.673592,74.226971],[-3.613788,74.219457],[-3.554191,74.21184],[-3.494801,74.204119],[-3.435622,74.196294],[-3.376657,74.188367],[-3.317907,74.180338],[-3.259375,74.172206],[-3.201064,74.163973],[-3.142975,74.155638],[-3.085113,74.147203],[-3.027477,74.138667],[-2.970072,74.130032],[-2.912899,74.121296],[-2.855961,74.112462],[-2.799259,74.103528],[-2.742796,74.094497],[-2.686575,74.085367],[-2.630597,74.07614],[-2.574865,74.066816],[-2.519381,74.057395],[-2.464146,74.047878],[-2.409163,74.038265],[-2.354435,74.028557],[-2.299962,74.018754],[-2.245748,74.008856],[-2.191793,73.998865],[-2.138101,73.98878],[-2.084673,73.978602],[-2.03151,73.968332],[-1.978615,73.95797],[-1.92599,73.947516],[-1.873637,73.93697],[-1.821557,73.926335],[-1.769752,73.915609],[-1.718224,73.904793],[-1.666974,73.893888],[-1.616005,73.882895],[-1.565318,73.871813],[-1.514915,73.860644],[-1.464797,73.849387],[-1.414966,73.838044],[-1.365424,73.826615],[-1.316172,73.8151],[-1.267211,73.8035],[-1.218544,73.791815],[-1.170172,73.780046],[-1.122096,73.768193],[-1.074318,73.756258],[-1.026838,73.744239],[-0.97966,73.732139],[-0.932783,73.719958],[-0.886209,73.707695],[-0.839941,73.695352],[-0.793977,73.682929],[-0.748322,73.670427],[-0.702974,73.657846],[-0.657936,73.645186],[-0.613209,73.632449],[-0.568794,73.619635],[-0.524692,73.606744],[-0.480905,73.593777],[-0.437433,73.580735],[-0.394277,73.567617],[-0.35144,73.554425],[-0.30892,73.54116],[-0.266721,73.527821],[-0.224842,73.514409],[-0.183284,73.500925],[-0.142049,73.487369],[-0.101138,73.473743],[-0.060551,73.460046],[-0.020289,73.446279],[-1.1e-05,73.439253],[0.0,73.439249],[1.1e-05,73.439245],[0.019647,73.432442],[0.059256,73.418537],[0.098537,73.404564],[0.137489,73.390523],[0.176113,73.376415],[0.214406,73.362241],[0.252369,73.348001],[0.29,73.333695],[0.327299,73.319324],[0.364265,73.30489],[0.400898,73.290392],[0.437197,73.275831],[0.473162,73.261207],[0.508791,73.246522],[0.544085,73.231775],[0.579042,73.216968],[0.613663,73.202101],[0.647946,73.187174],[0.681892,73.172188],[0.7155,73.157144],[0.748769,73.142042],[0.7817,73.126883],[0.814291,73.111668],[0.846542,73.096397],[0.878454,73.08107],[0.910025,73.065688],[0.941256,73.050252],[0.972145,73.034763],[1.002694,73.019221],[1.032901,73.003626],[1.062127,72.988317],[1.068019,72.985208],[1.097539,72.969511],[1.126718,72.953763],[1.155555,72.937965],[1.18405,72.922117],[1.212202,72.906221],[1.240012,72.890276],[1.267479,72.874284],[1.294603,72.858244],[1.321385,72.842158],[1.347824,72.826027],[1.37392,72.80985],[1.399673,72.793628],[1.425084,72.777362],[1.450151,72.761053],[1.474876,72.744701],[1.499258,72.728306],[1.523298,72.71187],[1.546995,72.695392],[1.57035,72.678875],[1.593362,72.662317],[1.616032,72.64572],[1.638361,72.629084],[1.660347,72.612409],[1.681992,72.595698],[1.703295,72.578949],[1.724257,72.562164],[1.744878,72.545343],[1.765158,72.528487],[1.785097,72.511596],[1.804696,72.494671],[1.823956,72.477713],[1.842875,72.460722],[1.861455,72.443698],[1.873153,72.432767],[1.879696,72.426643],[1.897599,72.409557],[1.899319,72.407896],[1.911639,72.395983],[1.929148,72.378862],[1.946319,72.361711],[1.963152,72.344531],[1.979649,72.327323],[1.995809,72.310086],[2.011633,72.292822],[2.027121,72.27553],[2.042273,72.258213],[2.057091,72.240869],[2.071575,72.2235],[2.085724,72.206107],[2.099541,72.188689],[2.113024,72.171248],[2.126174,72.153784],[2.138993,72.136298],[2.15148,72.11879],[2.163637,72.101261],[2.175463,72.083711],[2.186959,72.066141],[2.198126,72.048551],[2.208965,72.030942],[2.219475,72.013315],[2.229658,71.995671],[2.239515,71.978009],[2.249044,71.96033],[2.258249,71.942635],[2.267128,71.924925],[2.275683,71.907199],[2.283915,71.889459],[2.291823,71.871705],[2.299409,71.853938],[2.306674,71.836158],[2.313617,71.818366],[2.32024,71.800562],[2.326544,71.782747],[2.332529,71.764921],[2.338195,71.747086],[2.343545,71.72924],[2.348577,71.711386],[2.353294,71.693524],[2.357695,71.675653],[2.361782,71.657775],[2.365556,71.639891],[2.369016,71.622],[2.372165,71.604103],[2.375002,71.586202],[2.377528,71.568295],[2.379745,71.550385],[2.381653,71.532471],[2.383253,71.514554],[2.384545,71.496634],[2.385531,71.478712],[2.386211,71.460789],[2.386587,71.442865],[2.386658,71.424941],[2.386427,71.407016],[2.385893,71.389093],[2.385058,71.37117],[2.383922,71.353249],[2.382486,71.335331],[2.380752,71.317415],[2.378719,71.299502],[2.37639,71.281593],[2.373764,71.263688],[2.370843,71.245787],[2.367628,71.227893],[2.364119,71.210003],[2.360318,71.19212],[2.356225,71.174244],[2.351841,71.156375],[2.347167,71.138514],[2.342204,71.120661],[2.336954,71.102817],[2.331416,71.084982],[2.325592,71.067157],[2.319483,71.049342],[2.31309,71.031538],[2.306413,71.013744],[2.299454,70.995963],[2.292214,70.978194],[2.284693,70.960437],[2.276892,70.942694],[2.268813,70.924964],[2.260457,70.907248],[2.251823,70.889547],[2.242915,70.871861],[2.233731,70.854191],[2.224274,70.836536],[2.214544,70.818898],[2.204542,70.801277],[2.19427,70.783673],[2.183727,70.766087],[2.177469,70.755922],[2.172916,70.74852],[2.161837,70.730971],[2.150491,70.713441],[2.13888,70.695931],[2.127003,70.678442],[2.114863,70.660973],[2.10246,70.643525],[2.089795,70.626098],[2.076869,70.608694],[2.063683,70.591312],[2.050239,70.573953],[2.036537,70.556617],[2.022578,70.539305],[2.008363,70.522017],[1.993893,70.504754],[1.97917,70.487516],[1.964193,70.470304],[1.948965,70.453117],[1.933487,70.435957],[1.917758,70.418824],[1.901781,70.401717],[1.901539,70.401464],[1.885556,70.384639],[1.869085,70.367589],[1.852368,70.350567],[1.835406,70.333574],[1.827665,70.325909],[1.81227,70.30875],[1.796626,70.291617],[1.780735,70.274512],[1.764598,70.257435],[1.748215,70.240386],[1.731588,70.223366],[1.714718,70.206374],[1.697606,70.189412],[1.680252,70.17248],[1.662659,70.155578],[1.644826,70.138706],[1.626755,70.121866],[1.608446,70.105057],[1.589902,70.08828],[1.571123,70.071536],[1.552109,70.054824],[1.532862,70.038145],[1.513384,70.0215],[1.493674,70.004889],[1.473734,69.988312],[1.453566,69.97177],[1.433169,69.955263],[1.412546,69.938792],[1.391696,69.922357],[1.370622,69.905958],[1.349323,69.889595],[1.327802,69.87327],[1.306059,69.856983],[1.284096,69.840733],[1.261912,69.824521],[1.23951,69.808348],[1.21689,69.792215],[1.194053,69.77612],[1.171001,69.760066],[1.147734,69.744051],[1.124254,69.728077],[1.10056,69.712144],[1.076655,69.696253],[1.05254,69.680403],[1.028215,69.664595],[1.003682,69.648829],[0.978941,69.633107],[0.953993,69.617427],[0.92884,69.601791],[0.903483,69.586199],[0.877922,69.570651],[0.852159,69.555147],[0.826195,69.539688],[0.80003,69.524275],[0.773666,69.508907],[0.747103,69.493586],[0.720343,69.47831],[0.693387,69.463081],[0.666235,69.4479],[0.63889,69.432765],[0.611351,69.417678],[0.583619,69.40264],[0.555697,69.387649],[0.527584,69.372708],[0.499282,69.357815],[0.470792,69.342972],[0.442115,69.328178],[0.413252,69.313435],[0.384203,69.298742],[0.35497,69.284099],[0.325554,69.269508],[0.295956,69.254967],[0.266177,69.240479],[0.236218,69.226042],[0.206079,69.211658],[0.175763,69.197326],[0.145269,69.183047],[0.114599,69.168822],[0.106624,69.165145],[0.102234,69.163123],[0.07135,69.148964],[0.040292,69.134859],[0.00906,69.120808],[1.1e-05,69.116775],[0.0,69.11677],[-1.1e-05,69.116765],[-0.022343,69.106812],[-0.053917,69.09287],[-0.08566,69.078984],[-0.117573,69.065153],[-0.149654,69.051378],[-0.181902,69.037659],[-0.214315,69.023996],[-0.246894,69.01039],[-0.279636,68.99684],[-0.312542,68.983348],[-0.345609,68.969913],[-0.378838,68.956537],[-0.412226,68.943218],[-0.445773,68.929957],[-0.479479,68.916755],[-0.513342,68.903612],[-0.54736,68.890528],[-0.581534,68.877504],[-0.615862,68.864539],[-0.650343,68.851634],[-0.684977,68.83879],[-0.719761,68.826006],[-0.754696,68.813283],[-0.78978,68.800621],[-0.825012,68.78802],[-0.860392,68.775481],[-0.895918,68.763004],[-0.931589,68.750589],[-0.967405,68.738236],[-1.003365,68.725946],[-1.039466,68.713719],[-1.07571,68.701555],[-1.112094,68.689454],[-1.148617,68.677417],[-1.18528,68.665444],[-1.22208,68.653535],[-1.259016,68.64169],[-1.296089,68.62991],[-1.333296,68.618195],[-1.370637,68.606545],[-1.408112,68.59496],[-1.445718,68.583441],[-1.483455,68.571987],[-1.521322,68.5606],[-1.559319,68.549279],[-1.597443,68.538025],[-1.635695,68.526837],[-1.637415,68.526336],[-1.645723,68.523918],[-1.684098,68.512798],[-1.722599,68.501746],[-1.761224,68.490761],[-1.799973,68.479843],[-1.838844,68.468994],[-1.877837,68.458212],[-1.916951,68.447499],[-1.956184,68.436854],[-1.995536,68.426278],[-2.008065,68.422932],[-2.01847,68.420157],[-2.057967,68.409669],[-2.097581,68.399251],[-2.137311,68.388902],[-2.177155,68.378622],[-2.217113,68.368413],[-2.257185,68.358273],[-2.297368,68.348204],[-2.337662,68.338205],[-2.378066,68.328277],[-2.41858,68.31842],[-2.459202,68.308633],[-2.499931,68.298918],[-2.540767,68.289274],[-2.581708,68.279702],[-2.622754,68.270202],[-2.663904,68.260774],[-2.705156,68.251418],[-2.74651,68.242134],[-2.787966,68.232923],[-2.829521,68.223784],[-2.871176,68.214718],[-2.912928,68.205726],[-2.954778,68.196807],[-2.996725,68.187961],[-3.033967,68.180185],[-3.068555,68.172992],[-3.110654,68.164276],[-3.152848,68.155634],[-3.195134,68.147066],[-3.237512,68.138572],[-3.279981,68.130153],[-3.322541,68.121808],[-3.36519,68.113538],[-3.407928,68.105343],[-3.450753,68.097223],[-3.493665,68.089178],[-3.536663,68.081209],[-3.579745,68.073315],[-3.622912,68.065496],[-3.666161,68.057754],[-3.709493,68.050087],[-3.752907,68.042497],[-3.7964,68.034983],[-3.839974,68.027545],[-3.883626,68.020184],[-3.927355,68.0129],[-3.971162,68.005692],[-3.997371,68.001423],[-4.034704,67.993654],[-4.076548,67.984986],[-4.118486,67.976392],[-4.160515,67.967872],[-4.202635,67.959427],[-4.244845,67.951056],[-4.287145,67.94276],[-4.329533,67.934539],[-4.372008,67.926393],[-4.41457,67.918322],[-4.457218,67.910327],[-4.499951,67.902407],[-4.542768,67.894563],[-4.585667,67.886795],[-4.628649,67.879103],[-4.671712,67.871487],[-4.714856,67.863947],[-4.758079,67.856484],[-4.801381,67.849097],[-4.84476,67.841788],[-4.888216,67.834555],[-4.931749,67.827399],[-4.975356,67.82032],[-5.019037,67.813319],[-5.062792,67.806395],[-5.106619,67.799549],[-5.150518,67.79278],[-5.194488,67.786089],[-5.238527,67.779476],[-5.282635,67.772942],[-5.326811,67.766485],[-5.371055,67.760107],[-5.415365,67.753807],[-5.45974,67.747586],[-5.50418,67.741444],[-5.548683,67.73538],[-5.593249,67.729396],[-5.637878,67.72349],[-5.672985,67.718906],[-5.71768,67.713096],[-5.762394,67.707319],[-5.807168,67.701622],[-5.852001,67.696004],[-5.896892,67.690466],[-5.941839,67.685007],[-5.986843,67.679629],[-6.031903,67.67433],[-6.077017,67.669111],[-6.122184,67.663972],[-6.167404,67.658913],[-6.212676,67.653935],[-6.257999,67.649037],[-6.303372,67.644219],[-6.348795,67.639482],[-6.394266,67.634826],[-6.439784,67.63025],[-6.485349,67.625755],[-6.53096,67.621341],[-6.576616,67.617008],[-6.622316,67.612757],[-6.632,67.611869],[-6.62646,67.605383],[-6.624996,67.60366],[-6.622081,67.600212],[-6.62063,67.598489],[-6.609071,67.58468],[-6.607635,67.582954],[-6.604773,67.5795],[-6.603349,67.577773],[-6.597677,67.570857],[-6.596267,67.569128],[-6.593458,67.565668],[-6.592061,67.563938],[-6.580929,67.550079],[-6.5806,67.549668],[-6.57994,67.548845],[-6.578559,67.547112],[-6.576465,67.544469],[-6.575421,67.543148],[-6.569963,67.536208],[-6.568606,67.534473],[-6.565904,67.531001],[-6.56456,67.529265],[-6.553856,67.515359],[-6.552526,67.513622],[-6.549878,67.510144],[-6.548561,67.508405],[-6.543317,67.501441],[-6.542013,67.499701],[-6.539417,67.496217],[-6.538127,67.494476],[-6.52785,67.480524],[-6.52731,67.479789],[-6.526231,67.478317],[-6.525693,67.477581],[-6.523542,67.474634],[-6.522276,67.472888],[-6.519756,67.469396],[-6.518503,67.467649],[-6.515622,67.463611],[-6.514904,67.462602],[-6.513473,67.460583],[-6.51276,67.459574],[-6.502909,67.445579],[-6.501686,67.44383],[-6.499251,67.44033],[-6.498041,67.43858],[-6.493222,67.431573],[-6.492025,67.429822],[-6.489642,67.426316],[-6.488458,67.424564],[-6.48,67.411983],[-6.479458,67.41125],[-6.479028,67.410668],[-6.478598,67.410087],[-6.478169,67.409507],[-6.477879,67.408805],[-6.477436,67.408236],[-6.476998,67.407663],[-6.476569,67.407082],[-6.476186,67.406513],[-6.475685,67.405949],[-6.475252,67.405372],[-6.474818,67.404794],[-6.474385,67.404216],[-6.473951,67.403638],[-6.473516,67.40306],[-6.473083,67.402482],[-6.472682,67.401878],[-6.472246,67.401302],[-6.471811,67.400726],[-6.471375,67.400149],[-6.470939,67.399573],[-6.470503,67.398996],[-6.470067,67.398419],[-6.469632,67.397844],[-6.469196,67.397267],[-6.46876,67.396691],[-6.468324,67.396115],[-6.467888,67.395538],[-6.467452,67.394961],[-6.467017,67.394386],[-6.466581,67.393809],[-6.466145,67.393233],[-6.465709,67.392657],[-6.465273,67.392079],[-6.464842,67.391479],[-6.463815,67.389948],[-6.462611,67.388257],[-6.462264,67.387779],[-6.461838,67.387192],[-6.461413,67.386604],[-6.460987,67.386018],[-6.460562,67.385431],[-6.460136,67.384844],[-6.459711,67.384256],[-6.459285,67.383669],[-6.458833,67.383101],[-6.458414,67.38251],[-6.457937,67.381905],[-6.457475,67.381274],[-6.4557,67.379114],[-6.452375,67.374656],[-6.450724,67.372426],[-6.450276,67.371818],[-6.449837,67.371222],[-6.449407,67.370636],[-6.448976,67.370051],[-6.448544,67.369465],[-6.448013,67.368742],[-6.447413,67.367926],[-6.446088,67.366114],[-6.44516,67.364837],[-6.441183,67.35956],[-6.440743,67.358967],[-6.440312,67.358386],[-6.439881,67.357804],[-6.43945,67.357223],[-6.43902,67.356643],[-6.438589,67.356062],[-6.438158,67.355481],[-6.437728,67.3549],[-6.437296,67.354318],[-6.436865,67.353737],[-6.436435,67.353156],[-6.436004,67.352575],[-6.435574,67.351995],[-6.435143,67.351414],[-6.434712,67.350833],[-6.434281,67.350251],[-6.43385,67.34967],[-6.433419,67.34909],[-6.432988,67.348509],[-6.432558,67.347928],[-6.432127,67.347347],[-6.431695,67.346765],[-6.431264,67.346184],[-6.430834,67.345604],[-6.430403,67.345023],[-6.429972,67.344442],[-6.429541,67.343861],[-6.42911,67.34328],[-6.428678,67.342698],[-6.428247,67.342117],[-6.427817,67.341537],[-6.427386,67.340956],[-6.426955,67.340375],[-6.426524,67.339794],[-6.426092,67.339213],[-6.425661,67.338632],[-6.425231,67.338051],[-6.4248,67.33747],[-6.424369,67.336889],[-6.423937,67.336308],[-6.423506,67.335727],[-6.423075,67.335146],[-6.422643,67.334565],[-6.422213,67.333984],[-6.421782,67.333403],[-6.42135,67.332823],[-6.420919,67.332241],[-6.420487,67.33166],[-6.420056,67.331079],[-6.419626,67.330498],[-6.419194,67.329917],[-6.418763,67.329336],[-6.418332,67.328755],[-6.4179,67.328174],[-6.417469,67.327593],[-6.417037,67.327012],[-6.416607,67.326431],[-6.416175,67.32585],[-6.415744,67.325269],[-6.415313,67.324688],[-6.414881,67.324107],[-6.414449,67.323526],[-6.414018,67.322945],[-6.413587,67.322364],[-6.413156,67.321783],[-6.412724,67.321202],[-6.412293,67.320621],[-6.411861,67.32004],[-6.411429,67.319458],[-6.410998,67.318878],[-6.410567,67.318297],[-6.410136,67.317716],[-6.409704,67.317135],[-6.409272,67.316553],[-6.40884,67.315972],[-6.408409,67.315391],[-6.407978,67.314811],[-6.407546,67.31423],[-6.407115,67.313649],[-6.406683,67.313067],[-6.406251,67.312486],[-6.40582,67.311906],[-6.405389,67.311325],[-6.404957,67.310744],[-6.404511,67.310144],[-6.403555,67.308852],[-6.40165,67.306267],[-6.400715,67.304993],[-6.398875,67.302481],[-6.397748,67.300986],[-6.395682,67.298231],[-6.394654,67.296854],[-6.390554,67.291342],[-6.389534,67.289964],[-6.387501,67.287206],[-6.386488,67.285827],[-6.386017,67.285183],[-6.385541,67.284531],[-6.383133,67.281355],[-6.380782,67.278223],[-6.380336,67.277624],[-6.379904,67.277043],[-6.379472,67.276462],[-6.379039,67.275881],[-6.378606,67.275299],[-6.378174,67.274718],[-6.377742,67.274138],[-6.37731,67.273557],[-6.376878,67.272976],[-6.376445,67.272394],[-6.376013,67.271813],[-6.37558,67.271232],[-6.375147,67.27065],[-6.374715,67.27007],[-6.374265,67.269464],[-6.373315,67.268183],[-6.371423,67.26562],[-6.370477,67.264335],[-6.368722,67.261938],[-6.367757,67.260652],[-6.366881,67.25948],[-6.359912,67.250118],[-6.359042,67.248945],[-6.358303,67.247944],[-6.356711,67.245843],[-6.355692,67.244492],[-6.353672,67.241803],[-6.352666,67.240459],[-6.352215,67.239853],[-6.351782,67.239272],[-6.351349,67.238691],[-6.350916,67.23811],[-6.350482,67.237528],[-6.350049,67.236946],[-6.349617,67.236366],[-6.349184,67.235785],[-6.348751,67.235204],[-6.348318,67.234623],[-6.347884,67.234041],[-6.347451,67.23346],[-6.347018,67.232879],[-6.346585,67.232298],[-6.346152,67.231717],[-6.345719,67.231136],[-6.345286,67.230555],[-6.344852,67.229973],[-6.344419,67.229392],[-6.343986,67.228811],[-6.343553,67.22823],[-6.34312,67.227649],[-6.342687,67.227068],[-6.342253,67.226486],[-6.341819,67.225905],[-6.341387,67.225325],[-6.340954,67.224743],[-6.34052,67.224162],[-6.340087,67.223581],[-6.339649,67.222994],[-6.339047,67.221932],[-6.337738,67.220239],[-6.337372,67.219759],[-6.336403,67.218484],[-6.335961,67.217899],[-6.335521,67.217319],[-6.335083,67.216739],[-6.334644,67.216161],[-6.334206,67.215581],[-6.333767,67.215002],[-6.333328,67.214422],[-6.332889,67.213842],[-6.33245,67.213262],[-6.332012,67.212683],[-6.331573,67.212104],[-6.331134,67.211524],[-6.330695,67.210945],[-6.330257,67.210365],[-6.329807,67.209771],[-6.329354,67.209172],[-6.325146,67.20352],[-6.3247,67.202911],[-6.324258,67.202307],[-6.323828,67.20172],[-6.323398,67.201132],[-6.322968,67.200544],[-6.322539,67.199958],[-6.32211,67.199372],[-6.321681,67.198785],[-6.321251,67.198198],[-6.320822,67.197611],[-6.320392,67.197024],[-6.319962,67.196437],[-6.319532,67.19585],[-6.319156,67.195335],[-6.315375,67.190461],[-6.314936,67.189874],[-6.314502,67.189292],[-6.314068,67.18871],[-6.313634,67.188129],[-6.313201,67.187549],[-6.312766,67.186968],[-6.312332,67.186386],[-6.311898,67.185805],[-6.311464,67.185224],[-6.31103,67.184642],[-6.310596,67.184061],[-6.310162,67.18348],[-6.309728,67.182899],[-6.309294,67.182318],[-6.30886,67.181737],[-6.308425,67.181155],[-6.307991,67.180574],[-6.307558,67.179993],[-6.307123,67.179412],[-6.306689,67.178831],[-6.306255,67.17825],[-6.305821,67.177668],[-6.305386,67.177086],[-6.304952,67.176505],[-6.304518,67.175925],[-6.304084,67.175344],[-6.30365,67.174762],[-6.303216,67.174181],[-6.302781,67.173599],[-6.302346,67.173018],[-6.301913,67.172438],[-6.301479,67.171856],[-6.301044,67.171275],[-6.30061,67.170694],[-6.300176,67.170113],[-6.299741,67.169531],[-6.299306,67.168949],[-6.298873,67.168369],[-6.298438,67.167788],[-6.298003,67.167206],[-6.297569,67.166625],[-6.297134,67.166043],[-6.2967,67.165462],[-6.296266,67.164882],[-6.295832,67.164301],[-6.295397,67.163719],[-6.294963,67.163138],[-6.294528,67.162557],[-6.294093,67.161975],[-6.293659,67.161394],[-6.293225,67.160813],[-6.29279,67.160232],[-6.292356,67.159651],[-6.291921,67.15907],[-6.291486,67.158488],[-6.291052,67.157906],[-6.290618,67.157326],[-6.290183,67.156745],[-6.289748,67.156163],[-6.289314,67.155582],[-6.288879,67.155],[-6.288444,67.154419],[-6.28801,67.153838],[-6.287575,67.153257],[-6.287141,67.152676],[-6.286706,67.152095],[-6.286271,67.151513],[-6.285836,67.150931],[-6.285401,67.15035],[-6.284967,67.14977],[-6.284533,67.149189],[-6.284098,67.148607],[-6.283663,67.148026],[-6.283228,67.147444],[-6.282793,67.146863],[-6.282359,67.146282],[-6.281924,67.145701],[-6.281489,67.14512],[-6.281054,67.144539],[-6.28062,67.143957],[-6.280184,67.143375],[-6.279749,67.142794],[-6.279315,67.142214],[-6.27888,67.141632],[-6.278445,67.141051],[-6.278001,67.140457],[-6.276986,67.138913],[-6.2758,67.137307],[-6.275233,67.136563],[-6.27479,67.135984],[-6.274349,67.135406],[-6.273906,67.134826],[-6.273464,67.134247],[-6.273022,67.133668],[-6.27258,67.133089],[-6.272138,67.13251],[-6.271696,67.131931],[-6.271253,67.13135],[-6.270785,67.130738],[-6.270308,67.130114],[-6.268381,67.12757],[-6.264553,67.122479],[-6.262653,67.119932],[-6.262197,67.119316],[-6.261749,67.118711],[-6.261314,67.118124],[-6.260881,67.117538],[-6.260446,67.116952],[-6.260012,67.116365],[-6.259579,67.11578],[-6.259145,67.115194],[-6.258711,67.114608],[-6.258294,67.114045],[-6.257353,67.112821],[-6.254084,67.108512],[-6.253639,67.107919],[-6.253203,67.107337],[-6.252768,67.106756],[-6.252332,67.106175],[-6.252034,67.105473],[-6.251591,67.104899],[-6.251155,67.10432],[-6.250694,67.10376],[-6.250261,67.103178],[-6.249804,67.102614],[-6.249494,67.102159],[-6.248947,67.101445],[-6.248507,67.100869],[-6.248066,67.100292],[-6.247626,67.099714],[-6.247185,67.099137],[-6.246744,67.098559],[-6.246303,67.097981],[-6.245862,67.097404],[-6.245422,67.096827],[-6.244981,67.09625],[-6.244541,67.095672],[-6.2441,67.095095],[-6.243659,67.094517],[-6.243218,67.093939],[-6.242778,67.093363],[-6.242336,67.092784],[-6.241895,67.092207],[-6.241455,67.09163],[-6.241014,67.091053],[-6.240573,67.090475],[-6.240132,67.089897],[-6.239701,67.089313],[-6.23927,67.088729],[-6.238839,67.088144],[-6.238408,67.087559],[-6.237976,67.086974],[-6.237544,67.086389],[-6.237114,67.085805],[-6.236682,67.085221],[-6.236251,67.084636],[-6.235819,67.084051],[-6.235388,67.083467],[-6.234956,67.082881],[-6.234525,67.082297],[-6.234094,67.081713],[-6.233663,67.081128],[-6.233231,67.080543],[-6.2328,67.079959],[-6.232265,67.079234],[-6.231943,67.078788],[-6.231485,67.078196],[-6.230084,67.076195],[-6.227029,67.072369],[-6.225946,67.070902],[-6.225425,67.07022],[-6.224336,67.068787],[-6.222167,67.06592],[-6.221087,67.064486],[-6.216783,67.058749],[-6.215712,67.057314],[-6.213578,67.054443],[-6.212515,67.053007],[-6.212213,67.052598],[-6.209868,67.049534],[-6.207427,67.046315],[-6.206976,67.045715],[-6.206539,67.045133],[-6.206103,67.044553],[-6.205666,67.043971],[-6.20523,67.04339],[-6.204793,67.042808],[-6.204356,67.042227],[-6.203919,67.041645],[-6.203482,67.041063],[-6.203046,67.040483],[-6.202609,67.039902],[-6.202172,67.03932],[-6.201735,67.038739],[-6.201298,67.038157],[-6.200861,67.037575],[-6.200406,67.03697],[-6.199262,67.03544],[-6.196983,67.032379],[-6.195834,67.030828],[-6.195164,67.02992],[-6.193628,67.027888],[-6.19279,67.026775],[-6.185827,67.0175],[-6.184432,67.015674],[-6.183397,67.014316],[-6.181354,67.011622],[-6.180337,67.010275],[-6.179881,67.009669],[-6.179444,67.009087],[-6.179006,67.008506],[-6.178568,67.007923],[-6.178131,67.007342],[-6.177694,67.006761],[-6.177257,67.00618],[-6.176819,67.005598],[-6.176382,67.005017],[-6.175944,67.004436],[-6.175506,67.003853],[-6.175069,67.003272],[-6.174632,67.002691],[-6.174194,67.00211],[-6.173757,67.001528],[-6.173319,67.000947],[-6.172881,67.000365],[-6.172444,66.999783],[-6.172007,66.999203],[-6.171569,66.998621],[-6.171132,66.99804],[-6.170694,66.997458],[-6.170256,66.996877],[-6.169818,66.996295],[-6.169381,66.995713],[-6.168944,66.995133],[-6.168506,66.994551],[-6.168068,66.99397],[-6.167631,66.993388],[-6.167192,66.992806],[-6.166755,66.992225],[-6.166318,66.991644],[-6.16588,66.991062],[-6.165442,66.990481],[-6.165004,66.9899],[-6.164566,66.989317],[-6.164128,66.988736],[-6.163691,66.988155],[-6.163253,66.987574],[-6.162816,66.986992],[-6.162378,66.986411],[-6.16194,66.985829],[-6.161502,66.985247],[-6.161064,66.984666],[-6.160627,66.984085],[-6.160189,66.983504],[-6.159751,66.982922],[-6.159313,66.982341],[-6.158875,66.981758],[-6.158437,66.981177],[-6.157999,66.980595],[-6.157561,66.980014],[-6.157124,66.979433],[-6.156686,66.978852],[-6.156248,66.97827],[-6.155809,66.977688],[-6.155371,66.977107],[-6.154934,66.976526],[-6.154496,66.975944],[-6.154058,66.975363],[-6.15362,66.974782],[-6.153181,66.974199],[-6.152743,66.973618],[-6.152306,66.973037],[-6.151868,66.972456],[-6.15143,66.971874],[-6.150992,66.971293],[-6.150553,66.970711],[-6.150115,66.970129],[-6.149677,66.969547],[-6.149239,66.968967],[-6.148801,66.968385],[-6.148363,66.967804],[-6.147925,66.967222],[-6.147486,66.96664],[-6.147048,66.966059],[-6.14661,66.965478],[-6.146172,66.964896],[-6.145734,66.964315],[-6.145296,66.963733],[-6.144857,66.963152],[-6.144419,66.96257],[-6.14398,66.961988],[-6.143543,66.961407],[-6.143104,66.960826],[-6.142666,66.960245],[-6.142228,66.959663],[-6.141789,66.959081],[-6.141351,66.958499],[-6.140913,66.957919],[-6.140475,66.957337],[-6.140036,66.956756],[-6.139598,66.956174],[-6.13916,66.955593],[-6.138721,66.95501],[-6.138282,66.954429],[-6.137844,66.953848],[-6.137406,66.953267],[-6.136963,66.952679],[-6.136189,66.951403],[-6.135698,66.950777],[-6.13531,66.950282],[-6.131181,66.944942],[-6.13077,66.944403],[-6.13035,66.943851],[-6.129907,66.94327],[-6.129465,66.942689],[-6.129022,66.942108],[-6.128579,66.941526],[-6.128137,66.940945],[-6.127695,66.940365],[-6.127253,66.939784],[-6.126803,66.939194],[-6.12635,66.938599],[-6.122655,66.933677],[-6.122203,66.933066],[-6.121756,66.932461],[-6.121322,66.931874],[-6.120887,66.931287],[-6.120453,66.9307],[-6.120018,66.930112],[-6.119584,66.929525],[-6.119149,66.928937],[-6.118714,66.928349],[-6.11828,66.927763],[-6.117846,66.927176],[-6.117411,66.926588],[-6.116903,66.925901],[-6.112404,66.920126],[-6.11196,66.919538],[-6.111521,66.918957],[-6.111082,66.918375],[-6.110643,66.917794],[-6.110203,66.917211],[-6.109764,66.91663],[-6.109326,66.916049],[-6.108887,66.915468],[-6.108447,66.914886],[-6.108008,66.914304],[-6.107569,66.913722],[-6.107129,66.91314],[-6.106691,66.91256],[-6.106252,66.911978],[-6.105813,66.911397],[-6.105373,66.910815],[-6.104933,66.910233],[-6.104494,66.909651],[-6.104056,66.90907],[-6.103616,66.908489],[-6.103177,66.907907],[-6.102738,66.907326],[-6.102299,66.906744],[-6.101859,66.906162],[-6.101419,66.905579],[-6.100981,66.904999],[-6.100542,66.904418],[-6.100102,66.903836],[-6.099663,66.903255],[-6.099223,66.902672],[-6.098784,66.902091],[-6.098345,66.90151],[-6.097905,66.900929],[-6.097466,66.900347],[-6.097027,66.899765],[-6.096587,66.899184],[-6.096147,66.898602],[-6.095708,66.89802],[-6.095269,66.897439],[-6.09483,66.896858],[-6.09439,66.896276],[-6.093951,66.895694],[-6.09351,66.895112],[-6.093071,66.89453],[-6.092632,66.89395],[-6.092193,66.893368],[-6.091753,66.892787],[-6.091314,66.892205],[-6.090874,66.891623],[-6.090425,66.891029],[-6.089218,66.889205],[-6.088815,66.888681],[-6.088368,66.888102],[-6.087922,66.887522],[-6.087475,66.886943],[-6.087028,66.886363],[-6.086581,66.885783],[-6.086135,66.885204],[-6.085689,66.884624],[-6.085242,66.884045],[-6.084796,66.883465],[-6.084349,66.882885],[-6.083902,66.882305],[-6.083455,66.881725],[-6.082984,66.881114],[-6.082503,66.88049],[-6.080321,66.877635],[-6.075992,66.871921],[-6.073844,66.869062],[-6.073379,66.868437],[-6.072922,66.867824],[-6.072484,66.867236],[-6.072047,66.866648],[-6.07161,66.866061],[-6.071228,66.86555],[-6.067905,66.861228],[-6.065812,66.858485],[-6.065362,66.85789],[-6.064921,66.857308],[-6.064481,66.856726],[-6.064041,66.856146],[-6.063601,66.855564],[-6.063161,66.854982],[-6.062721,66.854401],[-6.062281,66.853819],[-6.06184,66.853237],[-6.061399,66.852655],[-6.06096,66.852074],[-6.06052,66.851493],[-6.060079,66.850911],[-6.059639,66.850329],[-6.059198,66.849747],[-6.058758,66.849165],[-6.058318,66.848584],[-6.057878,66.848003],[-6.057437,66.847421],[-6.056997,66.846839],[-6.056542,66.846239],[-6.054564,66.843606],[-6.051334,66.839275],[-6.050812,66.838596],[-6.050321,66.837958],[-6.04918,66.836469],[-6.046906,66.83349],[-6.045774,66.832],[-6.041265,66.826037],[-6.040143,66.824546],[-6.037907,66.821563],[-6.037374,66.820847],[-6.033779,66.816174],[-6.031892,66.813703],[-6.031438,66.813103],[-6.030996,66.812521],[-6.030555,66.811939],[-6.030114,66.811357],[-6.029673,66.810776],[-6.029232,66.810195],[-6.028791,66.809613],[-6.02835,66.809031],[-6.027908,66.808448],[-6.027448,66.807842],[-6.026211,66.806203],[-6.023749,66.802923],[-6.02251,66.801265],[-6.021443,66.79983],[-6.02063,66.798772],[-6.019705,66.797562],[-6.017871,66.795157],[-6.016957,66.793954],[-6.010148,66.784954],[-6.00798,66.782142],[-6.007004,66.780871],[-6.005062,66.778332],[-6.004094,66.777062],[-6.003634,66.776456],[-6.003192,66.775874],[-6.002751,66.775292],[-6.002309,66.77471],[-6.001867,66.774128],[-6.001425,66.773546],[-6.000984,66.772965],[-6.000542,66.772383],[-6.0001,66.771802],[-5.999799,66.771101],[-5.999362,66.770515],[-5.998901,66.769949],[-5.998472,66.76936],[-5.998015,66.768791],[-5.997557,66.768223],[-5.997132,66.767628],[-5.996679,66.767056],[-5.996224,66.766483],[-5.99577,66.765912],[-5.995316,66.765341],[-5.994894,66.764744],[-5.994444,66.764169],[-5.993994,66.763594],[-5.993544,66.763017],[-5.993094,66.762442],[-5.992645,66.761868],[-5.992195,66.761292],[-5.991745,66.760717],[-5.991295,66.760142],[-5.990845,66.759566],[-5.990395,66.75899],[-5.989945,66.758415],[-5.989496,66.75784],[-5.989058,66.757254],[-5.98862,66.756669],[-5.988184,66.756084],[-5.987746,66.755498],[-5.987308,66.754913],[-5.986872,66.754329],[-5.986434,66.753743],[-5.985997,66.753158],[-5.98556,66.752573],[-5.985122,66.751987],[-5.984684,66.751402],[-5.984248,66.750817],[-5.98381,66.750232],[-5.983373,66.749647],[-5.982935,66.749061],[-5.982498,66.748476],[-5.98206,66.74789],[-5.981623,66.747305],[-5.981111,66.74662],[-5.980757,66.746134],[-5.980303,66.745561],[-5.979883,66.744964],[-5.979377,66.744344],[-5.97678,66.741385],[-5.975357,66.739664],[-5.964018,66.725876],[-5.962609,66.724154],[-5.959801,66.720705],[-5.958404,66.718981],[-5.952838,66.712075],[-5.951454,66.710349],[-5.948697,66.706894],[-5.947325,66.705167],[-5.936398,66.69133],[-5.935311,66.689947],[-5.933143,66.687179],[-5.931794,66.685448],[-5.931123,66.684582],[-5.925629,66.677479],[-5.924296,66.675747],[-5.921641,66.67228],[-5.920321,66.670547],[-5.909804,66.656661],[-5.908498,66.654926],[-5.905896,66.651454],[-5.904601,66.649717],[-5.899446,66.642763],[-5.898164,66.641025],[-5.895613,66.637546],[-5.894344,66.635807],[-5.884238,66.621876],[-5.883474,66.620819],[-5.88195,66.618703],[-5.88119,66.617645],[-5.878159,66.613409],[-5.876918,66.611666],[-5.874449,66.608177],[-5.87322,66.606432],[-5.871302,66.603692],[-5.870823,66.603007],[-5.869869,66.601638],[-5.869393,66.600954],[-5.859697,66.586978],[-5.858493,66.585232],[-5.856096,66.581736],[-5.854904,66.579988],[-5.850159,66.57299],[-5.84898,66.571241],[-5.846633,66.56774],[-5.845467,66.56599],[-5.836181,66.551972],[-5.835716,66.551269],[-5.834788,66.549861],[-5.834326,66.549157],[-5.832477,66.546339],[-5.832016,66.545634],[-5.831096,66.544225],[-5.830637,66.543521],[-5.826972,66.537879],[-5.825839,66.536124],[-5.823584,66.532613],[-5.822464,66.530857],[-5.818005,66.523829],[-5.816897,66.522073],[-5.814694,66.518557],[-5.813599,66.516799],[-5.808387,66.508381],[-5.807739,66.50733],[-5.806446,66.505226],[-5.805802,66.504174],[-5.803233,66.499962],[-5.802594,66.49891],[-5.801319,66.496805],[-5.800684,66.495753],[-5.792216,66.481654],[-5.791165,66.479893],[-5.789075,66.476367],[-5.788036,66.474604],[-5.783905,66.467547],[-5.782879,66.465782],[-5.780839,66.462252],[-5.779825,66.460487],[-5.771765,66.446352],[-5.770765,66.444586],[-5.768777,66.441051],[-5.767789,66.439284],[-5.763861,66.432208],[-5.762886,66.430439],[-5.760948,66.4269],[-5.759986,66.425131],[-5.752333,66.41096],[-5.751384,66.40919],[-5.749497,66.405646],[-5.74856,66.403875],[-5.744836,66.396781],[-5.743911,66.395009],[-5.742075,66.391461],[-5.741163,66.389688],[-5.733917,66.375483],[-5.733019,66.373709],[-5.731234,66.370157],[-5.730347,66.368381],[-5.726826,66.361272],[-5.725953,66.359495],[-5.724218,66.355939],[-5.723357,66.354162],[-5.716516,66.339926],[-5.715669,66.338148],[-5.713985,66.334588],[-5.713149,66.332808],[-5.709831,66.325684],[-5.709008,66.323903],[-5.707374,66.32034],[-5.706564,66.318559],[-5.700129,66.304293],[-5.699331,66.302511],[-5.697749,66.298944],[-5.696964,66.29716],[-5.693847,66.290021],[-5.693075,66.288237],[-5.691542,66.284667],[-5.690782,66.282882],[-5.684751,66.268588],[-5.684004,66.266803],[-5.682522,66.263229],[-5.681788,66.261442],[-5.678873,66.254289],[-5.678151,66.252502],[-5.676719,66.248925],[-5.67601,66.247137],[-5.670382,66.232817],[-5.669685,66.231028],[-5.668304,66.227448],[-5.66762,66.225658],[-5.664907,66.218492],[-5.664235,66.216702],[-5.662874,66.213038],[-5.662244,66.211327],[-5.657018,66.196983],[-5.656372,66.195191],[-5.655091,66.191605],[-5.654457,66.189812],[-5.651944,66.182635],[-5.651323,66.180841],[-5.650092,66.177252],[-5.649483,66.175458],[-5.644657,66.161091],[-5.644061,66.159297],[-5.642881,66.155705],[-5.642297,66.153909],[-5.639984,66.146722],[-5.639413,66.144925],[-5.638282,66.141331],[-5.637723,66.139534],[-5.63325,66.124992],[-5.633013,66.124217],[-5.632468,66.122419],[-5.631577,66.119442],[-5.631136,66.117954],[-5.629023,66.110756],[-5.628502,66.108958],[-5.62747,66.105358],[-5.626961,66.10356],[-5.622935,66.089153],[-5.622438,66.087353],[-5.621457,66.083752],[-5.620972,66.081951],[-5.619059,66.074744],[-5.618587,66.072943],[-5.617655,66.06934],[-5.617195,66.067539],[-5.613566,66.053115],[-5.613387,66.052399],[-5.613031,66.050966],[-5.612854,66.05025],[-5.612148,66.047382],[-5.611711,66.045579],[-5.610848,66.041972],[-5.610423,66.040168],[-5.609414,66.035821],[-5.609164,66.034735],[-5.608668,66.032562],[-5.608423,66.031476],[-5.60519,66.017037],[-5.604792,66.015233],[-5.604009,66.011624],[-5.603624,66.009819],[-5.602107,66.002597],[-5.601734,66.000792],[-5.601,65.997181],[-5.600639,65.995376],[-5.597801,65.980923],[-5.597678,65.980292],[-5.597434,65.979029],[-5.597312,65.978398],[-5.596828,65.975869],[-5.596707,65.975237],[-5.596468,65.973973],[-5.59635,65.973341],[-5.595405,65.968281],[-5.595074,65.966474],[-5.594424,65.962859],[-5.594105,65.961052],[-5.592853,65.95382],[-5.592547,65.952013],[-5.591946,65.948397],[-5.591651,65.946589],[-5.590152,65.937185],[-5.589967,65.93601],[-5.589603,65.93366],[-5.589423,65.932485],[-5.588715,65.927782],[-5.588541,65.926607],[-5.588197,65.924257],[-5.588028,65.923082],[-5.585976,65.908607],[-5.585709,65.906667],[-5.585187,65.902786],[-5.584933,65.900846],[-5.583945,65.89308],[-5.583705,65.891139],[-5.58324,65.887256],[-5.583014,65.885316],[-5.581263,65.869778],[-5.581051,65.867837],[-5.580641,65.863954],[-5.580444,65.862012],[-5.57968,65.854242],[-5.579497,65.852301],[-5.579143,65.848416],[-5.578973,65.846475],[-5.577582,65.829875],[-5.577416,65.827802],[-5.5771,65.823653],[-5.57695,65.821579],[-5.576382,65.813278],[-5.576248,65.811204],[-5.575995,65.807054],[-5.575877,65.804981],[-5.574994,65.788375],[-5.574892,65.786301],[-5.574703,65.782151],[-5.574617,65.780076],[-5.574302,65.771773],[-5.574231,65.769698],[-5.574106,65.765548],[-5.574051,65.763473],[-5.573675,65.746864],[-5.573653,65.745828],[-5.573614,65.743753],[-5.573596,65.742716],[-5.573534,65.738565],[-5.57352,65.737528],[-5.573497,65.735452],[-5.573487,65.734415],[-5.573425,65.72611],[-5.573419,65.725073],[-5.573412,65.722997],[-5.57341,65.72196],[-5.57341,65.717807],[-5.573412,65.71677],[-5.57342,65.714693],[-5.573426,65.713656],[-5.57344,65.711926],[-5.573455,65.710451],[-5.573494,65.7075],[-5.573517,65.706025],[-5.573626,65.700123],[-5.573657,65.698648],[-5.573727,65.695698],[-5.573766,65.694224],[-5.573791,65.693364],[-5.573242,65.693333],[-5.564533,65.692833],[-5.56018,65.692581],[-5.542765,65.69156],[-5.538415,65.691302],[-5.529714,65.690781],[-5.525367,65.690518],[-5.490568,65.688389],[-5.486223,65.68812],[-5.477531,65.687576],[-5.474647,65.687394],[-5.473187,65.687302],[-5.455808,65.686193],[-5.451466,65.685913],[-5.442783,65.685348],[-5.438445,65.685063],[-5.415755,65.683557],[-5.403719,65.682758],[-5.399384,65.682467],[-5.390711,65.681879],[-5.386377,65.681583],[-5.369035,65.680386],[-5.364703,65.680085],[-5.35604,65.679476],[-5.351711,65.679169],[-5.317065,65.676688],[-5.31274,65.676375],[-5.304087,65.675744],[-5.299762,65.675426],[-5.282462,65.674141],[-5.28131,65.674056],[-5.278565,65.67385],[-5.270772,65.673262],[-5.266451,65.672934],[-5.265391,65.672853],[-5.230618,65.67018],[-5.229411,65.670087],[-5.226993,65.6699],[-5.225784,65.669807],[-5.220943,65.669431],[-5.219566,65.669323],[-5.216813,65.669108],[-5.215402,65.668998],[-5.21442,65.668921],[-5.203089,65.66803],[-5.198772,65.667688],[-5.190145,65.666999],[-5.185834,65.666652],[-5.16859,65.665252],[-5.164282,65.6649],[-5.155668,65.664189],[-5.151363,65.663832],[-5.127909,65.661867],[-5.124981,65.66162],[-5.119123,65.661124],[-5.116196,65.660875],[-5.104482,65.659873],[-5.101556,65.659621],[-5.095704,65.659115],[-5.092782,65.658861],[-5.058407,65.655856],[-5.054116,65.655478],[-5.045532,65.654716],[-5.041243,65.654333],[-5.024083,65.652787],[-5.019796,65.652398],[-5.011225,65.651615],[-5.006943,65.651221],[-4.97267,65.648042],[-4.968392,65.647642],[-4.959834,65.646837],[-4.955558,65.646432],[-4.93845,65.6448],[-4.934177,65.644389],[-4.925632,65.643563],[-4.921363,65.643147],[-4.887198,65.639795],[-4.882934,65.639374],[-4.874403,65.638525],[-4.87014,65.638099],[-4.853088,65.63638],[-4.848829,65.635948],[-4.840311,65.635078],[-4.836057,65.634641],[-4.802005,65.631117],[-4.797755,65.630674],[-4.789253,65.629782],[-4.785004,65.629334],[-4.76801,65.627529],[-4.763765,65.627075],[-4.755277,65.626163],[-4.751038,65.625704],[-4.717105,65.622008],[-4.712869,65.621544],[-4.704397,65.620609],[-4.700164,65.620139],[-4.68323,65.618249],[-4.679001,65.617774],[-4.670544,65.616818],[-4.666319,65.616338],[-4.632511,65.612471],[-4.628291,65.611985],[-4.61985,65.611008],[-4.615633,65.610517],[-4.598762,65.608541],[-4.594549,65.608044],[-4.586124,65.607046],[-4.581916,65.606545],[-4.548237,65.602507],[-4.544033,65.602],[-4.535625,65.60098],[-4.531424,65.600467],[-4.51462,65.598406],[-4.510424,65.597888],[-4.502032,65.596848],[-4.497841,65.596325],[-4.464297,65.592117],[-4.46011,65.591589],[-4.451736,65.590527],[-4.447553,65.589993],[-4.430818,65.587847],[-4.426638,65.587308],[-4.418281,65.586225],[-4.414107,65.585681],[-4.380704,65.581304],[-4.376535,65.580755],[-4.368197,65.57965],[-4.364031,65.579096],[-4.347367,65.576865],[-4.343206,65.576305],[-4.334885,65.57518],[-4.330729,65.574615],[-4.297472,65.57007],[-4.293321,65.569499],[-4.28502,65.568352],[-4.280872,65.567777],[-4.264283,65.565462],[-4.260141,65.564881],[-4.251857,65.563714],[-4.24772,65.563128],[-4.214614,65.558415],[-4.210482,65.557824],[-4.202219,65.556635],[-4.198091,65.556038],[-4.181578,65.55364],[-4.177455,65.553038],[-4.16921,65.55183],[-4.165093,65.551223],[-4.132143,65.546343],[-4.128031,65.54573],[-4.119807,65.5445],[-4.115699,65.543883],[-4.099266,65.541401],[-4.095162,65.540779],[-4.086958,65.539528],[-4.08286,65.538901],[-4.050072,65.533854],[-4.047089,65.533393],[-4.04598,65.533221],[-4.037797,65.531949],[-4.033709,65.531311],[-4.017359,65.528747],[-4.01399,65.528217],[-4.007254,65.527152],[-4.003174,65.526505],[-4.001747,65.526277],[-4.001036,65.526164],[-3.968414,65.520952],[-3.965947,65.520556],[-3.961009,65.519763],[-3.958542,65.519365],[-3.94867,65.51777],[-3.944602,65.51711],[-3.936472,65.515784],[-3.932409,65.515119],[-3.926015,65.514068],[-3.924419,65.513805],[-3.921226,65.513278],[-3.919632,65.513014],[-3.887183,65.507638],[-3.886602,65.507542],[-3.885438,65.507349],[-3.884856,65.507252],[-3.882523,65.506864],[-3.88194,65.506767],[-3.880774,65.506573],[-3.880192,65.506476],[-3.875524,65.505698],[-3.871474,65.50502],[-3.86338,65.50366],[-3.859336,65.502978],[-3.843168,65.500237],[-3.839131,65.499549],[-3.831059,65.498169],[-3.827028,65.497477],[-3.799424,65.492715],[-3.795979,65.492119],[-3.789089,65.490921],[-3.785647,65.490321],[-3.77188,65.48791],[-3.768443,65.487306],[-3.762668,65.486288],[-3.755365,65.485112],[-3.75035,65.484276],[-3.747764,65.483844],[-3.742592,65.482977],[-3.740007,65.482543],[-3.73908,65.482386],[-3.736066,65.481864],[-3.730873,65.480989],[-3.717027,65.478639],[-3.714094,65.478138],[-3.703679,65.476426],[-3.689031,65.473982],[-3.688146,65.473832],[-3.68729,65.473687],[-3.686444,65.473544],[-3.685571,65.473396],[-3.684715,65.473251],[-3.683857,65.473106],[-3.682999,65.472961],[-3.682141,65.472816],[-3.681284,65.47267],[-3.680437,65.472527],[-3.679566,65.47238],[-3.67871,65.472235],[-3.677852,65.472089],[-3.676994,65.471944],[-3.676138,65.471799],[-3.675279,65.471654],[-3.674423,65.471509],[-3.673562,65.471363],[-3.672704,65.471218],[-3.671848,65.471073],[-3.670989,65.470927],[-3.67013,65.470782],[-3.669273,65.470637],[-3.668419,65.470492],[-3.667557,65.470346],[-3.6667,65.470201],[-3.665842,65.470056],[-3.664983,65.46991],[-3.664125,65.469765],[-3.663268,65.46962],[-3.662414,65.469475],[-3.661553,65.46933],[-3.660694,65.469184],[-3.659836,65.469039],[-3.658978,65.468894],[-3.65812,65.468748],[-3.657264,65.468603],[-3.656428,65.468462],[-3.655544,65.468312],[-3.654689,65.468167],[-3.653831,65.468022],[-3.652972,65.467877],[-3.652114,65.467731],[-3.651258,65.467586],[-3.650399,65.467441],[-3.649541,65.467296],[-3.648697,65.467153],[-3.647824,65.467005],[-3.646968,65.46686],[-3.64611,65.466715],[-3.645251,65.466569],[-3.644393,65.466424],[-3.643535,65.466279],[-3.642675,65.466133],[-3.64182,65.465988],[-3.640962,65.465843],[-3.640104,65.465698],[-3.639246,65.465553],[-3.638388,65.465407],[-3.63753,65.465262],[-3.636681,65.465118],[-3.635814,65.464972],[-3.634956,65.464826],[-3.634099,65.464681],[-3.63324,65.464536],[-3.632384,65.464391],[-3.631525,65.464245],[-3.63067,65.4641],[-3.629808,65.463955],[-3.628951,65.46381],[-3.628094,65.463664],[-3.627235,65.463519],[-3.626377,65.463374],[-3.62552,65.463229],[-3.625262,65.463185],[-3.621364,65.462534],[-3.617321,65.461857],[-3.60924,65.460497],[-3.605203,65.459814],[-3.589061,65.457074],[-3.58503,65.456387],[-3.576971,65.455007],[-3.572947,65.454315],[-3.545408,65.449558],[-3.541972,65.448961],[-3.535099,65.447765],[-3.531665,65.447165],[-3.517931,65.444757],[-3.514502,65.444154],[-3.507645,65.442943],[-3.504221,65.442336],[-3.472182,65.436635],[-3.468184,65.43592],[-3.460189,65.434485],[-3.456196,65.433765],[-3.440225,65.430874],[-3.436237,65.43015],[-3.428265,65.428695],[-3.424283,65.427965],[-3.392431,65.422102],[-3.388457,65.421367],[-3.380509,65.419892],[-3.376539,65.419152],[-3.360662,65.416181],[-3.356698,65.415436],[-3.348774,65.413941],[-3.344816,65.413191],[-3.313155,65.407167],[-3.308352,65.406249],[-3.298749,65.404403],[-3.293953,65.403477],[-3.274778,65.399757],[-3.269991,65.398824],[-3.260424,65.39695],[-3.255647,65.39601],[-3.217441,65.388451],[-3.212663,65.3875],[-3.204105,65.38579],[-3.19895,65.384761],[-3.196613,65.384294],[-3.191941,65.383357],[-3.189605,65.382888],[-3.188732,65.382712],[-3.187899,65.382544],[-3.187066,65.382376],[-3.186239,65.38221],[-3.18541,65.382043],[-3.184577,65.381875],[-3.183745,65.381707],[-3.182918,65.381541],[-3.182088,65.381374],[-3.181255,65.381206],[-3.180428,65.381039],[-3.179598,65.380872],[-3.178762,65.380704],[-3.177924,65.380535],[-3.177107,65.38037],[-3.176281,65.380204],[-3.175434,65.380033],[-3.174616,65.379869],[-3.173791,65.379703],[-3.172942,65.379532],[-3.172117,65.379365],[-3.171298,65.3792],[-3.170468,65.379033],[-3.169635,65.378866],[-3.168807,65.378699],[-3.167978,65.378532],[-3.167142,65.378364],[-3.166312,65.378196],[-3.165487,65.37803],[-3.16466,65.377864],[-3.16381,65.377692],[-3.162996,65.377528],[-3.162169,65.377362],[-3.161324,65.377192],[-3.1605,65.377026],[-3.159676,65.37686],[-3.158846,65.376693],[-3.158013,65.376525],[-3.157187,65.376358],[-3.156356,65.376191],[-3.155522,65.376023],[-3.154691,65.375856],[-3.153861,65.375689],[-3.152988,65.375513],[-3.150241,65.374958],[-3.144751,65.373847],[-3.142008,65.37329],[-3.131039,65.371058],[-3.1283,65.370499],[-3.122824,65.369378],[-3.120088,65.368817],[-3.098202,65.364313],[-3.095471,65.363749],[-3.090009,65.362619],[-3.08728,65.362053],[-3.076366,65.359782],[-3.073641,65.359214],[-3.068193,65.358074],[-3.065473,65.357504],[-3.021914,65.348338],[-3.016481,65.347188],[-3.005622,65.344878],[-3.0002,65.343719],[-2.978527,65.339059],[-2.973118,65.33789],[-2.962309,65.335542],[-2.956914,65.334364],[-2.913773,65.324891],[-2.908393,65.323702],[-2.897639,65.321315],[-2.89227,65.320118],[-2.870809,65.315305],[-2.865453,65.314098],[-2.854751,65.311673],[-2.849409,65.310457],[-2.806699,65.300678],[-2.801373,65.299452],[-2.790728,65.296989],[-2.785413,65.295753],[-2.76417,65.290789],[-2.758869,65.289543],[-2.748277,65.287043],[-2.74299,65.28579],[-2.700723,65.275709],[-2.695452,65.274445],[-2.693417,65.273922],[-2.690644,65.273251],[-2.66069,65.26598],[-2.656954,65.265069],[-2.655279,65.26466],[-2.653404,65.264204],[-2.64292,65.261648],[-2.637687,65.260369],[-2.635406,65.259804],[-2.631112,65.258722],[-2.630835,65.258654],[-2.627111,65.257734],[-2.619669,65.255889],[-2.617245,65.255286],[-2.615953,65.254964],[-2.599232,65.250788],[-2.595874,65.249991],[-2.594482,65.249644],[-2.59066,65.248689],[-2.580241,65.246077],[-2.575039,65.244766],[-2.554251,65.239503],[-2.550868,65.238644],[-2.544105,65.23692],[-2.538926,65.235595],[-2.535326,65.234669],[-2.533529,65.234206],[-2.492183,65.223531],[-2.489347,65.222797],[-2.483672,65.221323],[-2.480837,65.220585],[-2.469499,65.217625],[-2.464357,65.216276],[-2.454083,65.213569],[-2.448954,65.212212],[-2.43974,65.209761],[-2.43744,65.209149],[-2.432842,65.207921],[-2.430547,65.207307],[-2.389679,65.19634],[-2.389016,65.196161],[-2.387683,65.195803],[-2.387016,65.195624],[-2.384346,65.194905],[-2.383679,65.194725],[-2.382344,65.194365],[-2.381678,65.194186],[-2.376335,65.192744],[-2.372266,65.191641],[-2.364135,65.189431],[-2.360076,65.188323],[-2.343851,65.18388],[-2.339802,65.182767],[-2.331711,65.180534],[-2.327672,65.179415],[-2.300672,65.171909],[-2.297304,65.170969],[-2.290571,65.169085],[-2.287208,65.168141],[-2.273765,65.164356],[-2.270409,65.163409],[-2.263703,65.161509],[-2.260355,65.160557],[-2.23638,65.153723],[-2.233389,65.152867],[-2.22741,65.151153],[-2.224423,65.150294],[-2.212482,65.146852],[-2.209502,65.14599],[-2.203544,65.144263],[-2.200569,65.143399],[-2.176775,65.136462],[-2.173807,65.135595],[-2.167873,65.133855],[-2.164909,65.132984],[-2.153059,65.129491],[-2.150101,65.128616],[-2.144189,65.126864],[-2.141237,65.125987],[-2.117626,65.11895],[-2.114681,65.11807],[-2.108792,65.116305],[-2.105851,65.115421],[-2.094094,65.111878],[-2.091159,65.110991],[-2.085292,65.109214],[-2.082364,65.108324],[-2.058938,65.101188],[-2.056016,65.100295],[-2.050174,65.098505],[-2.047256,65.097609],[-2.035591,65.094016],[-2.03268,65.093117],[-2.02686,65.091315],[-2.023955,65.090413],[-2.000717,65.083177],[-1.997818,65.082272],[-1.992023,65.080457],[-1.989129,65.079549],[-1.977558,65.075906],[-1.97467,65.074995],[-1.968898,65.073168],[-1.966016,65.072254],[-1.942967,65.06492],[-1.940092,65.064002],[-1.934345,65.062163],[-1.931475,65.061242],[-1.919999,65.057551],[-1.917135,65.056628],[-1.911411,65.054777],[-1.908553,65.05385],[-1.885696,65.046419],[-1.882845,65.045489],[-1.877145,65.043625],[-1.874299,65.042693],[-1.86292,65.038953],[-1.86008,65.038017],[-1.854404,65.036142],[-1.85157,65.035203],[-1.828907,65.027675],[-1.826081,65.026733],[-1.82043,65.024846],[-1.817608,65.023901],[-1.806326,65.020113],[-1.803511,65.019165],[-1.797883,65.017266],[-1.795074,65.016316],[-1.772607,65.008692],[-1.769805,65.007738],[-1.764203,65.005826],[-1.761405,65.00487],[-1.750223,65.001034],[-1.747432,65.000074],[-1.741854,64.998151],[-1.739069,64.997189],[-1.7168,64.98947],[-1.714022,64.988504],[-1.70847,64.986569],[-1.705697,64.985601],[-1.694614,64.981718],[-1.691848,64.980746],[-1.68632,64.9788],[-1.68356,64.977826],[-1.661491,64.970013],[-1.658738,64.969035],[-1.653236,64.967077],[-1.650489,64.966096],[-1.639506,64.962167],[-1.636765,64.961184],[-1.631287,64.959214],[-1.628553,64.958228],[-1.606685,64.950321],[-1.603958,64.949332],[-1.598506,64.947351],[-1.595784,64.946359],[-1.589493,64.94406],[-1.584039,64.942071],[-1.580902,64.940923],[-1.568363,64.936323],[-1.56753,64.936017],[-1.565235,64.935171],[-1.558984,64.932864],[-1.555864,64.931709],[-1.53092,64.922446],[-1.52781,64.921287],[-1.521594,64.918965],[-1.518491,64.917802],[-1.50609,64.91314],[-1.503284,64.912083],[-1.497678,64.909964],[-1.49459,64.908794],[-1.49387,64.908521],[-1.469059,64.899081],[-1.465983,64.897907],[-1.459836,64.895554],[-1.456767,64.894376],[-1.444504,64.889654],[-1.441444,64.888473],[-1.435331,64.886105],[-1.43228,64.88492],[-1.40789,64.875415],[-1.407003,64.875069],[-1.405226,64.874375],[-1.404338,64.874028],[-1.400785,64.872638],[-1.398256,64.871646],[-1.393204,64.86966],[-1.390681,64.868666],[-1.384138,64.866082],[-1.382505,64.865436],[-1.379239,64.864142],[-1.377609,64.863495],[-1.35751,64.855503],[-1.354497,64.854302],[-1.348477,64.851894],[-1.345472,64.850688],[-1.333464,64.845857],[-1.330467,64.844647],[-1.32448,64.842225],[-1.321492,64.841011],[-1.317481,64.839379],[-1.316981,64.839175],[-1.31598,64.838768],[-1.31548,64.838564],[-1.313478,64.837747],[-1.312979,64.837544],[-1.31198,64.837136],[-1.311483,64.836933],[-1.287656,64.827192],[-1.284639,64.825954],[-1.278611,64.823474],[-1.275603,64.822233],[-1.263579,64.817257],[-1.26058,64.816012],[-1.254587,64.813518],[-1.251597,64.812269],[-1.227696,64.802257],[-1.224716,64.801005],[-1.218762,64.798495],[-1.21579,64.797239],[-1.203915,64.792204],[-1.200952,64.790944],[-1.195034,64.78842],[-1.192081,64.787157],[-1.168116,64.776871],[-1.165129,64.775585],[-1.15916,64.773007],[-1.156181,64.771716],[-1.144277,64.766544],[-1.141307,64.76525],[-1.135376,64.762657],[-1.132416,64.76136],[-1.108761,64.750954],[-1.105812,64.749653],[-1.09992,64.747045],[-1.09698,64.745739],[-1.085231,64.740508],[-1.082301,64.739198],[-1.076447,64.736576],[-1.073526,64.735264],[-1.050183,64.724739],[-1.047273,64.723423],[-1.04146,64.720786],[-1.038559,64.719465],[-1.026967,64.714175],[-1.024075,64.712851],[-1.0183,64.710199],[-1.015419,64.708872],[-0.99239,64.698231],[-0.98952,64.6969],[-0.983785,64.694233],[-0.980924,64.692898],[-0.96949,64.687549],[-0.966638,64.686211],[-0.960942,64.68353],[-0.9581,64.682189],[-0.935389,64.671432],[-0.932558,64.670087],[-0.926903,64.667391],[-0.924081,64.666042],[-0.912806,64.660636],[-0.909994,64.659283],[-0.904378,64.656574],[-0.901576,64.655218],[-0.879185,64.644348],[-0.876394,64.642988],[-0.870819,64.640265],[-0.868037,64.638901],[-0.856923,64.633439],[-0.854151,64.632072],[-0.848615,64.629334],[-0.845853,64.627965],[-0.823784,64.616982],[-0.821033,64.615608],[-0.815539,64.612857],[-0.812797,64.611479],[-0.801844,64.605961],[-0.799113,64.60458],[-0.793658,64.601815],[-0.790937,64.600431],[-0.769192,64.589338],[-0.766482,64.587951],[-0.761068,64.585172],[-0.758367,64.583781],[-0.747577,64.578207],[-0.744887,64.576813],[-0.739513,64.57402],[-0.736833,64.572623],[-0.715414,64.561421],[-0.712745,64.56002],[-0.707413,64.557214],[-0.704753,64.555809],[-0.694127,64.550182],[-0.691543,64.548809],[-0.686186,64.545955],[-0.683547,64.544544],[-0.662457,64.533234],[-0.659829,64.53182],[-0.65458,64.528987],[-0.651961,64.527569],[-0.641499,64.521889],[-0.638891,64.520468],[-0.633682,64.517622],[-0.631084,64.516198],[-0.610325,64.504783],[-0.608728,64.503902],[-0.605535,64.502139],[-0.602953,64.500709],[-0.600979,64.499613],[-0.599994,64.499065],[-0.589699,64.493332],[-0.587132,64.491898],[-0.582006,64.489026],[-0.579449,64.487589],[-0.559023,64.47607],[-0.556754,64.474786],[-0.552221,64.472215],[-0.549959,64.470928],[-0.540923,64.465774],[-0.538394,64.464328],[-0.533346,64.46143],[-0.530827,64.45998],[-0.529599,64.459271],[-0.528783,64.4588],[-0.508556,64.4471],[-0.506741,64.446048],[-0.503114,64.443939],[-0.501303,64.442885],[-0.494067,64.43866],[-0.492262,64.437603],[-0.488655,64.435488],[-0.486856,64.43443],[-0.486397,64.43416],[-0.468656,64.444534],[-0.443693,64.458874],[-0.418524,64.473151],[-0.393152,64.487365],[-0.37012,64.500116],[-0.112239,64.641149],[0.0,64.701724],[0.148268,64.781745],[0.328214,64.877779],[0.354683,64.891753],[0.381356,64.905662],[0.408233,64.919504],[0.408624,64.919705],[0.679807,65.057551],[0.681902,65.058609],[0.709261,65.072335],[0.736824,65.085995],[0.764589,65.099586],[0.792556,65.113109],[0.820723,65.126562],[0.849092,65.139946],[0.87766,65.15326],[0.906426,65.166504],[0.935391,65.179676],[0.964554,65.192777],[0.993913,65.205806],[1.023467,65.218762],[1.053217,65.231645],[1.083161,65.244455],[1.113298,65.257191],[1.143628,65.269853],[1.174149,65.282439],[1.204861,65.294951],[1.235764,65.307386],[1.266855,65.319745],[1.298134,65.332028],[1.3296,65.344233],[1.361253,65.35636],[1.393091,65.368409],[1.397818,65.370186],[1.409878,65.378689],[1.630702,65.532771],[1.854079,65.686541],[1.988518,65.778089],[2.011255,65.793404],[2.034219,65.808666],[2.057411,65.823872],[2.08083,65.839024],[2.104476,65.85412],[2.128348,65.86916],[2.152446,65.884143],[2.176769,65.899069],[2.201317,65.913937],[2.22609,65.928747],[2.251087,65.943498],[2.276307,65.958189],[2.30175,65.97282],[2.327415,65.987392],[2.353302,66.001902],[2.379411,66.01635],[2.40574,66.030737],[2.432289,66.045061],[2.459058,66.059322],[2.471706,66.065998],[2.48081,66.070788],[2.50791,66.084953],[2.535229,66.099055],[2.562765,66.113091],[2.590518,66.127062],[2.618486,66.140967],[2.646671,66.154806],[2.67507,66.168578],[2.703683,66.182282],[2.73251,66.195918],[2.761549,66.209486],[2.7908,66.222985],[2.820263,66.236414],[2.849936,66.249773],[2.879818,66.263062],[2.90991,66.27628],[2.940209,66.289427],[2.970716,66.302501],[3.00143,66.315503],[3.032349,66.328432],[3.050427,66.335918],[3.285169,66.432244],[3.311395,66.466968],[3.36132,66.645211],[3.379999,66.711316],[3.385173,66.729134],[3.390597,66.746939],[3.396272,66.764733],[3.402198,66.782514],[3.408376,66.800282],[3.414805,66.818036],[3.418839,66.828825],[3.407717,66.846216],[3.396818,66.86363],[3.386143,66.881066],[3.375692,66.898523],[3.365466,66.916002],[3.355466,66.933501],[3.345693,66.951021],[3.336147,66.968561],[3.326829,66.98612],[3.317741,67.003697],[3.308881,67.021293],[3.300252,67.038907],[3.291854,67.056539],[3.283688,67.074187],[3.275754,67.091852],[3.268054,67.109533],[3.260587,67.127229],[3.253355,67.144941],[3.246359,67.162667],[3.239598,67.180407],[3.233075,67.198161],[3.226789,67.215928],[3.220741,67.233707],[3.214932,67.251499],[3.209362,67.269302],[3.204033,67.287116],[3.198945,67.304941],[3.194098,67.322776],[3.189494,67.340621],[3.185132,67.358475],[3.181014,67.376338],[3.177141,67.394208],[3.173512,67.412087],[3.170129,67.429972],[3.166992,67.447865],[3.164103,67.465763],[3.16146,67.483667],[3.159066,67.501576],[3.156921,67.51949],[3.155025,67.537408],[3.153379,67.555329],[3.151983,67.573254],[3.150839,67.591181],[3.149947,67.60911],[3.149307,67.627041],[3.148921,67.644973],[3.148788,67.662905],[3.148909,67.680837],[3.149285,67.698768],[3.149916,67.716699],[3.150804,67.734628],[3.151948,67.752555],[3.153349,67.770479],[3.155007,67.7884],[3.156924,67.806317],[3.159099,67.82423],[3.161534,67.842139],[3.164228,67.860042],[3.167183,67.877939],[3.168502,67.885456],[3.168551,67.88573],[3.171876,67.903618],[3.175462,67.921499],[3.179311,67.939372],[3.183422,67.957237],[3.187796,67.975093],[3.192434,67.99294],[3.197335,68.010777],[3.202501,68.028604],[3.207932,68.04642],[3.213628,68.064224],[3.219589,68.082016],[3.225817,68.099796],[3.227987,68.105817],[3.248124,68.161158],[3.254738,68.178919],[3.261619,68.196667],[3.268769,68.2144],[3.276187,68.232118],[3.283874,68.249821],[3.291831,68.267507],[3.300057,68.285177],[3.308553,68.30283],[3.317321,68.320465],[3.326358,68.338082],[3.335668,68.35568],[3.345248,68.373259],[3.355101,68.390818],[3.365226,68.408356],[3.375623,68.425873],[3.386293,68.443369],[3.397236,68.460842],[3.408453,68.478293],[3.419943,68.49572],[3.431707,68.513124],[3.443746,68.530503],[3.456059,68.547857],[3.468646,68.565186],[3.481509,68.582488],[3.494646,68.599764],[3.508059,68.617013],[3.521747,68.634233],[3.535711,68.651426],[3.549951,68.668589],[3.564468,68.685723],[3.57926,68.702827],[3.594328,68.719901],[3.609674,68.736943],[3.625295,68.753953],[3.641194,68.770931],[3.657369,68.787877],[3.673822,68.804788],[3.690551,68.821666],[3.707557,68.838509],[3.724841,68.855317],[3.742402,68.872089],[3.76024,68.888825],[3.778355,68.905524],[3.796748,68.922185],[3.815418,68.938809],[3.834365,68.955394],[3.853589,68.971939],[3.873091,68.988445],[3.892869,69.004911],[3.912925,69.021336],[3.933258,69.037719],[3.953868,69.054061],[3.974755,69.070359],[3.995918,69.086615],[4.017359,69.102827],[4.039075,69.118995],[4.061068,69.135117],[4.083337,69.151195],[4.105883,69.167226],[4.128704,69.183211],[4.151801,69.199148],[4.175173,69.215038],[4.19882,69.23088],[4.222743,69.246673],[4.24694,69.262416],[4.271411,69.27811],[4.296157,69.293753],[4.321177,69.309344],[4.34647,69.324885],[4.372036,69.340373],[4.397876,69.355808],[4.423988,69.371189],[4.450372,69.386517],[4.477028,69.401791],[4.503956,69.417009],[4.531154,69.432172],[4.558623,69.447279],[4.586362,69.462328],[4.614372,69.477321],[4.64265,69.492256],[4.671197,69.507132],[4.676993,69.510129],[4.694898,69.526925],[4.71309,69.543685],[4.731569,69.560408],[4.750334,69.577095],[4.769387,69.593743],[4.788726,69.610354],[4.808353,69.626926],[4.828266,69.643458],[4.848467,69.65995],[4.868954,69.676402],[4.889728,69.692812],[4.910789,69.709181],[4.932137,69.725507],[4.953771,69.741791],[4.975692,69.758031],[4.9979,69.774228],[5.020393,69.790379],[5.043173,69.806486],[5.06624,69.822547],[5.089591,69.838561],[5.113229,69.854529],[5.137152,69.870449],[5.161361,69.886322],[5.185855,69.902145],[5.210633,69.91792],[5.235697,69.933645],[5.261044,69.949319],[5.286676,69.964943],[5.312591,69.980515],[5.338791,69.996035],[5.365273,70.011503],[5.392038,70.026918],[5.419086,70.042278],[5.446415,70.057585],[5.474027,70.072837],[5.493353,70.083388],[5.577217,70.12884],[5.605426,70.143985],[5.633915,70.159073],[5.662686,70.174105],[5.691737,70.189078],[5.721068,70.203994],[5.750678,70.218851],[5.780567,70.233648],[5.810735,70.248386],[5.84118,70.263063],[5.871903,70.277679],[5.902902,70.292234],[5.929822,70.30472],[5.951598,70.321074],[5.97367,70.337386],[5.996038,70.353655],[6.018703,70.36988],[6.041663,70.386061],[6.06492,70.402197],[6.088472,70.418287],[6.11232,70.434332],[6.136464,70.45033],[6.160903,70.466281],[6.185637,70.482184],[6.210666,70.498039],[6.23599,70.513844],[6.261609,70.529601],[6.287522,70.545307],[6.313729,70.560963],[6.34023,70.576568],[6.367025,70.592121],[6.394112,70.607621],[6.421493,70.623069],[6.449166,70.638463],[6.477132,70.653803],[6.505389,70.669089],[6.533938,70.684319],[6.562778,70.699494],[6.591909,70.714612],[6.601118,70.719349],[6.896971,70.869841],[7.197244,71.019868],[7.382208,71.11095],[7.412883,71.12587],[7.443853,71.140732],[7.475118,71.155534],[7.506677,71.170276],[7.538529,71.184958],[7.570674,71.199578],[7.603111,71.214137],[7.635839,71.228633],[7.668859,71.243067],[7.70217,71.257437],[7.73577,71.271743],[7.769659,71.285984],[7.803837,71.30016],[7.838302,71.314271],[7.873055,71.328316],[7.908094,71.342293],[7.943419,71.356204],[7.979028,71.370046],[8.014922,71.38382],[8.051099,71.397525],[8.087558,71.411161],[8.124299,71.424727],[8.16132,71.438221],[8.198622,71.451645],[8.236202,71.464997],[8.27406,71.478277],[8.312196,71.491484],[8.350607,71.504618],[8.389294,71.517678],[8.428255,71.530664],[8.467489,71.543575],[8.506996,71.55641],[8.546773,71.569169],[8.58682,71.581852],[8.627137,71.594458],[8.667721,71.606987],[8.708572,71.619437],[8.73037,71.626016],[9.144265,71.749277],[9.563502,71.871659],[9.641066,71.894034],[9.683492,71.90617],[9.726182,71.918227],[9.769135,71.930202],[9.812352,71.942095],[9.855829,71.953906],[9.899566,71.965635],[9.916001,71.970003],[9.924064,71.974781],[9.95104,71.990641],[9.978337,72.006452],[10.005957,72.022213],[10.033898,72.037925],[10.062161,72.053585],[10.090746,72.069194],[10.119651,72.08475],[10.148878,72.100255],[10.178424,72.115706],[10.208292,72.131103],[10.238479,72.146446],[10.268985,72.161734],[10.29196,72.17309],[10.299481,72.176803],[10.25964,72.189149],[10.218421,72.202034],[10.175137,72.215686],[10.156333,72.221524],[10.116097,72.233956],[10.074774,72.246831],[10.033444,72.259823],[9.992263,72.272882],[9.955226,72.284725],[9.94345,72.288502],[9.904648,72.300688],[9.863595,72.313668],[9.822539,72.326764],[9.781585,72.339942],[9.740791,72.353186],[9.700266,72.36646],[9.659881,72.379805],[9.619676,72.393208],[9.579655,72.406669],[9.540211,72.420052],[9.500164,72.433764],[9.460696,72.447397],[9.421425,72.461085],[9.382512,72.474768],[9.344946,72.488093],[9.310294,72.500486],[9.274738,72.51331],[9.231189,72.529167],[9.18008,72.547981],[9.137267,72.563913],[9.100089,72.577883],[9.06406,72.591542],[9.031233,72.604094],[8.998745,72.616621],[8.959156,72.63202],[8.916403,72.648828],[8.864755,72.669373],[8.818902,72.687832],[8.781102,72.703216],[8.744456,72.718282],[8.707506,72.733624],[8.661922,72.75276],[8.615575,72.772448],[8.577453,72.788833],[8.539566,72.805299],[8.497049,72.823981],[8.453535,72.843336],[8.409945,72.862969],[8.366665,72.882712],[8.323794,72.902521],[8.280798,72.922646],[8.239054,72.942446],[8.196484,72.962906],[8.158129,72.981578],[8.102263,73.011539],[8.078802,73.022845],[8.044861,73.039606],[8.00754,73.05818],[7.965562,73.079369],[7.930883,73.097493],[7.912854,73.107257],[7.873746,73.128538],[7.792613,73.16935],[7.753834,73.190334],[7.703713,73.217909],[7.64779,73.249309],[7.590675,73.2821],[7.535997,73.314233],[7.481883,73.346786],[7.428699,73.379552],[7.377219,73.412042],[7.326131,73.445098],[7.281568,73.474623],[7.244912,73.499434],[7.211222,73.522679],[7.177759,73.546206],[7.144449,73.570075],[7.11004,73.595256],[7.067288,73.627316],[7.02049,73.663426],[6.975176,73.699516],[6.931847,73.73512],[6.897105,73.764542],[6.865587,73.791997],[6.833415,73.820818],[6.799014,73.85256],[6.761552,73.888325],[6.726206,73.923349],[6.691502,73.959092],[6.65977,73.993106],[6.629053,74.027382],[6.598988,74.062406],[6.568503,74.099608],[6.539646,74.136622],[6.513777,74.171482],[6.489928,74.205347],[6.466065,74.241187],[6.442388,74.278957],[6.422186,74.313318],[6.405134,74.34202],[6.365966,74.352757],[6.324147,74.364303],[6.282443,74.375906],[6.252004,74.384435],[6.214371,74.394265],[6.165457,74.40715],[6.11693,74.420036],[6.065947,74.433694],[6.022579,74.445421],[5.973786,74.458768],[5.902346,74.478524],[5.860987,74.490074],[5.842455,74.495289],[5.816217,74.50272],[5.781331,74.512646],[5.74551,74.522894],[5.702767,74.535216],[5.658958,74.547977],[5.59021,74.568209],[5.551472,74.57972],[5.50689,74.593097],[5.476027,74.602462],[5.425553,74.617938],[5.395448,74.627265],[5.280171,74.663287],[5.24596,74.674087],[5.220261,74.682287],[5.193424,74.690606],[5.147484,74.705049],[5.109534,74.716895],[5.058834,74.730357],[5.010645,74.743264],[4.962596,74.756244],[4.913533,74.76961],[4.867101,74.782368],[4.819471,74.795566],[4.775405,74.807877],[4.759893,74.812183],[4.745552,74.815493],[4.701121,74.825405],[4.659604,74.834732],[4.622983,74.84301],[4.588174,74.850925],[4.552402,74.859107],[4.517344,74.867172],[4.483037,74.875109],[4.439994,74.885132],[4.389801,74.896906],[4.339934,74.908697],[4.298944,74.918462],[4.258102,74.92826],[4.209694,74.939959],[4.159199,74.952261],[4.108571,74.964698],[4.058121,74.977196],[4.008039,74.989706],[3.958681,75.002138],[3.910015,75.014496],[3.883218,75.021326],[3.846339,75.030607],[3.796837,75.043153],[3.747057,75.055873],[3.697404,75.068667],[3.647938,75.08152],[3.598661,75.094432],[3.549625,75.107388],[3.500733,75.120415],[3.451932,75.133529],[3.403469,75.146661],[3.35516,75.159861],[3.307106,75.173103],[3.259833,75.186238],[3.216916,75.198258],[3.180724,75.208466],[3.147038,75.218028],[3.109782,75.228671],[3.067834,75.240738],[3.022612,75.253849],[2.978575,75.266721],[2.936348,75.279158],[2.899076,75.290219],[2.857827,75.302553],[2.813676,75.315855],[2.773346,75.328101],[2.733529,75.340287],[2.687862,75.354377],[2.641145,75.368911],[2.60091,75.381536],[2.562698,75.393621],[2.520323,75.407127],[2.47628,75.421281],[2.432189,75.435574],[2.388311,75.449923],[2.344775,75.464286],[2.31908,75.472828],[2.294126,75.48061],[2.276889,75.486036],[2.211962,75.506644],[2.18123,75.516346],[2.158943,75.523433],[2.081207,75.548314],[2.054475,75.556941],[2.01002,75.571422],[1.982509,75.580471],[1.944344,75.593152],[1.892641,75.610462],[1.836767,75.633331],[1.787557,75.648814],[1.743855,75.662736],[1.706887,75.674791],[1.650998,75.693936],[1.615406,75.706232],[1.580734,75.718831],[1.539532,75.734172],[1.476189,75.759403],[1.434478,75.776073],[1.392767,75.787821],[1.35213,75.80323],[1.297114,75.824411],[1.215954,75.856193],[1.16252,75.877467],[1.123197,75.893382],[1.105286,75.900704],[1.084714,75.908442],[1.058064,75.918511],[1.032181,75.928329],[1.006469,75.938121],[0.979518,75.94843],[0.951584,75.959164],[0.935918,75.965248],[0.910026,75.97112],[0.858142,75.982496],[0.803392,75.994594],[0.748386,76.006847],[0.693541,76.019165],[0.638883,76.031543],[0.584455,76.043969],[0.529593,76.056597],[0.47582,76.069077],[0.422079,76.081652],[0.368367,76.094323],[0.314834,76.107055],[0.261494,76.119846],[0.208349,76.132694],[0.186745,76.137869],[0.155446,76.144333],[0.121458,76.151388],[0.078177,76.160423],[0.025047,76.17159],[-0.028621,76.182953],[-0.074589,76.192756],[-0.119785,76.202462],[-0.173191,76.214012],[-0.228881,76.226151],[-0.284729,76.238424],[-0.340348,76.250745],[-0.394566,76.262853],[-0.438684,76.272774],[-0.462706,76.278204],[-0.507617,76.288413],[-0.561332,76.300709],[-0.616012,76.313327],[-0.670562,76.326016],[-0.724918,76.338764],[-0.779079,76.35157],[-0.833102,76.364447],[-0.888313,76.377716],[-0.940488,76.390359],[-0.993746,76.403368],[-1.046911,76.416461],[-1.099875,76.42961],[-1.152684,76.442829],[-1.205514,76.456162],[-1.258055,76.46953],[-1.304386,76.481409],[-1.34155,76.490999],[-1.375654,76.499851],[-1.410049,76.508828],[-1.448268,76.518864],[-1.493567,76.530839],[-1.543628,76.544169],[-1.593862,76.557654],[-1.638322,76.569678],[-1.676627,76.58011],[-1.71906,76.591745],[-1.761527,76.60347],[-1.799786,76.614105],[-1.835874,76.624203],[-1.876526,76.635651],[-1.920269,76.648056],[-1.967511,76.661554],[-2.006223,76.672695],[-2.070776,76.69194],[-2.183402,76.726541],[-2.208358,76.733883],[-2.259893,76.749206],[-2.305594,76.762622],[-2.34439,76.774084],[-2.370303,76.781847],[-2.420049,76.796948],[-2.445491,76.804773],[-2.482138,76.816204],[-2.519254,76.827865],[-2.537759,76.833739],[-2.572802,76.844973],[-2.593226,76.851596],[-2.630845,76.863935],[-2.670321,76.876958],[-2.707531,76.889288],[-2.738757,76.899673],[-2.791491,76.9178],[-2.915644,77.183389],[-3.214656,77.610244],[-3.343875,78.333333],[-2.537814,79.089997],[-2.355314,79.232567],[-1.637397,79.882217],[2.205986,81.283706],[4.568058,82.019644],[5.855942,82.348625],[7.629767,83.556594],[7.975005,83.712266],[7.991517,83.713602],[8.036182,83.717195],[8.085603,83.721154],[8.135508,83.725133],[8.184879,83.729053],[8.234565,83.732981],[8.283918,83.736865],[8.308508,83.73879],[8.353419,83.742288],[8.42154,83.747502],[8.558774,83.757803],[8.62788,83.762889],[8.674209,83.766238],[8.704118,83.768388],[8.755699,83.772072],[8.807411,83.775748],[8.859292,83.779419],[8.911189,83.783074],[8.966544,83.786951],[9.016662,83.79043],[9.066875,83.793884],[9.135123,83.798495],[9.272479,83.807593],[9.341683,83.812086],[9.388861,83.815096],[9.441283,83.818425],[9.495105,83.821826],[9.548851,83.825206],[9.60053,83.82844],[9.627253,83.830105],[9.646884,83.831511],[9.836522,83.844203],[10.122786,83.862381],[10.268796,83.871272],[10.327657,83.874725],[10.401555,83.879022],[10.476226,83.883319],[10.551111,83.887584],[10.626208,83.891817],[10.701517,83.896018],[10.777035,83.900186],[10.852763,83.904322],[10.928598,83.90842],[11.002814,83.912389],[11.063,83.915578],[11.093314,83.917173],[11.159203,83.920616],[11.234565,83.924516],[11.311447,83.928451],[11.388603,83.932358],[11.465957,83.936231],[11.543509,83.940071],[11.621257,83.943877],[11.698613,83.947622],[11.764447,83.950776],[11.785806,83.951793],[11.856026,83.955113],[11.932155,83.958673],[11.995051,83.961586],[12.028495,83.963123],[12.07599,83.965293],[12.107583,83.966728],[12.155036,83.96887],[12.186703,83.970292],[12.234267,83.972414],[12.266008,83.973821],[12.313682,83.975923],[12.345496,83.977316],[12.393279,83.979397],[12.425166,83.980777],[12.473057,83.982838],[12.504451,83.98418],[12.553015,83.986244],[12.585045,83.987596],[12.63315,83.989615],[12.665251,83.990954],[12.713463,83.992952],[12.745633,83.994277],[12.794059,83.996259],[12.82763,83.997624],[12.887393,84.000036],[12.945985,84.002379],[12.99113,84.00417],[13.032349,84.005793],[13.072946,84.007381],[13.113548,84.008959],[13.154192,84.010528],[13.194878,84.012089],[13.235605,84.01364],[13.276373,84.015183],[13.317182,84.016717],[13.358032,84.018242],[13.398923,84.019759],[13.439853,84.021266],[13.480824,84.022765],[13.521835,84.024255],[13.562886,84.025736],[13.603976,84.027208],[13.645106,84.028671],[13.686274,84.030126],[13.727482,84.031571],[13.768728,84.033008],[13.810013,84.034436],[13.851336,84.035854],[13.892697,84.037264],[13.934096,84.038665],[13.976078,84.035197],[14.017383,84.037158],[14.058801,84.038364],[14.10032,84.04018],[14.141867,84.042133],[14.183468,84.04284],[14.225109,84.044514],[14.266787,84.046184],[14.308513,84.047851],[14.350506,84.049524],[14.393907,84.051247],[14.422799,84.052391],[14.440706,84.053009],[14.489188,84.054676],[14.532375,84.056156],[14.580952,84.057814],[14.639658,84.059808],[14.701562,84.061901],[14.737761,84.063119],[14.798278,84.06512],[14.868897,84.067197],[14.931181,84.069017],[14.993291,84.070821],[15.047849,84.072397],[15.096482,84.073794],[15.162744,84.075678],[15.226976,84.077294],[15.260322,84.078123],[15.280124,84.078613],[15.317642,84.079536],[15.336407,84.079996],[15.408199,84.081746],[15.475902,84.083372],[15.495205,84.083828],[15.611603,84.086089],[15.789916,84.089388],[15.817081,84.089864],[16.051347,84.09391],[16.092991,84.094419],[16.231384,84.096004],[16.752165,84.107626],[16.841688,84.10886],[16.902755,84.110306],[16.99167,84.112025],[17.393436,84.119309],[17.595213,84.122518],[17.764596,84.124874],[18.152059,84.12886],[18.52693,84.130141],[18.579353,84.130705],[18.644044,84.131558],[18.755208,84.132809],[18.912882,84.129497],[19.093513,84.132317],[19.203079,84.133582],[19.297357,84.134618],[19.376754,84.135455],[19.404258,84.135741],[19.535779,84.137083],[19.566639,84.137392],[19.653984,84.13825],[19.682229,84.138386],[19.764712,84.138875],[19.85529,84.139349],[19.904253,84.139435],[19.974898,84.13951],[20.022579,84.139678],[20.1379,84.140022],[20.166635,84.14009],[20.214895,84.14019],[20.473674,84.139201],[20.5018,84.139058],[20.786611,84.137129],[20.817936,84.136759],[20.856263,84.136308],[20.879684,84.136149],[20.900342,84.135974],[20.951597,84.135437],[21.202354,84.134044],[21.347066,84.132747],[21.419915,84.132526],[21.485695,84.131168],[21.733871,84.134757],[21.864079,84.133662],[21.912291,84.133014],[21.939454,84.132858],[21.962132,84.132726],[21.995751,84.132527],[22.057808,84.132123],[22.078766,84.131975],[22.100608,84.131822],[22.389299,84.128857],[22.415679,84.128673],[22.791244,84.124757],[22.852216,84.124497],[22.975115,84.12292],[23.175873,84.122108],[23.632479,84.116541],[23.700716,84.115421],[23.746172,84.11466],[23.782667,84.114038],[23.811977,84.113531],[23.860805,84.112675],[23.890078,84.112156],[23.977874,84.110572],[24.007111,84.110037],[24.055828,84.109134],[24.085812,84.10857],[24.130173,84.107726],[24.184646,84.106672],[24.267445,84.105041],[24.321166,84.103964],[24.357724,84.10322],[24.378192,84.102799],[24.415777,84.102017],[24.434555,84.101622],[24.509643,84.100025],[24.528393,84.099621],[24.565883,84.098806],[24.584608,84.098395],[24.734389,84.095059],[24.753091,84.094636],[24.790496,84.093783],[24.809183,84.093353],[24.883918,84.091613],[24.906012,84.091092],[24.958426,84.089842],[25.094728,84.086536],[25.127443,84.085731],[25.180144,84.084419],[25.21162,84.083627],[25.302403,84.081316],[25.339382,84.080358],[25.413258,84.078411],[25.45014,84.077423],[25.597477,84.0734],[25.635045,84.072354],[25.710098,84.070231],[25.736113,84.069487],[25.756276,84.068914],[25.857269,84.066017],[25.89048,84.065053],[25.945797,84.063431],[25.978949,84.062449],[26.043417,84.060521],[26.06747,84.059793],[26.115538,84.058326],[26.139543,84.057586],[26.23548,84.054596],[26.260664,84.053802],[26.315033,84.052069],[26.494136,84.0468],[26.600759,84.043524],[26.804087,84.03701],[26.90528,84.033639],[27.524814,84.011914],[27.60175,84.009098],[27.755134,84.00333],[27.831517,84.00038],[28.13569,83.988263],[28.211339,83.985158],[28.362056,83.978812],[28.380486,83.978029],[28.437562,83.975553],[28.477057,83.973811],[28.508565,83.972414],[28.556129,83.970292],[28.587797,83.96887],[28.635249,83.966728],[28.666842,83.965293],[28.714338,83.963123],[28.747782,83.961586],[28.810678,83.958673],[28.886806,83.955113],[28.957027,83.951793],[28.978711,83.945807],[29.006274,83.943236],[29.047178,83.942714],[29.07948,83.94007],[29.108997,83.940523],[29.133177,83.939687],[29.160573,83.937639],[29.189419,83.936725],[29.214,83.936849],[29.242408,83.935115],[29.269846,83.934258],[29.291994,83.93377],[29.324188,83.932557],[29.356893,83.931624],[29.379846,83.930774],[29.407081,83.929907],[29.428768,83.929122],[29.461968,83.928146],[29.493535,83.926931],[29.5177,83.92574],[29.543196,83.925608],[29.570674,83.924842],[29.600483,83.924007],[29.644443,83.922772],[29.688532,83.92153],[29.718252,83.92069],[29.753634,83.919684],[29.793303,83.917338],[29.834942,83.916056],[29.882036,83.914601],[29.921978,83.913681],[29.955699,83.91213],[30.001584,83.911182],[30.041216,83.909304],[30.187526,83.910899],[30.224071,83.90991],[30.297086,83.907901],[30.333545,83.906881],[30.368854,83.905877],[30.406986,83.904782],[30.470542,83.902936],[30.509095,83.901802],[30.555797,83.900413],[30.593158,83.899295],[30.623573,83.89838],[30.650448,83.897567],[30.681959,83.896611],[30.711409,83.895713],[30.744612,83.894692],[30.799353,83.892991],[30.832136,83.891962],[30.862041,83.891016],[30.890962,83.890091],[30.948738,83.88822],[30.977584,83.887275],[31.092824,83.88345],[31.121581,83.882483],[31.179039,83.880529],[31.208287,83.879522],[31.249256,83.878097],[31.284466,83.876864],[31.335506,83.875063],[31.387418,83.873218],[31.439466,83.871355],[31.491486,83.86948],[31.543466,83.867593],[31.595406,83.865694],[31.647307,83.863784],[31.699168,83.861862],[31.750989,83.859929],[31.802779,83.857983],[31.854294,83.856035],[31.894879,83.854491],[31.94318,83.852623],[32.038977,83.848856],[32.086746,83.846945],[32.276579,83.839201],[32.323876,83.837235],[32.418254,83.833246],[32.465319,83.831225],[32.495202,83.829923],[32.535942,83.828134],[32.601725,83.825216],[32.641583,83.823431],[32.679169,83.821735],[32.726994,83.819564],[32.77672,83.817294],[32.826528,83.815008],[32.876291,83.81271],[32.926007,83.810401],[32.975675,83.808081],[33.025296,83.80575],[33.074868,83.803408],[33.124382,83.801055],[33.173437,83.798711],[33.219559,83.796494],[33.256668,83.794696],[33.339188,83.790653],[33.376469,83.788809],[33.39743,83.787765],[33.427427,83.786346],[33.516617,83.782122],[33.655497,83.77528],[33.739397,83.770971],[33.772336,83.769443],[33.805611,83.767879],[33.889864,83.763875],[34.052537,83.755779],[34.275362,83.744134],[34.255152,83.75439],[34.400069,83.772654],[35.384624,83.880325],[36.448358,83.98109],[37.58956,84.074385],[37.917379,84.097879],[38.201018,84.143587],[39.072043,84.266341],[40.035887,84.383468],[40.060482,84.386119],[40.08502,84.389021],[41.143408,84.499946],[42.295844,84.604019],[42.761191,84.641873],[42.784332,84.6437],[43.556036,84.701779],[44.345478,84.754775],[45.02936,84.799312],[46.454165,84.879167],[47.960189,84.949739],[48.094076,84.955093],[48.51708,84.974314],[50.104208,85.035174],[51.756824,85.085702],[52.603336,85.106932],[52.652271,85.10807],[53.493644,85.126158],[55.243744,85.154827],[57.022912,85.172133],[58.796547,85.177881],[58.860347,85.178006],[60.0,85.17433],[60.0,51.967198],[60.0,51.956629],[60.0,50.802786],[59.995998,50.798035],[59.983243,50.78516],[59.974831,50.767822],[59.986228,50.724735],[59.993493,50.704651],[59.996472,50.675125],[59.963704,50.661736],[59.910082,50.635815],[59.868259,50.604744],[59.862314,50.598907],[59.817999,50.540714],[59.813946,50.537281],[59.782872,50.542431],[59.774225,50.540886],[59.625636,50.533848],[59.608811,50.53009],[59.522702,50.500717],[59.512706,50.498314],[59.511085,50.500202],[59.511625,50.506039],[59.51892,50.531445],[59.466777,50.545864],[59.472679,50.568352],[59.472138,50.57539],[59.468621,50.585861],[59.520104,50.57823],[59.568851,50.572923],[59.566742,50.576667],[59.57,50.581667],[59.567437,50.584837],[59.55791,50.588843],[59.538269,50.607963],[59.512993,50.609894],[59.503523,50.612125],[59.487261,50.634613],[59.481305,50.640278],[59.474267,50.642338],[59.423103,50.639591],[59.353546,50.646629],[59.304829,50.653324],[59.295086,50.652637],[59.282095,50.636158],[59.277494,50.636158],[59.239783,50.663795],[59.230841,50.666199],[59.208344,50.667744],[59.19669,50.671692],[59.182327,50.671864],[59.167692,50.669117],[59.156852,50.669975],[59.118368,50.683365],[59.11389,50.683703],[59.105476,50.680143],[59.093246,50.67771],[59.082088,50.67752],[59.072027,50.682753],[59.039177,50.691605],[59.018337,50.689611],[58.996064,50.693321],[58.884594,50.697441],[58.876466,50.701046],[58.868337,50.702763],[58.862647,50.706367],[58.862647,50.708427],[58.859938,50.710144],[58.862376,50.712204],[58.862376,50.718384],[58.861022,50.719585],[58.853164,50.721302],[58.85208,50.722847],[58.854519,50.723362],[58.848558,50.726624],[58.847199,50.735035],[58.851805,50.742588],[58.848825,50.745506],[58.845253,50.746879],[58.839554,50.747223],[58.828697,50.746021],[58.821641,50.746536],[58.817841,50.74894],[58.807799,50.760098],[58.783297,50.777264],[58.778948,50.7831],[58.778133,50.789451],[58.781394,50.790825],[58.787917,50.789966],[58.791723,50.788422],[58.796343,50.783958],[58.799877,50.783615],[58.800692,50.785503],[58.774327,50.815029],[58.690078,50.810394],[58.659367,50.809193],[58.657737,50.810051],[58.662987,50.839233],[58.665347,50.842323],[58.69665,50.850563],[58.688484,50.885754],[58.633227,50.87923],[58.601653,50.871162],[58.598114,50.873051],[58.594872,50.888672],[58.585593,50.911674],[58.581435,50.939484],[58.604612,50.946693],[58.591797,50.973301],[58.637331,50.985832],[58.588741,51.050549],[58.56135,51.065311],[58.51953,51.084538],[58.453388,51.080933],[58.381344,51.075402],[58.377409,51.078701],[58.373002,51.108398],[58.362875,51.135349],[58.34919,51.168823],[58.341799,51.178951],[58.341114,51.179005],[58.333059,51.179638],[58.329759,51.179457],[58.329161,51.179423],[58.328066,51.17363],[58.32277,51.172771],[58.321129,51.173973],[58.311918,51.170969],[58.31265,51.168136],[58.315112,51.16642],[58.319214,51.16745],[58.321402,51.166763],[58.322223,51.164017],[58.321676,51.161442],[58.314564,51.158524],[58.317026,51.152515],[58.314838,51.15097],[58.310735,51.152],[58.309368,51.156464],[58.30718,51.157493],[58.304445,51.156464],[58.303898,51.15303],[58.294052,51.151657],[58.290223,51.158352],[58.288582,51.158867],[58.284753,51.155605],[58.28612,51.153717],[58.283659,51.152],[58.28065,51.145992],[58.278462,51.144962],[58.274633,51.147194],[58.272992,51.152515],[58.269983,51.153889],[58.267522,51.153374],[58.267248,51.143932],[58.264787,51.142731],[58.255761,51.144619],[58.245095,51.144791],[58.23853,51.139469],[58.23853,51.136551],[58.235248,51.134834],[58.228958,51.132603],[58.216103,51.130371],[58.207671,51.130328],[58.204591,51.129169],[58.202975,51.12711],[58.204889,51.122818],[58.210359,51.115437],[58.216103,51.112862],[58.218565,51.1096],[58.21665,51.097069],[58.208992,51.088486],[58.179727,51.086769],[58.173163,51.085224],[58.170428,51.082477],[58.170701,51.078358],[58.176992,51.069088],[58.177265,51.065655],[58.171248,51.062565],[58.164684,51.06205],[58.158667,51.065826],[58.151283,51.064796],[58.136197,51.066813],[58.126667,51.070633],[58.107248,51.070976],[58.103966,51.069603],[58.094942,51.073036],[58.093575,51.076469],[58.086737,51.082821],[58.083182,51.083508],[58.081267,51.085224],[58.083455,51.093292],[58.090566,51.102219],[58.090292,51.118698],[58.087558,51.12093],[58.079079,51.12299],[58.073336,51.122818],[58.067045,51.120071],[58.060755,51.113205],[58.058107,51.112335],[58.036687,51.109428],[58.018909,51.094837],[58.00414,51.091232],[57.996209,51.093979],[57.974055,51.090546],[57.969952,51.091061],[57.952995,51.086254],[57.947526,51.086082],[57.942602,51.087799],[57.931936,51.09724],[57.920996,51.117325],[57.917714,51.118183],[57.914705,51.115265],[57.906774,51.11269],[57.887355,51.110287],[57.885441,51.105309],[57.881338,51.101017],[57.86821,51.098957],[57.861354,51.103077],[57.851506,51.106167],[57.849865,51.11063],[57.847403,51.112003],[57.8433,51.111317],[57.830717,51.112518],[57.823331,51.122646],[57.821689,51.128998],[57.814304,51.134663],[57.812115,51.138783],[57.809106,51.139469],[57.78859,51.138268],[57.772735,51.130543],[57.761546,51.092949],[57.753084,51.053467],[57.754446,50.949097],[57.756626,50.926609],[57.754174,50.922489],[57.747159,50.920215],[57.743993,50.920794],[57.734495,50.926072],[57.727041,50.928133],[57.723262,50.928068],[57.702847,50.922961],[57.693861,50.918026],[57.680465,50.915157],[57.67735,50.927982],[57.674082,50.932789],[57.667544,50.934849],[57.646024,50.934849],[57.625867,50.932617],[57.556803,50.933154],[57.528362,50.916041],[57.525596,50.909065],[57.521438,50.905184],[57.522374,50.902705],[57.525,50.90125],[57.524867,50.898624],[57.513955,50.88644],[57.512051,50.878544],[57.505795,50.876827],[57.474514,50.878716],[57.466082,50.883179],[57.457106,50.884724],[57.426913,50.893822],[57.419297,50.895023],[57.40586,50.904121],[57.392238,50.909099],[57.381068,50.918713],[57.375892,50.919571],[57.366084,50.923691],[57.363632,50.926781],[57.347558,50.932446],[57.345378,50.935192],[57.339929,50.935707],[57.335025,50.938625],[57.328487,50.940514],[57.324945,50.944462],[57.327669,50.952186],[57.326852,50.958023],[57.319496,50.972614],[57.308602,50.976391],[57.308057,50.978279],[57.315151,50.980511],[57.316243,50.986176],[57.314333,50.989437],[57.307238,50.998192],[57.304237,50.998192],[57.301235,50.99596],[57.301781,50.994587],[57.294141,50.997677],[57.296051,50.999565],[57.29496,51.001625],[57.289502,51.00214],[57.288411,51.004715],[57.29496,51.005573],[57.295233,51.00729],[57.290867,51.007977],[57.289502,51.009521],[57.294414,51.010551],[57.289502,51.013985],[57.290048,51.016388],[57.285682,51.019135],[57.285409,51.022053],[57.288411,51.021709],[57.290028,51.02449],[57.285409,51.029606],[57.285694,51.032005],[57.283615,51.032674],[57.268414,51.030646],[57.264109,51.02834],[57.259198,51.02739],[57.244372,51.026564],[57.227641,51.033109],[57.224762,51.035957],[57.223671,51.044369],[57.228856,51.051064],[57.227492,51.054325],[57.204465,51.072865],[57.187519,51.102905],[57.185332,51.110802],[57.181779,51.11269],[57.167293,51.108913],[57.156633,51.103592],[57.150347,51.101875],[57.1457,51.098614],[57.142967,51.094151],[57.145427,51.088486],[57.031778,51.068058],[56.987521,51.062393],[56.968632,51.075127],[56.959368,51.079388],[56.946796,51.087627],[56.939144,51.087627],[56.894596,51.063938],[56.88667,51.062908],[56.829551,51.083851],[56.784737,51.093636],[56.767247,51.091576],[56.747298,51.083508],[56.73664,51.082477],[56.723011,51.07812],[56.715156,51.076512],[56.706012,51.077566],[56.701714,51.076469],[56.699804,51.074409],[56.704443,51.063251],[56.750558,50.982399],[56.749466,50.978451],[56.721777,50.970039],[56.716599,50.972099],[56.704608,50.971928],[56.702155,50.973472],[56.70161,50.979652],[56.698885,50.981884],[56.689346,50.987034],[56.681715,50.989094],[56.664001,50.985317],[56.654463,50.987034],[56.644652,50.987377],[56.635386,50.986176],[56.625778,50.986004],[56.624141,50.987549],[56.619503,50.986862],[56.613773,50.991497],[56.618139,50.995273],[56.611045,51.00008],[56.608317,50.999908],[56.605316,51.00729],[56.596858,51.013126],[56.583762,51.013985],[56.578851,51.01965],[56.57012,51.022053],[56.560298,51.023083],[56.557297,51.029606],[56.557024,51.034927],[56.55184,51.03836],[56.551021,51.040764],[56.545565,51.041965],[56.545292,51.044197],[56.538744,51.044884],[56.534652,51.051235],[56.535286,51.054325],[56.532277,51.058102],[56.532277,51.06102],[56.526807,51.062737],[56.527901,51.068916],[56.525166,51.072865],[56.521883,51.071491],[56.518601,51.071663],[56.518327,51.074066],[56.514224,51.075439],[56.508986,51.082306],[56.449928,51.058445],[56.461612,50.965919],[56.459161,50.962829],[56.439277,50.962658],[56.421572,50.965405],[56.410949,50.965405],[56.384527,50.962658],[56.378263,50.960083],[56.374994,50.955105],[56.375811,50.945663],[56.383438,50.944462],[56.38943,50.940685],[56.388068,50.934505],[56.379352,50.923691],[56.369027,50.907211],[56.363854,50.901546],[56.359498,50.900688],[56.33589,50.900811],[56.299876,50.902748],[56.286264,50.904465],[56.242139,50.915506],[56.224448,50.921288],[56.183058,50.93811],[56.174072,50.902405],[56.162907,50.888844],[56.153979,50.873394],[56.134144,50.832024],[56.126536,50.790653],[56.139556,50.757694],[56.139014,50.754089],[56.096172,50.72834],[56.054414,50.694351],[56.010767,50.672314],[55.960457,50.658302],[55.923894,50.646114],[55.912789,50.638046],[55.90173,50.621052],[55.89713,50.620365],[55.875482,50.624142],[55.86114,50.624828],[55.838951,50.623627],[55.818656,50.618134],[55.816491,50.61367],[55.797549,50.606289],[55.773558,50.587749],[55.75167,50.58157],[55.744915,50.578308],[55.73762,50.565434],[55.735998,50.549984],[55.733296,50.548782],[55.71303,50.549812],[55.703843,50.555649],[55.661348,50.560627],[55.624826,50.577793],[55.618603,50.581913],[55.614275,50.599937],[55.609946,50.602169],[55.590197,50.605087],[55.56639,50.602684],[55.558815,50.603886],[55.534683,50.613327],[55.529809,50.649032],[55.523581,50.657101],[55.514103,50.664825],[55.500293,50.66843],[55.455614,50.671864],[55.415465,50.678418],[55.403072,50.679245],[55.382489,50.651779],[55.289499,50.711346],[55.146185,50.798721],[55.115773,50.805073],[55.056577,50.814686],[55.061677,50.820179],[55.09704,50.84816],[55.126963,50.873909],[55.125668,50.882149],[55.126757,50.883694],[55.120769,50.887813],[55.12213,50.889187],[55.124852,50.8885],[55.127301,50.889359],[55.127573,50.893478],[55.130839,50.894508],[55.127029,50.898285],[55.110698,50.89983],[55.10961,50.90189],[55.101172,50.903778],[55.100628,50.905666],[55.106072,50.906181],[55.105255,50.907726],[55.103078,50.909099],[55.098179,50.907898],[55.09464,50.909614],[55.095729,50.912018],[55.098451,50.911503],[55.09954,50.912361],[55.09083,50.917339],[55.088108,50.916824],[55.084842,50.918541],[55.085659,50.920944],[55.077221,50.920773],[55.071778,50.924034],[55.067695,50.922146],[55.062796,50.926266],[55.060346,50.925751],[55.058985,50.922146],[55.055175,50.920257],[55.052453,50.924377],[55.043471,50.921459],[55.046193,50.918369],[55.043471,50.916653],[55.040205,50.919228],[55.032312,50.916653],[55.030135,50.914249],[55.030951,50.909786],[55.029046,50.906525],[55.023331,50.909614],[55.01656,50.908413],[55.017375,50.906696],[55.021726,50.905666],[55.020095,50.904636],[55.014928,50.905495],[55.011937,50.907898],[55.007586,50.906696],[54.964188,50.906525],[54.928802,50.912876],[54.902942,50.919742],[54.908418,50.936565],[54.895599,50.940342],[54.889053,50.943947],[54.898599,50.959053],[54.886872,50.964375],[54.841052,50.977249],[54.789466,50.986862],[54.784827,50.989094],[54.768455,50.998707],[54.758631,51.007633],[54.753719,51.013813],[54.749681,51.022568],[54.736023,51.023254],[54.733564,51.025658],[54.733018,51.029263],[54.740394,51.036472],[54.740394,51.038532],[54.73298,51.042995],[54.730252,51.041622],[54.726704,51.034927],[54.723157,51.033554],[54.719064,51.034241],[54.708694,51.039906],[54.697233,51.040592],[54.693686,51.03939],[54.691776,51.037331],[54.704055,51.030636],[54.704601,51.028919],[54.700783,51.024113],[54.697505,51.022568],[54.696959,51.020679],[54.701352,51.01862],[54.701642,51.017933],[54.70051,51.017246],[54.692296,51.015723],[54.685474,51.01686],[54.680032,51.018448],[54.67403,51.024284],[54.669632,51.025615],[54.658752,51.023769],[54.655206,51.025658],[54.654282,51.030078],[54.651962,51.027546],[54.653327,51.023426],[54.651932,51.021023],[54.642929,51.019306],[54.621377,51.022224],[54.612102,51.019135],[54.608709,51.019006],[54.602638,51.01995],[54.602058,51.028061],[54.594177,51.029922],[54.589189,51.028812],[54.58051,51.022053],[54.566872,51.017246],[54.566599,51.014328],[54.570145,51.012955],[54.574782,51.012611],[54.579419,51.015873],[54.583184,51.009178],[54.573362,51.004715],[54.56927,51.0042],[54.553993,51.008148],[54.550173,51.006775],[54.548809,51.004887],[54.547991,51.00111],[54.549628,50.998878],[54.553174,50.996132],[54.558903,50.994415],[54.561358,50.99184],[54.56054,50.985832],[54.56245,50.984116],[54.569543,50.980682],[54.574453,50.980511],[54.581547,50.975876],[54.580728,50.973644],[54.578,50.972614],[54.570361,50.972786],[54.567906,50.971241],[54.568724,50.969696],[54.574181,50.967464],[54.571279,50.965919],[54.562011,50.966263],[54.55874,50.963688],[54.560648,50.962315],[54.572271,50.961285],[54.574726,50.956135],[54.574726,50.95047],[54.583729,50.946178],[54.593823,50.944805],[54.593823,50.941372],[54.592459,50.93914],[54.58864,50.935707],[54.58673,50.937252],[54.580728,50.937252],[54.578546,50.939655],[54.579091,50.942402],[54.576636,50.942917],[54.572817,50.942917],[54.569543,50.941715],[54.570361,50.94017],[54.575272,50.939827],[54.574181,50.938282],[54.571998,50.938454],[54.568452,50.934677],[54.564087,50.934505],[54.559176,50.936222],[54.558903,50.934849],[54.565178,50.932102],[54.566764,50.930214],[54.568671,50.926437],[54.566491,50.922489],[54.563767,50.923004],[54.560771,50.926781],[54.55723,50.927467],[54.550964,50.934334],[54.547151,50.935535],[54.541703,50.934334],[54.539251,50.935707],[54.531079,50.934677],[54.527537,50.932617],[54.527537,50.929184],[54.53462,50.928841],[54.539523,50.924034],[54.54271,50.924377],[54.547063,50.928669],[54.550599,50.928326],[54.556311,50.925064],[54.558759,50.920944],[54.563928,50.918541],[54.56692,50.915108],[54.579161,50.918198],[54.583513,50.916138],[54.586777,50.919399],[54.594122,50.920086],[54.59929,50.923004],[54.614251,50.920773],[54.618332,50.924892],[54.625132,50.924206],[54.62486,50.922489],[54.640093,50.920086],[54.650974,50.915966],[54.657503,50.915451],[54.665663,50.919399],[54.669472,50.918198],[54.668111,50.916481],[54.67192,50.915451],[54.670831,50.906696],[54.697849,50.89056],[54.683995,50.834942],[54.657655,50.822754],[54.685624,50.778637],[54.682127,50.7201],[54.688357,50.710831],[54.697026,50.702248],[54.710028,50.694351],[54.713832,50.685768],[54.712477,50.68388],[54.714103,50.678558],[54.711394,50.668602],[54.719793,50.664482],[54.719793,50.651608],[54.724399,50.648689],[54.722068,50.64576],[54.722231,50.641308],[54.718709,50.639935],[54.719251,50.637531],[54.721418,50.635815],[54.7245,50.62843],[54.728734,50.626717],[54.731248,50.619155],[54.721458,50.607319],[54.71497,50.605259],[54.708213,50.600624],[54.690102,50.594616],[54.684155,50.590668],[54.665774,50.576935],[54.634689,50.548954],[54.620689,50.538654],[54.61502,50.536766],[54.607461,50.539684],[54.601791,50.546551],[54.598012,50.555649],[54.592612,50.559425],[54.587483,50.558395],[54.576684,50.553417],[54.564805,50.545521],[54.561403,50.542295],[54.549417,50.530929],[54.543208,50.528355],[54.52431,50.536594],[54.490995,50.554276],[54.470709,50.565605],[54.414449,50.621738],[54.42471,50.634785],[54.434737,50.654182],[54.437447,50.669289],[54.437176,50.677185],[54.445034,50.68903],[54.454512,50.71392],[54.463057,50.727568],[54.462921,50.740957],[54.463841,50.7456],[54.464187,50.745587],[54.464414,50.745703],[54.464561,50.745881],[54.46477,50.746019],[54.465046,50.746129],[54.46528,50.746339],[54.465469,50.746716],[54.465682,50.7472],[54.465886,50.747754],[54.466113,50.748247],[54.466339,50.748684],[54.466621,50.749063],[54.466654,50.751541],[54.466977,50.75163],[54.467297,50.75172],[54.467498,50.751855],[54.467493,50.752016],[54.467288,50.752143],[54.46699,50.752291],[54.466742,50.752639],[54.466536,50.753229],[54.466276,50.753813],[54.466274,50.757543],[54.466531,50.758534],[54.466739,50.759591],[54.467006,50.760202],[54.467351,50.760492],[54.467603,50.760888],[54.467499,50.761494],[54.466713,50.761912],[54.474839,50.775719],[54.474296,50.778637],[54.48381,50.786705],[54.48381,50.789108],[54.487344,50.789451],[54.496043,50.796833],[54.499848,50.796146],[54.50447,50.799408],[54.508819,50.804901],[54.51344,50.806103],[54.516158,50.808163],[54.515343,50.810738],[54.518061,50.811081],[54.515887,50.816574],[54.519692,50.817947],[54.526488,50.823612],[54.528663,50.82756],[54.52975,50.836143],[54.533012,50.840435],[54.5341,50.847473],[54.525183,50.85228],[54.515659,50.853996],[54.49879,50.853481],[54.452806,50.849018],[54.449813,50.852795],[54.439823,50.877686],[54.42811,50.878887],[54.420483,50.875626],[54.414762,50.87614],[54.403049,50.88129],[54.396104,50.880947],[54.378967,50.884895],[54.370807,50.883694],[54.362139,50.884037],[54.358023,50.885754],[54.342832,50.902061],[54.332487,50.906868],[54.328948,50.907211],[54.32677,50.90498],[54.331398,50.90086],[54.32922,50.900173],[54.310436,50.908241],[54.307441,50.90704],[54.304991,50.901375],[54.302541,50.900173],[54.290837,50.900002],[54.285396,50.905666],[54.280772,50.914078],[54.28186,50.924721],[54.286757,50.930042],[54.287034,50.940857],[54.284034,50.943089],[54.274216,50.94532],[54.27258,50.94738],[54.272853,50.949268],[54.276125,50.949955],[54.280489,50.945835],[54.287853,50.946865],[54.288943,50.94841],[54.280489,50.953045],[54.265216,50.949955],[54.258943,50.951328],[54.255943,50.95665],[54.252944,50.95768],[54.249943,50.957508],[54.245307,50.953217],[54.241216,50.954933],[54.231943,50.953732],[54.223216,50.956478],[54.216398,50.962658],[54.207944,50.960255],[54.199489,50.96386],[54.192671,50.969181],[54.190489,50.974331],[54.191307,50.976391],[54.196762,50.981197],[54.204671,50.985661],[54.204398,50.987377],[54.195671,50.993557],[54.189125,50.995617],[54.185307,50.99596],[54.180125,50.992699],[54.173307,50.99184],[54.173307,50.997162],[54.17658,50.999222],[54.17958,50.999565],[54.180398,51.001625],[54.176853,51.006603],[54.17658,51.010208],[54.171398,51.011238],[54.160489,51.008663],[54.158307,51.009521],[54.159944,51.01244],[54.171944,51.018105],[54.172762,51.020508],[54.168126,51.026516],[54.168671,51.029263],[54.174398,51.031151],[54.181216,51.028061],[54.181216,51.023769],[54.184216,51.023941],[54.193489,51.028748],[54.193216,51.033382],[54.186398,51.037846],[54.183398,51.041794],[54.170307,51.045742],[54.167035,51.052437],[54.160762,51.058102],[54.16158,51.065826],[54.159398,51.066856],[54.146042,51.063938],[54.142489,51.061363],[54.143582,51.05793],[54.149868,51.055527],[54.149595,51.053123],[54.146315,51.051579],[54.138116,51.052265],[54.138663,51.056213],[54.130191,51.062565],[54.131011,51.064796],[54.151781,51.072865],[54.150415,51.079559],[54.151235,51.088142],[54.146042,51.097584],[54.140303,51.102047],[54.138936,51.106682],[54.123631,51.113377],[54.103407,51.11784],[54.093842,51.11681],[54.084276,51.118355],[54.071158,51.122131],[54.048474,51.131916],[54.040548,51.136894],[54.036449,51.143074],[54.037542,51.144447],[54.042735,51.144276],[54.053667,51.148567],[54.05558,51.14994],[54.055033,51.152515],[54.051754,51.153717],[54.046561,51.153545],[54.043008,51.152172],[54.035082,51.153202],[54.026063,51.162815],[54.02251,51.162815],[54.019504,51.161098],[54.013064,51.159897],[54.003755,51.162472],[53.992255,51.169682],[53.978565,51.164703],[53.974458,51.165047],[53.970625,51.166763],[53.971447,51.174488],[53.968709,51.177063],[53.964054,51.177406],[53.956114,51.181183],[53.935579,51.185303],[53.932567,51.187019],[53.933115,51.191311],[53.931198,51.194572],[53.912032,51.198521],[53.911758,51.201095],[53.904092,51.204185],[53.900532,51.203671],[53.899163,51.200066],[53.895056,51.196804],[53.888157,51.197491],[53.882746,51.200323],[53.871236,51.192341],[53.867062,51.192727],[53.867884,51.197405],[53.866377,51.200409],[53.864597,51.200924],[53.858706,51.199594],[53.858227,51.195516],[53.85583,51.192555],[53.856378,51.18968],[53.854323,51.189165],[53.84857,51.190238],[53.84405,51.19307],[53.839201,51.192169],[53.835642,51.195946],[53.831808,51.197319],[53.822773,51.193027],[53.817297,51.193714],[53.817297,51.195259],[53.820035,51.195946],[53.826332,51.201095],[53.825237,51.202984],[53.822773,51.203671],[53.817571,51.202469],[53.813464,51.203156],[53.808801,51.214828],[53.803049,51.212082],[53.793461,51.214142],[53.787983,51.213627],[53.783874,51.214657],[53.782504,51.210537],[53.785792,51.209164],[53.78497,51.206074],[53.782778,51.205559],[53.778943,51.208477],[53.772369,51.211052],[53.772095,51.213455],[53.770178,51.214657],[53.767712,51.214828],[53.766891,51.211052],[53.764151,51.211224],[53.765247,51.209679],[53.760316,51.211395],[53.759221,51.21294],[53.757851,51.212082],[53.757029,51.209164],[53.760043,51.209507],[53.760316,51.208134],[53.758125,51.206589],[53.761412,51.20779],[53.761412,51.20676],[53.751277,51.20573],[53.748264,51.207962],[53.749086,51.203671],[53.740868,51.205215],[53.735937,51.207619],[53.741416,51.21294],[53.743881,51.213284],[53.739498,51.21706],[53.735389,51.216888],[53.734841,51.215687],[53.738129,51.213799],[53.737855,51.212597],[53.730733,51.213627],[53.724706,51.215858],[53.721419,51.215172],[53.720323,51.216888],[53.722515,51.222553],[53.713475,51.223927],[53.711832,51.221695],[53.709914,51.223068],[53.714571,51.225643],[53.714297,51.226673],[53.711832,51.227016],[53.70964,51.225128],[53.706627,51.224957],[53.704162,51.227531],[53.700327,51.22633],[53.698683,51.22324],[53.694301,51.22118],[53.691578,51.223411],[53.69651,51.224785],[53.697332,51.227016],[53.694044,51.229248],[53.693222,51.236115],[53.68966,51.236286],[53.69103,51.234226],[53.685276,51.232681],[53.683906,51.231308],[53.686646,51.229935],[53.688016,51.225815],[53.676234,51.226158],[53.675138,51.224785],[53.676508,51.223411],[53.675138,51.222553],[53.672124,51.227016],[53.67048,51.225471],[53.668561,51.225471],[53.66774,51.226501],[53.670753,51.22839],[53.663082,51.230106],[53.66089,51.233368],[53.66363,51.238689],[53.659245,51.238174],[53.659245,51.235943],[53.656505,51.238689],[53.660342,51.242466],[53.657876,51.243668],[53.658697,51.245556],[53.657053,51.248474],[53.660068,51.252251],[53.659793,51.25534],[53.670205,51.256886],[53.669932,51.259804],[53.660068,51.257057],[53.660068,51.259632],[53.658697,51.260147],[53.653765,51.25843],[53.654039,51.261692],[53.646093,51.262207],[53.643627,51.264095],[53.647463,51.26564],[53.647737,51.267872],[53.649107,51.268215],[53.652121,51.264439],[53.653765,51.264439],[53.655409,51.267529],[53.651025,51.268559],[53.648285,51.271133],[53.647189,51.269417],[53.644997,51.269932],[53.648559,51.273708],[53.647189,51.274567],[53.640065,51.273022],[53.645545,51.27594],[53.642531,51.277141],[53.634037,51.27388],[53.633489,51.270447],[53.630475,51.270447],[53.628009,51.276455],[53.626639,51.276798],[53.625543,51.274738],[53.623625,51.27491],[53.617323,51.278687],[53.617567,51.28006],[53.620859,51.279888],[53.625247,51.282806],[53.620036,51.284008],[53.618116,51.286926],[53.61455,51.286583],[53.614001,51.284351],[53.608241,51.288815],[53.613452,51.293793],[53.607966,51.294308],[53.608241,51.291733],[53.60632,51.291218],[53.604949,51.292419],[53.606046,51.298256],[53.610984,51.300488],[53.609886,51.301346],[53.604126,51.300316],[53.605497,51.303577],[53.601931,51.302032],[53.595622,51.306152],[53.598091,51.310787],[53.602206,51.312332],[53.602754,51.31628],[53.604126,51.316795],[53.609612,51.314907],[53.603852,51.320228],[53.604949,51.322975],[53.615373,51.326065],[53.615098,51.32452],[53.617567,51.323662],[53.617567,51.326408],[53.62031,51.32658],[53.619825,51.329155],[53.622573,51.328125],[53.615978,51.332073],[53.623947,51.33276],[53.625046,51.335506],[53.622298,51.336021],[53.620924,51.33894],[53.626145,51.341171],[53.621474,51.341514],[53.624221,51.343403],[53.628343,51.34409],[53.626969,51.345291],[53.624771,51.344948],[53.622023,51.342373],[53.616253,51.341343],[53.614605,51.343403],[53.618451,51.345806],[53.622023,51.345463],[53.621199,51.346664],[53.614055,51.347694],[53.616803,51.355076],[53.618177,51.355076],[53.619276,51.352501],[53.620649,51.353359],[53.621748,51.355247],[53.619825,51.356277],[53.611308,51.354046],[53.610209,51.350441],[53.602515,51.350784],[53.600592,51.349754],[53.600043,51.351986],[53.60279,51.355934],[53.600043,51.355419],[53.599218,51.354046],[53.595921,51.355247],[53.595647,51.358337],[53.599218,51.358852],[53.600592,51.3628],[53.596746,51.362629],[53.599218,51.364689],[53.606087,51.364689],[53.606362,51.365891],[53.603065,51.367092],[53.606362,51.368122],[53.606362,51.369667],[53.609659,51.37104],[53.608011,51.372757],[53.612956,51.372585],[53.611583,51.37104],[53.615704,51.369495],[53.618177,51.370697],[53.617077,51.368637],[53.621474,51.369667],[53.622298,51.368122],[53.619001,51.367264],[53.618726,51.366234],[53.620649,51.364002],[53.623397,51.366749],[53.628068,51.36692],[53.629167,51.372585],[53.633563,51.372757],[53.632189,51.374645],[53.633013,51.375675],[53.635486,51.375675],[53.636304,51.377392],[53.633828,51.378422],[53.628327,51.377735],[53.622551,51.379108],[53.625852,51.381683],[53.629977,51.380825],[53.634928,51.383915],[53.623651,51.38546],[53.622826,51.38752],[53.624201,51.388378],[53.626402,51.386662],[53.628877,51.386662],[53.628052,51.39061],[53.629313,51.392155],[53.627937,51.394043],[53.620506,51.3937],[53.613074,51.397133],[53.599312,51.395244],[53.595183,51.398163],[53.592706,51.403999],[53.587201,51.407261],[53.583898,51.412067],[53.575366,51.414814],[53.568485,51.414471],[53.566833,51.416359],[53.567659,51.418075],[53.575916,51.425457],[53.575091,51.429234],[53.570962,51.432667],[53.565182,51.43198],[53.553897,51.425629],[53.537107,51.431122],[53.528299,51.426487],[53.520042,51.425114],[53.518115,51.430779],[53.518941,51.433868],[53.517289,51.434727],[53.508482,51.434555],[53.501325,51.430264],[53.498297,51.430435],[53.482058,51.442108],[53.483159,51.447945],[53.491416,51.449833],[53.488939,51.453609],[53.480407,51.453609],[53.460386,51.437999],[53.444999,51.440381],[53.442107,51.441733],[53.440497,51.457043],[53.437828,51.458189],[53.432777,51.467857],[53.382595,51.49395],[53.37515,51.495495],[53.347027,51.49704],[53.339858,51.50631],[53.334677,51.509196],[53.333559,51.509743],[53.325421,51.509914],[53.319077,51.508455],[53.304621,51.502533],[53.291824,51.500816],[53.288352,51.499073],[53.285046,51.494722],[53.2867,51.487512],[53.284633,51.484938],[53.27843,51.481933],[53.274847,51.482363],[53.267718,51.487126],[53.260342,51.48953],[53.258274,51.492105],[53.256344,51.495409],[53.262272,51.502533],[53.262755,51.50528],[53.256137,51.511202],[53.250415,51.511803],[53.239969,51.510344],[53.220122,51.510472],[53.207294,51.503649],[53.202257,51.502876],[53.199154,51.503348],[53.184464,51.510558],[53.179128,51.513948],[53.17761,51.516523],[53.179705,51.520343],[53.194722,51.52648],[53.195912,51.528668],[53.195154,51.531801],[53.19205,51.533947],[53.18405,51.534848],[53.178394,51.532359],[53.17416,51.526566],[53.172394,51.519141],[53.169258,51.517845],[53.162292,51.518154],[53.155193,51.523904],[53.151585,51.525149],[53.146275,51.524591],[53.140489,51.519184],[53.142551,51.506696],[53.148273,51.50249],[53.160545,51.499701],[53.162712,51.49807],[53.159235,51.48983],[53.150962,51.485624],[53.141208,51.485109],[53.13483,51.486053],[53.1218,51.490431],[53.115871,51.490946],[53.106082,51.4885],[53.096269,51.488371],[53.088518,51.492791],[53.087553,51.495237],[53.077904,51.50322],[53.071425,51.504636],[53.064464,51.502018],[53.057847,51.489658],[53.043304,51.48983],[53.039904,51.488972],[53.034551,51.482277],[53.028326,51.480646],[53.013993,51.480217],[53.010376,51.479101],[53.002291,51.471891],[52.995816,51.473265],[52.988101,51.479359],[52.978182,51.48159],[52.970346,51.48498],[52.966195,51.482792],[52.966609,51.479273],[52.969226,51.476354],[52.97887,51.472664],[52.978319,51.47069],[52.975426,51.469746],[52.971103,51.469102],[52.963716,51.469917],[52.956,51.473093],[52.952281,51.476526],[52.944979,51.476869],[52.941672,51.47438],[52.941121,51.471548],[52.944565,51.468544],[52.955449,51.465197],[52.958841,51.462879],[52.95705,51.457086],[52.951953,51.455326],[52.944703,51.456013],[52.943187,51.457214],[52.941672,51.465111],[52.936161,51.47129],[52.936991,51.47953],[52.93382,51.482234],[52.928996,51.482878],[52.922517,51.480947],[52.916974,51.482363],[52.9159,51.483951],[52.91845,51.488543],[52.926489,51.49292],[52.926928,51.495967],[52.925549,51.496782],[52.917117,51.497769],[52.910639,51.495495],[52.907882,51.492705],[52.907046,51.48262],[52.902644,51.476698],[52.897255,51.476869],[52.891326,51.481161],[52.889671,51.483393],[52.88934,51.489787],[52.886176,51.490594],[52.884995,51.49086],[52.880034,51.488457],[52.881412,51.477299],[52.877553,51.475067],[52.873142,51.474724],[52.865699,51.477985],[52.865975,51.483822],[52.871764,51.489143],[52.886184,51.493357],[52.887548,51.493735],[52.894911,51.494122],[52.898634,51.496096],[52.900151,51.499014],[52.894911,51.506052],[52.886997,51.506266],[52.878932,51.503391],[52.859838,51.491246],[52.855771,51.490817],[52.852325,51.491547],[52.846052,51.497126],[52.844301,51.504421],[52.841296,51.505795],[52.837642,51.505795],[52.833407,51.502619],[52.833132,51.498327],[52.840813,51.491418],[52.841158,51.488886],[52.837268,51.48674],[52.833506,51.486311],[52.829164,51.487298],[52.825409,51.490688],[52.825961,51.498155],[52.8226,51.501612],[52.819698,51.501417],[52.815287,51.499185],[52.812461,51.491461],[52.807085,51.492276],[52.810383,51.499701],[52.8099,51.502018],[52.80618,51.504726],[52.800039,51.505108],[52.797691,51.503906],[52.795623,51.499958],[52.790521,51.498756],[52.788041,51.499572],[52.786246,51.50279],[52.786797,51.505537],[52.78859,51.507769],[52.794329,51.51033],[52.793626,51.512876],[52.787351,51.513219],[52.781422,51.510172],[52.780249,51.507554],[52.782179,51.503906],[52.781283,51.501245],[52.779628,51.500559],[52.773353,51.501675],[52.771356,51.505537],[52.772732,51.513991],[52.775215,51.517897],[52.77318,51.521101],[52.769943,51.521639],[52.766209,51.520533],[52.763497,51.513433],[52.757429,51.509313],[52.75674,51.50322],[52.759773,51.497812],[52.756887,51.495129],[52.748117,51.486654],[52.738467,51.483994],[52.720255,51.484476],[52.719096,51.484423],[52.694156,51.47747],[52.680372,51.479788],[52.674721,51.478329],[52.670862,51.474724],[52.670751,51.471763],[52.674748,51.468372],[52.688504,51.465797],[52.690985,51.463051],[52.690985,51.458588],[52.686575,51.456528],[52.677064,51.457644],[52.66273,51.471119],[52.66204,51.473093],[52.665073,51.482534],[52.663143,51.488371],[52.651565,51.490431],[52.645638,51.486225],[52.641825,51.474981],[52.644811,51.467686],[52.644259,51.464939],[52.641779,51.463394],[52.639712,51.462364],[52.632407,51.463566],[52.625625,51.472836],[52.623834,51.473737],[52.618348,51.473436],[52.614489,51.466226],[52.616694,51.463137],[52.624551,51.458416],[52.623724,51.456614],[52.620554,51.455154],[52.606268,51.456313],[52.594213,51.45318],[52.586372,51.455583],[52.583753,51.459703],[52.585131,51.462536],[52.596985,51.469231],[52.597674,51.471805],[52.592712,51.476011],[52.586096,51.477384],[52.580721,51.475925],[52.573967,51.468115],[52.565037,51.463223],[52.565143,51.455283],[52.562972,51.453266],[52.555153,51.451791],[52.552592,51.449556],[52.553473,51.443567],[52.551711,51.438549],[52.550542,51.440396],[52.546217,51.446979],[52.546217,51.449769],[52.536369,51.461763],[52.535124,51.466312],[52.536503,51.470604],[52.541466,51.475067],[52.55085,51.477299],[52.556777,51.480389],[52.55209,51.483049],[52.554296,51.484766],[52.549333,51.485367],[52.549333,51.486654],[52.552366,51.487427],[52.549333,51.489058],[52.549333,51.491032],[52.541476,51.491375],[52.540511,51.494722],[52.534859,51.494293],[52.532369,51.496782],[52.5303,51.496096],[52.528783,51.496868],[52.529611,51.500044],[52.524095,51.500301],[52.519269,51.49867],[52.518442,51.499786],[52.520097,51.502104],[52.518028,51.502962],[52.510031,51.50279],[52.506446,51.505194],[52.505618,51.50631],[52.508652,51.509056],[52.505894,51.510773],[52.507962,51.512403],[52.504515,51.513948],[52.502998,51.518412],[52.504791,51.521502],[52.508804,51.521845],[52.5077,51.52545],[52.50977,51.530685],[52.506733,51.534977],[52.503282,51.535149],[52.502454,51.536264],[52.50839,51.542272],[52.503144,51.542101],[52.502178,51.542702],[52.504939,51.544161],[52.497485,51.548195],[52.497218,51.552143],[52.487824,51.570854],[52.477325,51.583214],[52.454947,51.616516],[52.434418,51.631107],[52.419498,51.637449],[52.385405,51.682262],[52.376823,51.717796],[52.38126,51.719513],[52.365731,51.769295],[52.35963,51.775475],[52.323025,51.767235],[52.324134,51.761055],[52.334117,51.750755],[52.334395,51.743202],[52.237362,51.724319],[52.235571,51.727644],[52.234974,51.728755],[52.231539,51.735134],[52.206577,51.733418],[52.18273,51.733246],[52.17968,51.732388],[52.175193,51.720886],[52.175193,51.687927],[52.152221,51.682949],[52.089946,51.65823],[52.075001,51.673508],[52.056184,51.666813],[51.99862,51.667328],[51.999173,51.683292],[51.893744,51.682949],[51.894297,51.674023],[51.857275,51.672381],[51.862878,51.668519],[51.862567,51.663594],[51.864435,51.659925],[51.862256,51.657801],[51.863034,51.653745],[51.861011,51.650462],[51.851672,51.647758],[51.848248,51.648724],[51.845239,51.648145],[51.837152,51.640677],[51.826478,51.637813],[51.820104,51.627674],[51.816372,51.626032],[51.815585,51.62291],[51.797336,51.614928],[51.795073,51.612418],[51.795884,51.606817],[51.784718,51.60141],[51.787619,51.599007],[51.792593,51.597376],[51.798672,51.597891],[51.797981,51.596174],[51.794389,51.595745],[51.792869,51.593943],[51.798948,51.592484],[51.796876,51.590423],[51.794665,51.590423],[51.794113,51.588621],[51.79135,51.588879],[51.792731,51.587248],[51.771873,51.583042],[51.813258,51.496868],[51.730838,51.480389],[51.738005,51.464939],[51.656175,51.448803],[51.641021,51.476612],[51.639092,51.478672],[51.632735,51.480389],[51.644326,51.50219],[51.658677,51.504593],[51.640187,51.538925],[51.612864,51.533775],[51.604585,51.549911],[51.577539,51.544762],[51.585542,51.528111],[51.55822,51.522789],[51.566545,51.50528],[51.484379,51.489487],[51.430912,51.474895],[51.381301,51.47644],[51.380474,51.485538],[51.286536,51.48777],[51.285126,51.524162],[51.248397,51.526909],[51.247844,51.548367],[51.239559,51.562614],[51.379997,51.564503],[51.379168,51.641064],[51.306924,51.641235],[51.284499,51.669903],[51.275916,51.683636],[51.268542,51.685127],[51.265583,51.683968],[51.252966,51.687251],[51.251409,51.686575],[51.253122,51.684355],[51.251253,51.683679],[51.24767,51.684161],[51.246425,51.685706],[51.243466,51.684258],[51.230849,51.684065],[51.228201,51.681651],[51.224618,51.680685],[51.219011,51.681072],[51.217142,51.683389],[51.214338,51.683486],[51.215584,51.681072],[51.214182,51.678175],[51.208419,51.678754],[51.206238,51.673636],[51.201098,51.676823],[51.19627,51.675278],[51.198606,51.672767],[51.207952,51.670933],[51.208263,51.669388],[51.204681,51.668712],[51.203746,51.666781],[51.197983,51.666974],[51.19627,51.668615],[51.192064,51.666587],[51.18817,51.668036],[51.182874,51.66707],[51.181628,51.669001],[51.176488,51.668519],[51.17602,51.673443],[51.1687,51.672864],[51.168388,51.673926],[51.172749,51.675375],[51.171659,51.676823],[51.159821,51.675568],[51.15733,51.677788],[51.154993,51.677885],[51.154837,51.674602],[51.151255,51.671126],[51.137391,51.675471],[51.136145,51.673443],[51.132563,51.672091],[51.12789,51.673443],[51.125086,51.676823],[51.123996,51.674023],[51.120413,51.673154],[51.117609,51.676823],[51.110911,51.676533],[51.113092,51.672864],[51.109509,51.671222],[51.105148,51.674988],[51.095802,51.673926],[51.09845,51.669484],[51.095334,51.668615],[51.08739,51.668712],[51.086144,51.666877],[51.083963,51.666491],[51.075222,51.669774],[51.071953,51.667939],[51.067749,51.669388],[51.07024,51.671898],[51.068839,51.673057],[51.060899,51.671705],[51.058097,51.674409],[51.059654,51.677209],[51.056851,51.678368],[51.056724,51.679949],[51.046824,51.677241],[51.045371,51.681876],[51.039764,51.68355],[51.038934,51.685738],[51.037065,51.686125],[51.035403,51.685481],[51.034781,51.682134],[51.030212,51.680846],[51.030212,51.678915],[51.023775,51.678143],[51.019622,51.679173],[51.017545,51.677627],[51.012561,51.678271],[51.012561,51.674023],[51.008408,51.672735],[51.004878,51.673636],[50.998025,51.671448],[50.99671,51.672517],[50.997402,51.67531],[50.993665,51.674538],[50.991796,51.67531],[50.979959,51.675053],[50.977457,51.677627],[50.966657,51.680074],[50.961257,51.677499],[50.955441,51.680331],[50.947342,51.678786],[50.944434,51.680717],[50.93758,51.680589],[50.930311,51.678915],[50.928442,51.68046],[50.923457,51.679688],[50.921795,51.68149],[50.912657,51.680975],[50.903726,51.682777],[50.893145,51.68149],[50.890099,51.686726],[50.883938,51.71299],[50.872569,51.74921],[50.8673,51.752472],[50.767751,51.771698],[50.765573,51.714191],[50.787182,51.682949],[50.809604,51.669388],[50.831718,51.648788],[50.810986,51.648788],[50.810986,51.5839],[50.767035,51.583557],[50.766206,51.577206],[50.763994,51.574287],[50.681635,51.574378],[50.679971,51.574373],[50.679005,51.575317],[50.682734,51.576691],[50.679419,51.579523],[50.677347,51.579695],[50.677347,51.582098],[50.687016,51.581154],[50.687845,51.582699],[50.687706,51.583815],[50.683287,51.584158],[50.683425,51.586499],[50.683563,51.586647],[50.686042,51.586529],[50.689553,51.585345],[50.699861,51.586561],[50.701104,51.587591],[50.696408,51.589479],[50.699447,51.591282],[50.697927,51.593857],[50.702762,51.593771],[50.704695,51.595316],[50.707734,51.5942],[50.709806,51.595659],[50.70801,51.596861],[50.708701,51.598234],[50.71174,51.600637],[50.716988,51.600981],[50.722083,51.60347],[50.726921,51.602955],[50.727335,51.605444],[50.733255,51.605598],[50.732864,51.614113],[50.72858,51.615572],[50.733279,51.616859],[50.730515,51.620808],[50.732864,51.626816],[50.728047,51.628017],[50.638196,51.629562],[50.636261,51.631451],[50.63405,51.640034],[50.626585,51.645699],[50.585975,51.645012],[50.585699,51.591969],[50.582659,51.589565],[50.5691,51.588364],[50.564648,51.588922],[50.563404,51.593299],[50.559295,51.597719],[50.554459,51.598921],[50.547836,51.597805],[50.537887,51.589222],[50.538158,51.509828],[50.543125,51.50176],[50.546437,51.500902],[50.548892,51.496611],[50.548295,51.491718],[50.556244,51.488371],[50.553652,51.486826],[50.556563,51.483994],[50.555529,51.482448],[50.556963,51.480517],[50.554452,51.473179],[50.54587,51.467171],[50.53651,51.465626],[50.498516,51.464424],[50.496589,51.427517],[50.369943,51.427517],[50.373335,51.423225],[50.378566,51.420994],[50.400726,51.404343],[50.400993,51.401939],[50.349303,51.385288],[50.338305,51.380997],[50.338044,51.378551],[50.370749,51.330871],[50.313616,51.307869],[50.232077,51.27903],[50.038379,51.251049],[50.010948,51.243668],[50.00409,51.241093],[49.970183,51.226845],[49.929106,51.207962],[49.900351,51.191654],[49.777049,51.107368],[49.555083,51.109085],[49.491404,51.098785],[49.467063,51.11578],[49.461869,51.12093],[49.456127,51.122303],[49.44355,51.115952],[49.440542,51.112518],[49.434527,51.09312],[49.429332,51.089859],[49.42195,51.088657],[49.396249,51.089344],[49.393242,51.087971],[49.397883,51.048832],[49.386425,51.039219],[49.357778,51.007633],[49.347138,50.995445],[49.344683,50.989952],[49.347138,50.987377],[49.36951,50.98463],[49.38046,50.979824],[49.387822,50.979223],[49.396002,50.969181],[49.409489,50.96343],[49.40731,50.959053],[49.408672,50.955191],[49.413985,50.950727],[49.412623,50.943604],[49.414237,50.935671],[49.424943,50.924978],[49.429076,50.916309],[49.427292,50.913842],[49.429436,50.91249],[49.428108,50.906696],[49.437786,50.899744],[49.441973,50.892534],[49.440136,50.88732],[49.442532,50.881805],[49.440764,50.880089],[49.443484,50.874853],[49.4409,50.870132],[49.433151,50.864725],[49.425401,50.850906],[49.41799,50.848675],[49.271229,50.823956],[49.259544,50.821209],[49.233186,50.806961],[49.213093,50.797863],[49.127243,50.783958],[49.122897,50.782242],[49.071156,50.737267],[49.010242,50.688858],[48.978568,50.67049],[48.957182,50.653324],[48.863055,50.612812],[48.826006,50.599079],[48.816,50.598049],[48.792045,50.605688],[48.790152,50.605431],[48.788799,50.608349],[48.782578,50.607147],[48.780414,50.608263],[48.776492,50.606031],[48.775412,50.607233],[48.768786,50.60895],[48.76527,50.608177],[48.763377,50.609808],[48.757968,50.610838],[48.753505,50.608521],[48.747014,50.608606],[48.744986,50.609636],[48.743363,50.60792],[48.738901,50.610151],[48.73552,50.605431],[48.725378,50.603027],[48.722132,50.604916],[48.703636,50.608871],[48.697053,50.609993],[48.6898,50.612235],[48.674748,50.621872],[48.674222,50.622149],[48.666773,50.631781],[48.663254,50.633325],[48.66366,50.635042],[48.658787,50.635128],[48.657433,50.6359],[48.655538,50.639849],[48.642408,50.646114],[48.636316,50.650492],[48.634963,50.648432],[48.631849,50.64826],[48.627653,50.65032],[48.626299,50.654354],[48.613337,50.657272],[48.609818,50.657787],[48.60251,50.655899],[48.582209,50.63942],[48.576254,50.632725],[48.576719,50.626717],[48.577261,50.625772],[48.582267,50.625],[48.584026,50.622253],[48.589574,50.618649],[48.598369,50.614614],[48.601743,50.61367],[48.609721,50.614529],[48.611344,50.610752],[48.618375,50.61161],[48.622567,50.610151],[48.62473,50.611696],[48.641634,50.604486],[48.64569,50.606031],[48.65191,50.601568],[48.648935,50.596333],[48.650152,50.589466],[48.647047,50.586634],[48.653401,50.583029],[48.657861,50.582428],[48.66043,50.579166],[48.663809,50.577707],[48.663134,50.573673],[48.665837,50.571012],[48.657765,50.562258],[48.657495,50.553675],[48.655875,50.550671],[48.659791,50.549641],[48.658526,50.539856],[48.661765,50.524235],[48.683355,50.452824],[48.708125,50.349312],[48.712173,50.335074],[48.712312,50.334587],[48.712442,50.334123],[48.712777,50.332932],[48.730426,50.271721],[48.743281,50.247517],[48.789671,50.207005],[48.807101,50.188465],[48.810319,50.177135],[48.807646,50.169926],[48.765882,50.099888],[48.767644,50.097742],[48.78317,50.100489],[48.787453,50.100317],[48.790082,50.099545],[48.792355,50.096455],[48.824711,50.095339],[48.847975,50.09079],[48.851184,50.089331],[48.852254,50.087614],[48.850917,50.084953],[48.863084,50.07843],[48.86549,50.053882],[48.872978,50.04487],[48.881267,50.039978],[48.882069,50.038261],[48.879797,50.032082],[48.881653,50.029678],[48.898343,50.023756],[48.903159,50.01749],[48.742252,49.92033],[48.639146,49.891148],[48.547577,49.862974],[48.537825,49.860069],[48.451508,49.833126],[48.442462,49.803944],[48.440179,49.801025],[48.430205,49.806519],[48.426615,49.806003],[48.421827,49.813213],[48.414099,49.816217],[48.407846,49.820337],[48.404653,49.825573],[48.397469,49.829779],[48.394942,49.835958],[48.386294,49.836559],[48.376184,49.834328],[48.360086,49.824371],[48.353567,49.827289],[48.353301,49.83201],[48.345186,49.835443],[48.343967,49.837503],[48.345032,49.840679],[48.342902,49.848833],[48.341437,49.850378],[48.339173,49.850464],[48.332515,49.848318],[48.325457,49.851923],[48.315336,49.872093],[48.31254,49.872351],[48.309744,49.871149],[48.309477,49.869347],[48.303085,49.864626],[48.298025,49.863253],[48.298824,49.860678],[48.294296,49.859648],[48.268731,49.859819],[48.265669,49.857759],[48.261142,49.859133],[48.253685,49.864626],[48.239838,49.869347],[48.227188,49.867029],[48.22559,49.86969],[48.228786,49.874496],[48.226256,49.878273],[48.23105,49.881449],[48.233053,49.886427],[48.23332,49.891577],[48.23532,49.89501],[48.233987,49.899817],[48.220523,49.909086],[48.22119,49.911232],[48.218422,49.91371],[48.216791,49.919815],[48.213058,49.921875],[48.211139,49.925308],[48.207479,49.928133],[48.199678,49.929771],[48.197782,49.931445],[48.192635,49.943614],[48.180984,49.947276],[48.173777,49.94724],[48.171798,49.951057],[48.168466,49.953552],[48.164597,49.955665],[48.162197,49.95558],[48.159008,49.964699],[48.162287,49.967674],[48.157224,49.971727],[48.158492,49.974647],[48.157187,49.979467],[48.150356,49.982458],[48.141245,49.98856],[48.139739,49.993973],[48.131971,49.998044],[48.132396,50.002556],[48.130393,50.007362],[48.132216,50.011139],[48.125534,50.017748],[48.129811,50.027704],[48.127138,50.041695],[48.124331,50.048046],[48.125667,50.049248],[48.122861,50.053711],[48.113639,50.06032],[48.114583,50.065555],[48.114622,50.067444],[48.10901,50.073452],[48.108683,50.085468],[48.096899,50.098515],[48.089626,50.10184],[48.071189,50.105038],[48.061126,50.111797],[48.049228,50.111217],[48.046282,50.115166],[48.051371,50.124435],[48.050299,50.126324],[48.047304,50.127826],[48.041461,50.126495],[48.039051,50.127354],[48.039051,50.133018],[48.037176,50.135422],[48.026732,50.13628],[48.02325,50.13731],[48.019233,50.140915],[48.012805,50.141086],[48.008788,50.142632],[48.003164,50.152416],[47.998879,50.155334],[47.999875,50.163403],[47.99857,50.170226],[47.996388,50.172329],[47.985657,50.177135],[47.98512,50.17971],[47.988608,50.183658],[47.988071,50.185547],[47.966878,50.193958],[47.960439,50.204945],[47.952014,50.210996],[47.950513,50.219364],[47.953464,50.223827],[47.953196,50.226917],[47.936301,50.233253],[47.938441,50.24271],[47.937317,50.244877],[47.930627,50.2483],[47.912266,50.252495],[47.906494,50.258074],[47.886359,50.267687],[47.881124,50.274725],[47.868173,50.287256],[47.858495,50.292749],[47.849624,50.304208],[47.835105,50.310688],[47.828828,50.312276],[47.822746,50.311761],[47.818714,50.313649],[47.818815,50.315516],[47.82251,50.317774],[47.824352,50.318928],[47.829259,50.329751],[47.822604,50.331631],[47.809854,50.329742],[47.803112,50.333527],[47.799038,50.333905],[47.790468,50.332779],[47.787191,50.333905],[47.781645,50.339055],[47.767025,50.338733],[47.763499,50.340138],[47.760413,50.348368],[47.745206,50.354719],[47.744534,50.362101],[47.740093,50.365362],[47.740631,50.367851],[47.746418,50.372915],[47.74561,50.374975],[47.742515,50.379009],[47.735517,50.380554],[47.733018,50.385664],[47.72973,50.386734],[47.699182,50.391455],[47.689089,50.39566],[47.686128,50.399351],[47.676439,50.400295],[47.674895,50.403042],[47.664923,50.407333],[47.662362,50.412569],[47.662632,50.41626],[47.664788,50.417375],[47.671931,50.416603],[47.675569,50.420036],[47.669505,50.42304],[47.66088,50.422955],[47.653873,50.421495],[47.652256,50.422697],[47.652929,50.424929],[47.656164,50.428963],[47.646975,50.430079],[47.645661,50.433362],[47.640504,50.435357],[47.642957,50.438232],[47.642688,50.440722],[47.644574,50.441751],[47.649156,50.440636],[47.650773,50.4457],[47.649695,50.447502],[47.646326,50.447845],[47.643092,50.443897],[47.639184,50.442438],[47.631098,50.442953],[47.624899,50.448103],[47.625977,50.449047],[47.639723,50.450163],[47.641475,50.450935],[47.641205,50.45188],[47.636893,50.452824],[47.637162,50.455055],[47.624764,50.459862],[47.615601,50.457287],[47.612501,50.457888],[47.610345,50.460634],[47.612845,50.464582],[47.540079,50.458832],[47.5161,50.442867],[47.51125,50.436516],[47.50182,50.431194],[47.47353,50.420723],[47.442577,50.388966],[47.433274,50.377311],[47.414752,50.352659],[47.411927,50.350857],[47.412734,50.346737],[47.410717,50.345707],[47.409507,50.341329],[47.404396,50.338755],[47.405472,50.336265],[47.397268,50.333776],[47.390679,50.333347],[47.389737,50.331888],[47.382475,50.329828],[47.38234,50.328197],[47.380189,50.327854],[47.372388,50.332146],[47.369699,50.332232],[47.364992,50.329227],[47.356923,50.330343],[47.353426,50.329056],[47.34845,50.330257],[47.346971,50.327854],[47.341995,50.329828],[47.34186,50.331974],[47.339977,50.331802],[47.338094,50.330343],[47.339305,50.328627],[47.336498,50.326931],[47.332042,50.323906],[47.3284,50.323242],[47.328261,50.322906],[47.328096,50.322519],[47.327876,50.322313],[47.32779,50.322276],[47.327676,50.322244],[47.322403,50.315752],[47.31703,50.313778],[47.314746,50.310431],[47.307896,50.308971],[47.306552,50.308113],[47.307358,50.306311],[47.300924,50.302262],[47.300628,50.302105],[47.293104,50.290604],[47.292298,50.28511],[47.292566,50.280991],[47.294447,50.276184],[47.299553,50.265884],[47.30224,50.261765],[47.308152,50.257301],[47.33633,50.238247],[47.258843,50.190697],[47.314345,50.154305],[47.3247,50.139885],[47.352523,50.094395],[47.183207,49.935093],[47.074732,49.905224],[46.976963,49.877071],[46.959118,49.870891],[46.936745,49.87381],[46.929287,49.873638],[46.907979,49.866428],[46.90212,49.862823],[46.888564,49.819565],[46.87607,49.772358],[46.866781,49.722061],[46.858294,49.643955],[46.827589,49.562931],[46.810953,49.464741],[46.786183,49.359341],[46.778544,49.337025],[46.830437,49.320202],[46.895941,49.289131],[46.912246,49.282951],[46.989828,49.235573],[47.037836,49.17738],[47.047025,49.163475],[47.044662,49.14648],[47.033147,49.102192],[47.026335,49.084682],[46.966642,49.025803],[46.949896,49.013958],[46.923468,49.001083],[46.890238,48.981686],[46.777392,48.94804],[46.69783,48.801402],[46.668895,48.749084],[46.666668,48.745264],[46.620293,48.6665],[46.614543,48.656731],[46.49142,48.431682],[46.567974,48.409881],[46.641899,48.387051],[46.649134,48.385849],[46.675748,48.389282],[46.736984,48.355808],[46.758163,48.352547],[46.796139,48.343964],[46.88343,48.328686],[46.892211,48.325768],[46.896859,48.322678],[46.907189,48.312035],[46.91442,48.310318],[46.922168,48.310661],[46.931465,48.311348],[46.942053,48.314095],[47.01999,48.294525],[47.122836,48.265514],[47.104282,48.231869],[47.102221,48.223457],[47.107116,48.20406],[47.115885,48.172474],[47.124372,48.156681],[47.104609,48.126105],[47.099977,48.118937],[47.096856,48.114109],[47.091713,48.103466],[47.210909,48.081665],[47.199612,48.055058],[47.160841,48.060379],[47.15853,48.058319],[47.149543,48.036175],[47.130088,48.02742],[47.049801,47.996521],[47.107176,47.920647],[47.178794,47.856102],[47.129719,47.837906],[47.122562,47.833443],[47.171126,47.779713],[47.186973,47.768383],[47.221916,47.749672],[47.346975,47.695599],[47.365351,47.686672],[47.385004,47.683239],[47.404146,47.742119],[47.411044,47.790356],[47.415136,47.836189],[47.621827,47.76907],[47.658859,47.759457],[47.749516,47.758255],[47.950987,47.752419],[47.969883,47.754135],[48.005392,47.76289],[48.028379,47.76598],[48.04779,47.7598],[48.129456,47.728901],[48.197071,47.69165],[48.427354,47.426949],[48.445107,47.408237],[48.492862,47.411273],[48.494617,47.411364],[48.518087,47.412186],[48.580897,47.303352],[48.670081,47.155895],[48.706668,47.098045],[48.909046,46.886559],[48.938366,46.859779],[48.973477,46.832485],[48.981251,46.82476],[48.985765,46.819439],[48.99426,46.802788],[49.021315,46.761932],[49.021065,46.757984],[48.921203,46.692066],[48.755318,46.686745],[48.750564,46.686916],[48.748062,46.688976],[48.709681,46.726227],[48.703415,46.742878],[48.698653,46.748028],[48.694643,46.751461],[48.674341,46.761074],[48.663062,46.765537],[48.652786,46.768112],[48.591157,46.767597],[48.574621,46.763306],[48.539795,46.745968],[48.509478,46.727085],[48.499,46.71833],[48.497248,46.711292],[48.501385,46.684363],[48.501857,46.682591],[48.502504,46.680222],[48.487487,46.670094],[48.491241,46.660824],[48.510877,46.65164],[48.516878,46.64958],[48.539383,46.648808],[48.559512,46.642456],[48.562763,46.639109],[48.562263,46.635761],[48.552636,46.629581],[48.55026,46.621943],[48.551511,46.61911],[48.564428,46.610355],[48.574795,46.606236],[48.578792,46.60615],[48.587535,46.608381],[48.600026,46.60821],[48.606021,46.606665],[48.610518,46.602974],[48.611295,46.601429],[48.598286,46.599541],[48.595038,46.596966],[48.584044,46.598511],[48.577557,46.595936],[48.570314,46.590958],[48.567567,46.587181],[48.557575,46.58392],[48.556327,46.574135],[48.550082,46.569157],[48.546086,46.56435],[48.5452,46.561904],[48.545545,46.55993],[48.548084,46.556969],[48.552005,46.555209],[48.559209,46.555186],[48.56407,46.555767],[48.578281,46.560102],[48.599537,46.556969],[48.603534,46.556969],[48.610278,46.55714],[48.616022,46.557827],[48.627512,46.561088],[48.631009,46.561088],[48.640001,46.558857],[48.65224,46.5592],[48.659483,46.556797],[48.671722,46.555424],[48.674719,46.555767],[48.680971,46.559887],[48.686977,46.560882],[48.703054,46.562634],[48.721273,46.557999],[48.725765,46.554222],[48.732379,46.552076],[48.750226,46.549244],[48.754468,46.547699],[48.763271,46.540918],[48.768817,46.538944],[48.779871,46.539266],[48.788156,46.532507],[48.788656,46.525211],[48.792648,46.516886],[48.814861,46.495643],[48.819355,46.486502],[48.82459,46.479721],[48.836932,46.477661],[48.858622,46.478605],[48.866813,46.475998],[48.879319,46.46925],[48.903336,46.453714],[48.909233,46.451311],[48.934285,46.446419],[48.953726,46.435175],[48.975021,46.435046],[48.994576,46.431055],[49.029569,46.412516],[49.036179,46.404279],[49.040695,46.399718],[49.045605,46.395784],[49.057615,46.391883],[49.0781,46.390763],[49.086489,46.389642],[49.103472,46.384878],[49.112989,46.38771],[49.119894,46.387839],[49.12176,46.389642],[49.124746,46.389771],[49.133517,46.386681],[49.136503,46.384234],[49.144997,46.381673],[49.15107,46.383237],[49.162192,46.383384],[49.180496,46.376598],[49.193048,46.368656],[49.218501,46.338991],[49.26378,46.29312],[49.340414,46.262149],[49.342363,46.260631],[49.360536,46.252781],[49.360654,46.252306],[49.363178,46.251366],[49.36668,46.250626],[49.388895,46.241376],[49.391785,46.240945],[49.461481,46.211763],[49.461031,46.212729],[49.478066,46.205489],[49.478128,46.205467],[49.478194,46.205434],[49.506667,46.193333],[49.545,46.18],[49.6,46.176667],[49.621667,46.178333],[49.701667,46.186667],[49.71,46.176667],[49.726667,46.161667],[49.731667,46.156667],[49.778333,46.118333],[49.828333,46.085],[49.85,46.07],[49.951667,46.001667],[50.016667,45.985],[49.425,45.358333],[49.416667,45.355],[49.353333,45.288333],[49.296667,45.225],[49.278333,45.205],[49.175,45.098333],[49.173333,45.04],[49.167712,44.957929],[49.165,44.918333],[49.163333,44.833333],[49.155,44.676667],[49.133333,44.423333],[49.088333,44.333333],[49.6,44.333333],[49.6,44.066667],[49.0,44.066667],[49.0,43.32],[49.335,43.283333],[49.343333,43.275],[49.356667,43.263333],[49.45,43.193333],[49.465,43.171667],[49.491667,43.136667],[49.498333,43.13],[50.0,42.75],[49.915088,42.605523],[49.888333,42.56],[48.593871,41.841965],[48.593911,41.84194],[48.590497,41.841366],[48.585314,41.837987],[48.577799,41.830165],[48.577091,41.81242],[48.569373,41.806122],[48.569373,41.803515],[48.568207,41.802549],[48.559916,41.802356],[48.556936,41.799942],[48.558231,41.796273],[48.556677,41.793859],[48.557064,41.784879],[48.554403,41.781178],[48.540934,41.769247],[48.537481,41.764612],[48.522516,41.753025],[48.508012,41.737404],[48.502017,41.733726],[48.491333,41.72719],[48.475037,41.706659],[48.474818,41.704209],[48.439491,41.667795],[48.42754,41.658182],[48.417235,41.647367],[48.415994,41.63518],[48.411798,41.624601],[48.385112,41.598787],[48.369668,41.592042],[48.35633,41.584555],[48.330308,41.575645],[48.312852,41.565828],[48.291866,41.563232],[48.280308,41.557792],[48.263717,41.545519],[48.258472,41.535133],[48.252764,41.529093],[48.239911,41.52317],[48.233728,41.518793],[48.229799,41.516937],[48.222917,41.515392],[48.198134,41.511358],[48.15861,41.511809],[48.142627,41.509781],[48.138631,41.510843],[48.130252,41.506305],[48.121229,41.498387],[48.099961,41.4924],[48.091969,41.493945],[48.086684,41.497614],[48.086611,41.499599],[48.083743,41.501284],[48.078799,41.501772],[48.075724,41.496735],[48.067476,41.491156],[48.054187,41.472273],[48.054187,41.468067],[48.058769,41.46163],[48.062435,41.458712],[48.062206,41.457167],[48.054187,41.454334],[48.049142,41.450815],[48.046967,41.447639],[48.028762,41.435881],[48.012504,41.434937],[48.004832,41.432018],[48.002199,41.429272],[48.002313,41.42601],[48.005524,41.420345],[48.002893,41.414165],[48.005982,41.407728],[48.005982,41.404552],[47.998774,41.396313],[48.000947,41.392365],[48.001634,41.3867],[48.005868,41.380863],[48.002092,41.377945],[48.000829,41.370478],[47.981846,41.362581],[47.983675,41.354856],[47.982074,41.353054],[47.976357,41.353226],[47.963892,41.359835],[47.961033,41.359835],[47.956458,41.358376],[47.954857,41.352539],[47.950626,41.349964],[47.955777,41.341982],[47.957377,41.333828],[47.969492,41.324558],[47.969949,41.322842],[47.967663,41.319065],[47.956692,41.314774],[47.937025,41.313486],[47.914168,41.300268],[47.906859,41.29838],[47.898636,41.298981],[47.896922,41.293659],[47.893381,41.292286],[47.891097,41.289368],[47.891554,41.286964],[47.896008,41.285934],[47.900006,41.28233],[47.906744,41.279755],[47.911999,41.275978],[47.9088,41.265936],[47.911083,41.254263],[47.90786,41.251972],[47.90423,41.246881],[47.905713,41.241388],[47.900007,41.232462],[47.894758,41.229715],[47.884829,41.218128],[47.86463,41.218128],[47.858006,41.220569],[47.853331,41.216497],[47.848881,41.21521],[47.837925,41.21624],[47.825708,41.220875],[47.810877,41.218729],[47.808025,41.211347],[47.801067,41.208944],[47.793651,41.203623],[47.789659,41.193666],[47.784753,41.186628],[47.781673,41.185341],[47.773003,41.187658],[47.76285,41.188087],[47.754294,41.192379],[47.747565,41.187401],[47.741861,41.189804],[47.727259,41.19298],[47.72589,41.206455],[47.717106,41.206799],[47.711059,41.208944],[47.705356,41.214094],[47.701484,41.226282],[47.690756,41.226883],[47.686191,41.223879],[47.67786,41.224308],[47.672953,41.221905],[47.666677,41.224308],[47.651955,41.223707],[47.648189,41.22654],[47.64739,41.229115],[47.629017,41.231947],[47.62411,41.234179],[47.62023,41.237955],[47.611839,41.224995],[47.61104,41.216841],[47.607275,41.219501],[47.601683,41.220188],[47.598374,41.219587],[47.594038,41.216326],[47.577949,41.217871],[47.567223,41.210146],[47.565055,41.204653],[47.564598,41.198387],[47.556725,41.198559],[47.545457,41.205997],[47.540295,41.205511],[47.536529,41.206541],[47.534817,41.209974],[47.526031,41.214952],[47.522493,41.219501],[47.516559,41.221304],[47.509596,41.225853],[47.5056,41.226883],[47.502404,41.233063],[47.505829,41.237612],[47.50834,41.244822],[47.505486,41.252117],[47.505372,41.261644],[47.497267,41.268511],[47.494071,41.268682],[47.481857,41.26482],[47.474551,41.25967],[47.472383,41.256666],[47.470442,41.257353],[47.453972,41.273682],[47.441409,41.271912],[47.432773,41.266129],[47.405764,41.268135],[47.384409,41.2738],[47.375147,41.272738],[47.362112,41.279819],[47.35316,41.283123],[47.350333,41.286074],[47.34782,41.286192],[47.343737,41.291739],[47.336512,41.294571],[47.329445,41.295633],[47.324734,41.300236],[47.321639,41.301652],[47.309692,41.304131],[47.305134,41.306845],[47.301204,41.307317],[47.294759,41.315696],[47.289572,41.318883],[47.2891,41.325374],[47.281869,41.327734],[47.271651,41.328678],[47.267407,41.333281],[47.260962,41.337529],[47.263949,41.346381],[47.269451,41.350865],[47.270708,41.35594],[47.267879,41.366089],[47.261723,41.377655],[47.264083,41.386742],[47.258891,41.396184],[47.256216,41.397954],[47.251654,41.398544],[47.246148,41.395594],[47.242844,41.395358],[47.239225,41.399488],[47.232932,41.401731],[47.2301,41.401377],[47.222234,41.396774],[47.220031,41.398426],[47.221447,41.400432],[47.225965,41.402165],[47.228778,41.406744],[47.22743,41.413769],[47.22318,41.420259],[47.227273,41.426278],[47.236246,41.433123],[47.236875,41.436546],[47.240653,41.441267],[47.241598,41.446577],[47.22806,41.45],[47.218772,41.446459],[47.217356,41.449292],[47.210272,41.452006],[47.207596,41.454839],[47.205549,41.458025],[47.205235,41.46428],[47.202558,41.467348],[47.192781,41.470653],[47.197194,41.473249],[47.197824,41.47738],[47.193885,41.481628],[47.192624,41.487293],[47.18569,41.485641],[47.18112,41.486467],[47.177495,41.488709],[47.176077,41.49343],[47.17324,41.495554],[47.159688,41.497443],[47.15827,41.499567],[47.158112,41.505586],[47.164415,41.511015],[47.172925,41.52199],[47.173083,41.529425],[47.164731,41.530015],[47.158742,41.531786],[47.155118,41.53568],[47.147575,41.538867],[47.146944,41.542053],[47.137165,41.545948],[47.125821,41.554799],[47.125663,41.560936],[47.118722,41.569197],[47.124086,41.583123],[47.114463,41.583831],[47.112728,41.585011],[47.111308,41.587608],[47.11257,41.593155],[47.112255,41.594571],[47.11115,41.594335],[47.107838,41.592329],[47.102001,41.591502],[47.087645,41.579819],[47.07818,41.578639],[47.067769,41.571203],[47.067138,41.570141],[47.070451,41.566601],[47.071397,41.559284],[47.069662,41.557041],[47.068242,41.556215],[47.066349,41.555861],[47.061617,41.556923],[47.053729,41.556097],[47.048839,41.556805],[47.043002,41.558694],[47.037481,41.563414],[47.03401,41.564595],[47.025965,41.561762],[47.018322,41.556129],[47.017912,41.561108],[47.023304,41.576042],[47.018492,41.578445],[47.007244,41.580248],[46.993469,41.592693],[46.990944,41.598787],[46.995765,41.600675],[46.999208,41.610117],[47.006899,41.618614],[47.009998,41.625137],[47.00885,41.629171],[47.002197,41.632347],[47.00013,41.63887],[46.997373,41.64093],[46.990481,41.643848],[46.977731,41.645479],[46.972217,41.648741],[46.95717,41.654234],[46.955102,41.657495],[46.944874,41.665048],[46.940393,41.677666],[46.930282,41.676636],[46.92718,41.677837],[46.922127,41.686249],[46.926133,41.691227],[46.929263,41.708565],[46.921559,41.719808],[46.91512,41.725559],[46.898332,41.732769],[46.891089,41.72925],[46.877175,41.727104],[46.871541,41.719208],[46.864412,41.720409],[46.858448,41.733112],[46.840158,41.745558],[46.832566,41.748819],[46.8313,41.758604],[46.828884,41.761179],[46.824513,41.762724],[46.820832,41.761694],[46.806924,41.762552],[46.799096,41.771564],[46.791269,41.773538],[46.794953,41.77989],[46.785629,41.785898],[46.780909,41.790533],[46.773196,41.794739],[46.767211,41.800833],[46.767095,41.803923],[46.769513,41.809244],[46.781603,41.812763],[46.784599,41.817055],[46.772963,41.827955],[46.77158,41.832933],[46.761903,41.846066],[46.760521,41.861086],[46.759254,41.861687],[46.743702,41.857138],[46.736214,41.856966],[46.724349,41.849499],[46.716745,41.847868],[46.715709,41.841173],[46.722505,41.831045],[46.72216,41.829157],[46.720662,41.828556],[46.710294,41.827269],[46.70177,41.832933],[46.693706,41.835079],[46.680343,41.833019],[46.672853,41.835165],[46.668591,41.838856],[46.663868,41.833792],[46.651888,41.831131],[46.64728,41.828556],[46.635761,41.830959],[46.62954,41.834221],[46.626085,41.834049],[46.618137,41.828384],[46.620901,41.825123],[46.618367,41.821089],[46.608115,41.813879],[46.597633,41.810703],[46.585196,41.801949],[46.583238,41.801605],[46.58128,41.802893],[46.580589,41.805897],[46.575866,41.808043],[46.574945,41.811733],[46.568955,41.812677],[46.566767,41.81448],[46.565206,41.820666],[46.560777,41.820059],[46.555133,41.823149],[46.554902,41.834135],[46.552714,41.836023],[46.551562,41.848812],[46.554558,41.856623],[46.554788,41.859369],[46.554327,41.860828],[46.551792,41.866751],[46.550869,41.867352],[46.538421,41.870699],[46.536577,41.873703],[46.53796,41.879196],[46.536922,41.881342],[46.535194,41.882543],[46.533465,41.883574],[46.52263,41.887007],[46.521477,41.887264],[46.513639,41.886749],[46.503727,41.888981],[46.494275,41.885376],[46.484939,41.88014],[46.478945,41.880913],[46.476074,41.881771],[46.468818,41.885462],[46.449904,41.896791],[46.426263,41.913271],[46.418957,41.900114],[46.414286,41.896534],[46.408982,41.889238],[46.409443,41.886063],[46.4159,41.877737],[46.417169,41.874475],[46.416496,41.871402],[46.403596,41.86005],[46.402874,41.850357],[46.398841,41.844005],[46.380712,41.834049],[46.377026,41.829071],[46.361045,41.823921],[46.342357,41.81214],[46.317361,41.792267],[46.311492,41.791808],[46.309811,41.790756],[46.303788,41.785211],[46.302637,41.777744],[46.301947,41.776628],[46.300105,41.775599],[46.296422,41.774826],[46.280422,41.772423],[46.269825,41.771049],[46.252553,41.769934],[46.241968,41.758776],[46.236069,41.756802],[46.20446,41.770964],[46.20331,41.761007],[46.200318,41.752939],[46.195946,41.747532],[46.189503,41.744957],[46.182888,41.737924],[46.180809,41.730709],[46.181111,41.721675],[46.178811,41.716026],[46.17859,41.712261],[46.181237,41.708479],[46.183706,41.708704],[46.18498,41.705217],[46.182336,41.700411],[46.187508,41.69672],[46.188427,41.694574],[46.188772,41.690197],[46.186818,41.685562],[46.192909,41.675091],[46.199275,41.67243],[46.199689,41.666937],[46.203887,41.663611],[46.206929,41.664019],[46.208813,41.661015],[46.204353,41.657357],[46.208344,41.651873],[46.203041,41.649942],[46.201777,41.65123],[46.201261,41.649299],[46.199204,41.650736],[46.198389,41.650801],[46.196389,41.649816],[46.195308,41.648971],[46.193336,41.644235],[46.19355,41.643602],[46.194656,41.642776],[46.200433,41.641912],[46.19971,41.639814],[46.201146,41.637454],[46.19608,41.633291],[46.196312,41.630121],[46.192521,41.627026],[46.192944,41.625738],[46.198342,41.626425],[46.202704,41.63151],[46.205467,41.62856],[46.208936,41.62754],[46.212953,41.627884],[46.21348,41.627439],[46.212927,41.625875],[46.202546,41.626524],[46.202665,41.625196],[46.207362,41.621803],[46.20373,41.619148],[46.203295,41.616286],[46.203741,41.615267],[46.204957,41.614349],[46.207475,41.613582],[46.209369,41.613722],[46.21432,41.615082],[46.215533,41.613896],[46.2139,41.61163],[46.21544,41.611072],[46.222062,41.613094],[46.222808,41.610828],[46.220197,41.608247],[46.228341,41.60471],[46.232042,41.605353],[46.235772,41.603401],[46.241788,41.604691],[46.242458,41.602843],[46.238337,41.602215],[46.237223,41.601099],[46.237591,41.597543],[46.239456,41.59552],[46.243559,41.595381],[46.250414,41.600402],[46.246824,41.60354],[46.248689,41.606155],[46.248549,41.609503],[46.242907,41.612118],[46.24286,41.61285],[46.24328,41.613617],[46.243979,41.613966],[46.24687,41.613791],[46.252326,41.608561],[46.25545,41.608805],[46.256057,41.610618],[46.252934,41.61292],[46.250416,41.618255],[46.252155,41.62209],[46.25428,41.623292],[46.257514,41.621532],[46.266263,41.620857],[46.268288,41.625137],[46.263392,41.623968],[46.262375,41.624966],[46.264865,41.631403],[46.26246,41.634375],[46.264882,41.634776],[46.265934,41.634407],[46.268744,41.629086],[46.27178,41.627871],[46.272938,41.626725],[46.273742,41.623721],[46.277467,41.621017],[46.277815,41.620052],[46.279824,41.612542],[46.27925,41.611576],[46.278385,41.611147],[46.273105,41.612091],[46.271788,41.610718],[46.274299,41.608411],[46.277887,41.608411],[46.278031,41.607016],[46.277241,41.606372],[46.275232,41.606319],[46.268559,41.609269],[46.267339,41.608196],[46.268693,41.606084],[46.273794,41.602907],[46.280336,41.599388],[46.283206,41.599216],[46.288222,41.601062],[46.290876,41.598487],[46.294683,41.599302],[46.298982,41.59618],[46.302139,41.597253],[46.302848,41.599291],[46.30104,41.604023],[46.304009,41.604892],[46.307366,41.603926],[46.308528,41.604892],[46.3053,41.609913],[46.308915,41.609817],[46.311239,41.608175],[46.314079,41.61001],[46.314853,41.610106],[46.316919,41.609817],[46.324148,41.607885],[46.324665,41.607209],[46.32389,41.601416],[46.326085,41.596298],[46.328925,41.595526],[46.330345,41.596974],[46.33241,41.596974],[46.337445,41.592919],[46.342867,41.591953],[46.338349,41.587125],[46.341576,41.584421],[46.33964,41.581331],[46.340802,41.57689],[46.340286,41.575731],[46.335509,41.575152],[46.337576,41.572834],[46.339512,41.572544],[46.34389,41.572523],[46.345137,41.569433],[46.344559,41.568553],[46.339416,41.566858],[46.337563,41.566772],[46.336645,41.569777],[46.335057,41.571064],[46.331825,41.571665],[46.331825,41.57527],[46.330562,41.576557],[46.326087,41.574841],[46.322644,41.58042],[46.310479,41.575871],[46.309878,41.573446],[46.31325,41.570002],[46.309021,41.567802],[46.306511,41.567105],[46.305077,41.56791],[46.304504,41.571075],[46.306153,41.573918],[46.304504,41.576439],[46.299158,41.575785],[46.297192,41.57322],[46.301523,41.56703],[46.301426,41.56188],[46.3073,41.557235],[46.305579,41.55584],[46.302998,41.556591],[46.300201,41.555142],[46.304644,41.551763],[46.305002,41.545433],[46.310082,41.539993],[46.309159,41.538298],[46.305316,41.538191],[46.304715,41.536635],[46.307152,41.535509],[46.31167,41.535401],[46.314752,41.532665],[46.316758,41.532451],[46.320556,41.533524],[46.324426,41.538674],[46.327487,41.538191],[46.328725,41.535616],[46.321989,41.53288],[46.320628,41.530198],[46.321273,41.52773],[46.3255,41.525799],[46.331928,41.527569],[46.335031,41.525853],[46.333884,41.523653],[46.328725,41.524351],[46.325716,41.522151],[46.328647,41.511798],[46.332301,41.506916],[46.331011,41.501659],[46.331369,41.500479],[46.333089,41.499245],[46.334736,41.498977],[46.341401,41.500747],[46.343264,41.499567],[46.341043,41.495919],[46.341831,41.494846],[46.348491,41.492432],[46.352716,41.492593],[46.355581,41.496617],[46.352358,41.502464],[46.354006,41.504395],[46.355939,41.504341],[46.357801,41.503268],[46.357443,41.500264],[46.360093,41.497153],[46.356584,41.492003],[46.358016,41.488838],[46.359738,41.488237],[46.360809,41.488087],[46.364604,41.490716],[46.366968,41.490769],[46.372267,41.487068],[46.375275,41.488677],[46.379142,41.488677],[46.379715,41.492057],[46.381577,41.492593],[46.385301,41.488409],[46.384943,41.485727],[46.373818,41.480813],[46.372615,41.479912],[46.373904,41.478431],[46.383612,41.479139],[46.387221,41.482873],[46.392977,41.48313],[46.396414,41.48165],[46.399163,41.483195],[46.401225,41.483645],[46.402943,41.483323],[46.404232,41.482551],[46.404527,41.481586],[46.404184,41.480684],[46.403201,41.479976],[46.397617,41.479397],[46.392977,41.476822],[46.392376,41.472573],[46.394906,41.470899],[46.396452,41.470384],[46.39839,41.470256],[46.403115,41.471608],[46.40827,41.476758],[46.407411,41.481264],[46.409731,41.481907],[46.416346,41.475663],[46.423906,41.473989],[46.426397,41.467552],[46.429955,41.468582],[46.43138,41.47135],[46.431723,41.468003],[46.425796,41.463625],[46.425624,41.458347],[46.427722,41.454935],[46.437822,41.453261],[46.442977,41.455257],[46.44478,41.457639],[46.439283,41.460085],[46.441001,41.462402],[46.44375,41.462273],[46.449541,41.456995],[46.449935,41.454549],[46.449076,41.453133],[46.440485,41.449142],[46.451946,41.445537],[46.45418,41.443605],[46.455155,41.438898],[46.458303,41.437426],[46.46454,41.436718],[46.46737,41.432791],[46.471751,41.433306],[46.47424,41.436203],[46.477588,41.436009],[46.479048,41.434529],[46.478704,41.432405],[46.472867,41.430538],[46.472781,41.428928],[46.479436,41.428027],[46.483769,41.429186],[46.486516,41.4288],[46.486688,41.427512],[46.484113,41.425774],[46.486774,41.423392],[46.497247,41.419594],[46.508923,41.418822],[46.510468,41.414702],[46.507807,41.413736],[46.508237,41.412835],[46.513129,41.413221],[46.518021,41.417406],[46.520338,41.417663],[46.521883,41.416633],[46.521969,41.412385],[46.525917,41.410003],[46.535186,41.410775],[46.53931,41.408157],[46.547889,41.405947],[46.554414,41.406526],[46.561192,41.405432],[46.564625,41.406784],[46.5678,41.406526],[46.570319,41.404638],[46.568916,41.400282],[46.570546,41.399059],[46.574151,41.399767],[46.579729,41.397772],[46.584965,41.398415],[46.589544,41.397257],[46.593718,41.397579],[46.597151,41.396291],[46.599125,41.392622],[46.603846,41.394424],[46.606419,41.391399],[46.608103,41.391764],[46.608478,41.394939],[46.611481,41.39539],[46.616629,41.391914],[46.610795,41.384704],[46.611224,41.381807],[46.620317,41.378074],[46.623921,41.379683],[46.623577,41.383417],[46.62821,41.386764],[46.626323,41.390498],[46.630441,41.390562],[46.632089,41.389789],[46.632843,41.389146],[46.633634,41.386819],[46.631041,41.383803],[46.626237,41.381872],[46.625551,41.378975],[46.626752,41.377237],[46.627953,41.376786],[46.630842,41.377151],[46.635072,41.381099],[46.636787,41.381872],[46.638074,41.381743],[46.639122,41.381163],[46.639875,41.380391],[46.640133,41.379168],[46.640838,41.374469],[46.646073,41.373052],[46.650273,41.37434],[46.651474,41.373181],[46.643411,41.371508],[46.638951,41.369448],[46.637817,41.364813],[46.626838,41.364298],[46.62454,41.362238],[46.624343,41.360435],[46.625143,41.359234],[46.626859,41.358719],[46.630612,41.35947],[46.638846,41.35741],[46.642551,41.356058],[46.648195,41.35181],[46.649414,41.352839],[46.64648,41.357989],[46.651626,41.36256],[46.648899,41.368418],[46.650597,41.37022],[46.653933,41.371143],[46.660796,41.369587],[46.662111,41.36816],[46.661654,41.365939],[46.6566,41.358891],[46.659345,41.354642],[46.659174,41.352067],[46.656963,41.350265],[46.654714,41.350071],[46.649653,41.351423],[46.649996,41.349234],[46.654628,41.348333],[46.665349,41.349878],[46.670153,41.348848],[46.671268,41.345887],[46.670741,41.343956],[46.666111,41.339965],[46.667311,41.337454],[46.671169,41.337004],[46.681373,41.34093],[46.685277,41.340351],[46.689176,41.337905],[46.690119,41.335652],[46.689347,41.333206],[46.683517,41.331146],[46.686603,41.326768],[46.691234,41.328635],[46.694663,41.328249],[46.698007,41.329536],[46.702257,41.328764],[46.703323,41.325416],[46.699337,41.32061],[46.695092,41.319301],[46.689093,41.321554],[46.687551,41.320202],[46.689608,41.316147],[46.703662,41.30501],[46.699206,41.297736],[46.699891,41.295354],[46.708376,41.295676],[46.721488,41.290076],[46.728258,41.29117],[46.737111,41.284733],[46.731457,41.282287],[46.728037,41.27675],[46.726488,41.276493],[46.723575,41.279197],[46.728373,41.283059],[46.727173,41.284733],[46.725631,41.284733],[46.72032,41.280098],[46.714323,41.277266],[46.711907,41.272566],[46.71439,41.269863],[46.71439,41.267352],[46.713448,41.26658],[46.707968,41.266837],[46.699149,41.263297],[46.697265,41.26143],[46.697693,41.258662],[46.706855,41.256731],[46.707711,41.255379],[46.704886,41.253383],[46.699491,41.252031],[46.700005,41.24186],[46.696152,41.239736],[46.696237,41.236131],[46.692206,41.234522],[46.690517,41.231432],[46.677226,41.232719],[46.678182,41.226025],[46.67407,41.22242],[46.667902,41.220231],[46.668309,41.217785],[46.672894,41.215467],[46.66506,41.21315],[46.660312,41.205254],[46.657346,41.203451],[46.656776,41.20079],[46.660271,41.196284],[46.658561,41.191263],[46.667625,41.190362],[46.669335,41.187787],[46.66784,41.185083],[46.663506,41.182165],[46.66181,41.177745],[46.662323,41.17414],[46.666585,41.172724],[46.66652,41.170664],[46.654037,41.167059],[46.655824,41.16178],[46.652575,41.158433],[46.652404,41.155858],[46.657021,41.151609],[46.657192,41.145558],[46.653923,41.139679],[46.653581,41.136417],[46.659921,41.130527],[46.65443,41.129208],[46.652555,41.123457],[46.648569,41.122684],[46.645905,41.12071],[46.645563,41.118007],[46.650164,41.11187],[46.649253,41.11084],[46.647772,41.110067],[46.643557,41.110668],[46.641341,41.105647],[46.613176,41.097536],[46.602489,41.100197],[46.582069,41.111312],[46.551017,41.112846],[46.498412,41.056241],[46.492648,41.055372],[46.488292,41.055855],[46.483552,41.058944],[46.474713,41.061841],[46.47023,41.064062],[46.468308,41.06638],[46.461397,41.089264],[46.462294,41.094382],[46.456656,41.099017],[46.445143,41.100133],[46.428465,41.105389],[46.422057,41.103748],[46.41219,41.104424],[46.403741,41.101817],[46.392848,41.100755],[46.380801,41.102493],[46.371444,41.105583],[46.369907,41.118715],[46.367728,41.121805],[46.292098,41.173368],[46.281834,41.188045],[46.2776,41.190748],[46.273366,41.190362],[46.253222,41.18341],[46.236894,41.185212],[46.230901,41.188431],[46.231358,41.194806],[46.230045,41.195125],[46.225083,41.189461],[46.222515,41.189847],[46.222857,41.191263],[46.218748,41.192293],[46.217378,41.193709],[46.216008,41.193323],[46.215152,41.190877],[46.212413,41.191907],[46.210872,41.190233],[46.207363,41.194181],[46.198236,41.194696],[46.197647,41.192791],[46.196319,41.192808],[46.192381,41.194482],[46.190456,41.197529],[46.188443,41.198215],[46.181497,41.194321],[46.174277,41.20122],[46.172908,41.201305],[46.170637,41.197572],[46.167639,41.200694],[46.166228,41.200984],[46.164473,41.198859],[46.160365,41.200962],[46.161865,41.202721],[46.161352,41.20417],[46.159299,41.204749],[46.153139,41.202142],[46.152659,41.198215],[46.150776,41.198344],[46.149418,41.202046],[46.150188,41.204556],[46.148007,41.205135],[46.146153,41.205039],[46.141017,41.199374],[46.138106,41.199632],[46.136908,41.204267],[46.134511,41.203365],[46.134585,41.201391],[46.128861,41.198859],[46.128005,41.196284],[46.123039,41.196284],[46.122331,41.190472],[46.114645,41.182348],[46.098215,41.172305],[46.081922,41.174912],[46.083847,41.178678],[46.082307,41.182927],[46.070376,41.186982],[46.065116,41.189879],[46.059471,41.190265],[46.055366,41.187658],[46.05049,41.187272],[46.042151,41.188817],[46.038944,41.187079],[46.023676,41.185437],[46.017903,41.182734],[46.012515,41.184568],[46.008281,41.184665],[46.004689,41.181285],[45.98891,41.178582],[45.97249,41.181189],[45.960688,41.178002],[45.953375,41.177906],[45.941573,41.181961],[45.930412,41.187465],[45.913363,41.190072],[45.901297,41.197894],[45.891671,41.207839],[45.88243,41.212474],[45.875114,41.214309],[45.866899,41.21344],[45.840976,41.217206],[45.827883,41.220392],[45.809413,41.222227],[45.792202,41.232558],[45.776148,41.238738],[45.759708,41.250615],[45.743781,41.257471],[45.722977,41.279583],[45.714622,41.284025],[45.710894,41.287597],[45.71038,41.290494],[45.701897,41.296577],[45.72799,41.331435],[45.742119,41.344471],[45.750222,41.340705],[45.756783,41.33916],[45.761671,41.350361],[45.74405,41.355768],[45.709318,41.363204],[45.705202,41.36301],[45.703143,41.360983],[45.702371,41.356927],[45.696072,41.355672],[45.684751,41.355382],[45.667125,41.362141],[45.666353,41.365328],[45.659149,41.370542],[45.652588,41.373052],[45.648728,41.378943],[45.623126,41.378943],[45.617336,41.376818],[45.60936,41.377398],[45.601905,41.373632],[45.576934,41.375756],[45.576028,41.377698],[45.58118,41.389564],[45.57333,41.39922],[45.56522,41.406076],[45.526214,41.419884],[45.517846,41.420849],[45.513357,41.422588],[45.50344,41.430506],[45.473688,41.446534],[45.461579,41.455804],[45.459776,41.456287],[45.456428,41.455997],[45.446125,41.448465],[45.438784,41.444989],[45.433632,41.434851],[45.42964,41.430795],[45.418724,41.429944],[45.410064,41.427512],[45.39667,41.427416],[45.392292,41.427802],[45.388686,41.428864],[45.383148,41.436492],[45.364504,41.453814],[45.356968,41.457161],[45.34813,41.458277],[45.339684,41.461206],[45.335031,41.464065],[45.315299,41.470272],[45.311855,41.472992],[45.305365,41.471157],[45.289228,41.462531],[45.261872,41.467413],[45.259918,41.466785],[45.25508,41.460299],[45.249491,41.447468],[45.231598,41.435982],[45.207887,41.422932],[45.203159,41.420817],[45.196465,41.416183],[45.182047,41.421461],[45.178426,41.423966],[45.175915,41.424176],[45.174584,41.423183],[45.175525,41.417599],[45.174495,41.414895],[45.167114,41.40717],[45.16042,41.400604],[45.11326,41.358692],[45.089767,41.341316],[45.084178,41.345233],[45.074427,41.338608],[45.071548,41.329681],[45.066225,41.32782],[45.06091,41.327906],[45.054676,41.322369],[45.046963,41.31928],[45.048505,41.313443],[45.045306,41.310053],[45.021939,41.305676],[45.016423,41.297092],[45.005491,41.295333],[45.000636,41.292758],[44.991841,41.28469],[44.984677,41.284561],[44.97714,41.279755],[44.975998,41.275978],[44.973028,41.27203],[44.970973,41.269798],[44.959324,41.259327],[44.956126,41.258469],[44.950644,41.258297],[44.944934,41.258297],[44.932828,41.260357],[44.911358,41.259327],[44.899709,41.27409],[44.895591,41.274605],[44.887139,41.272717],[44.88257,41.274605],[44.878686,41.277866],[44.870691,41.279068],[44.856071,41.278381],[44.85196,41.28027],[44.850817,41.284733],[44.84602,41.289368],[44.834142,41.295719],[44.821528,41.299281],[44.818415,41.301164],[44.816781,41.300869],[44.815474,41.299367],[44.813126,41.294346],[44.807623,41.291857],[44.806252,41.289539],[44.80808,41.275463],[44.807631,41.266215],[44.802298,41.26246],[44.801947,41.256752],[44.802798,41.252434],[44.807937,41.249017],[44.812483,41.243992],[44.813678,41.237849],[44.819827,41.232977],[44.824945,41.231909],[44.827704,41.229458],[44.838562,41.227999],[44.842773,41.229887],[44.852602,41.228428],[44.853619,41.228101],[44.854617,41.223782],[44.863475,41.223707],[44.866697,41.217721],[44.873081,41.21828],[44.876298,41.217425],[44.880605,41.220558],[44.891297,41.221218],[44.893569,41.21572],[44.90092,41.211767],[44.895027,41.210865],[44.883496,41.203955],[44.865775,41.204744],[44.853546,41.208574],[44.847456,41.20925],[44.847605,41.210752],[44.842913,41.215746],[44.816107,41.215897],[44.809944,41.21933],[44.803326,41.227569],[44.79625,41.230145],[44.791458,41.228256],[44.795338,41.222248],[44.784839,41.223106],[44.766352,41.218472],[44.748093,41.217098],[44.742388,41.21315],[44.738964,41.213665],[44.736225,41.209545],[44.73052,41.205425],[44.723673,41.204567],[44.719564,41.208858],[44.720934,41.212635],[44.727096,41.219845],[44.727324,41.223106],[44.722075,41.223965],[44.696947,41.219501],[44.686673,41.22139],[44.680965,41.226368],[44.682564,41.235294],[44.67599,41.237062],[44.66538,41.237354],[44.656933,41.23435],[44.645632,41.233835],[44.640267,41.23435],[44.617555,41.240702],[44.610022,41.240788],[44.604543,41.239157],[44.603631,41.233921],[44.607397,41.222677],[44.604886,41.215639],[44.602147,41.212721],[44.601128,41.209545],[44.601927,41.206799],[44.596287,41.200447],[44.594463,41.19564],[44.585335,41.200447],[44.585335,41.203537],[44.59104,41.209888],[44.590355,41.212807],[44.587389,41.212978],[44.576435,41.205768],[44.562286,41.20491],[44.554301,41.201649],[44.549509,41.196327],[44.542207,41.192379],[44.531939,41.200447],[44.533765,41.202679],[44.539697,41.204739],[44.543348,41.208858],[44.544261,41.212807],[44.541295,41.220016],[44.545402,41.223621],[44.544946,41.226711],[44.541067,41.227741],[44.534221,41.226883],[44.533536,41.222763],[44.526006,41.215553],[44.519845,41.21212],[44.516423,41.208687],[44.51049,41.197186],[44.500221,41.191521],[44.482879,41.186886],[44.474665,41.182079],[44.468047,41.180878],[44.463256,41.182251],[44.456638,41.188259],[44.452531,41.189976],[44.435418,41.193924],[44.41123,41.201992],[44.402559,41.210232],[44.388868,41.218643],[44.363547,41.22551],[44.360809,41.229458],[44.357387,41.231346],[44.343926,41.222935],[44.342329,41.219158],[44.345523,41.20697],[44.343241,41.20285],[44.329324,41.203709],[44.320882,41.205768],[44.30514,41.213665],[44.298295,41.21418],[44.28415,41.209373],[44.275252,41.210403],[44.265441,41.213837],[44.259046,41.221218],[44.242617,41.235466],[44.237141,41.237526],[44.230295,41.237526],[44.220255,41.235123],[44.210443,41.235638],[44.19949,41.238384],[44.182376,41.248169],[44.177356,41.246109],[44.175531,41.243191],[44.17941,41.238041],[44.179638,41.233234],[44.175759,41.21933],[44.163893,41.194439],[44.157513,41.189632],[44.141088,41.189976],[44.118046,41.187401],[44.111886,41.188087],[44.093864,41.193066],[44.085879,41.200447],[44.081772,41.200275],[44.075841,41.196842],[44.06375,41.194096],[44.055027,41.190673],[44.025899,41.188259],[44.006285,41.184482],[43.95667,41.163036],[43.954969,41.165771],[43.95132,41.168003],[43.949951,41.174526],[43.946302,41.175385],[43.932391,41.17487],[43.919619,41.172981],[43.891339,41.164398],[43.876743,41.161995],[43.863059,41.162681],[43.85348,41.161995],[43.841853,41.159248],[43.830678,41.155643],[43.820873,41.15118],[43.784158,41.138992],[43.770247,41.129379],[43.750645,41.108608],[43.745629,41.107922],[43.74107,41.10878],[43.736738,41.112385],[43.727847,41.11702],[43.716903,41.120625],[43.698892,41.124401],[43.690229,41.127834],[43.683161,41.132469],[43.672218,41.135044],[43.66173,41.134701],[43.651243,41.132298],[43.64258,41.128521],[43.629129,41.126976],[43.604506,41.129551],[43.593107,41.138649],[43.58718,41.140709],[43.560505,41.145344],[43.550018,41.143627],[43.533166,41.134701],[43.52177,41.133842],[43.511058,41.135044],[43.496015,41.126804],[43.484848,41.124229],[43.474524,41.123371],[43.457204,41.118736],[43.45766,41.115131],[43.446265,41.097107],[43.4604,41.075478],[43.471097,41.069641],[43.4736,41.066723],[43.469731,41.049728],[43.469731,41.039944],[43.472918,41.029987],[43.479062,41.022091],[43.48589,41.016941],[43.500911,41.013336],[43.51889,41.012821],[43.555951,40.995655],[43.571872,40.993767],[43.575739,40.992222],[43.602805,40.979519],[43.654597,40.94656],[43.673905,40.937805],[43.676857,40.934544],[43.678448,40.92802],[43.676857,40.923557],[43.670952,40.916862],[43.669361,40.912914],[43.681855,40.905018],[43.682763,40.901585],[43.679356,40.894718],[43.674586,40.889053],[43.676857,40.877037],[43.676403,40.8712],[43.68072,40.865536],[43.682081,40.860386],[43.6814,40.855408],[43.677318,40.846653],[43.686163,40.837726],[43.699998,40.827942],[43.707935,40.819016],[43.712698,40.807514],[43.717915,40.802021],[43.72041,40.794639],[43.723585,40.791035],[43.725853,40.785027],[43.725853,40.779533],[43.730615,40.770607],[43.731069,40.765285],[43.737172,40.756187],[43.746447,40.735742],[43.747163,40.72651],[43.738847,40.718756],[43.73927,40.714871],[43.735389,40.712929],[43.736114,40.711624],[43.742345,40.710711],[43.744791,40.707607],[43.745461,40.706374],[43.745793,40.694132],[43.742396,40.689669],[43.740811,40.676794],[43.735718,40.664778],[43.736283,40.663061],[43.733328,40.659971],[43.724945,40.659336],[43.721111,40.658255],[43.719008,40.65621],[43.720544,40.653684],[43.718254,40.650401],[43.720035,40.646056],[43.717617,40.646152],[43.719272,40.643449],[43.716854,40.641711],[43.720417,40.641421],[43.720163,40.639393],[43.718381,40.63669],[43.713291,40.633793],[43.711922,40.628924],[43.70758,40.623461],[43.704275,40.615157],[43.696047,40.609009],[43.682368,40.583045],[43.667883,40.575016],[43.667367,40.573511],[43.67024,40.569945],[43.668532,40.566287],[43.664155,40.565736],[43.663661,40.563918],[43.656189,40.56573],[43.6456,40.562296],[43.644131,40.561352],[43.643791,40.551138],[43.645711,40.544271],[43.651245,40.537148],[43.65019,40.531611],[43.648083,40.530453],[43.644523,40.531289],[43.64244,40.533972],[43.642887,40.536289],[43.64117,40.537485],[43.639405,40.537298],[43.636758,40.53432],[43.635206,40.539953],[43.628465,40.537781],[43.627548,40.536466],[43.630864,40.532792],[43.631253,40.530109],[43.637216,40.526944],[43.638894,40.524889],[43.639225,40.522733],[43.635997,40.521612],[43.635062,40.519193],[43.624928,40.519123],[43.624336,40.520695],[43.627229,40.522009],[43.627187,40.522985],[43.62423,40.524691],[43.619132,40.524973],[43.617985,40.521178],[43.614845,40.519756],[43.611176,40.513801],[43.604401,40.516242],[43.600192,40.511398],[43.588664,40.50642],[43.584826,40.507793],[43.578165,40.503588],[43.571956,40.503931],[43.568456,40.497923],[43.569924,40.495691],[43.569021,40.493975],[43.564956,40.495605],[43.557618,40.494146],[43.557618,40.492172],[43.559989,40.489597],[43.558183,40.488567],[43.559086,40.485306],[43.555699,40.48007],[43.550054,40.479984],[43.549038,40.478525],[43.543507,40.477753],[43.542152,40.476465],[43.543394,40.475435],[43.546216,40.475521],[43.548594,40.473032],[43.547691,40.466766],[43.54927,40.466938],[43.555249,40.463934],[43.556378,40.460844],[43.561342,40.458612],[43.567885,40.4599],[43.572172,40.458784],[43.575443,40.454492],[43.579843,40.452433],[43.581535,40.449171],[43.584243,40.448484],[43.584581,40.445566],[43.58695,40.444536],[43.590899,40.446253],[43.59375,40.445738],[43.597114,40.440502],[43.606473,40.43664],[43.610983,40.43355],[43.611773,40.428658],[43.616621,40.423422],[43.619553,40.421963],[43.619327,40.415611],[43.614141,40.414495],[43.614141,40.408659],[43.618315,40.403252],[43.617188,40.40102],[43.61809,40.399732],[43.620231,40.396299],[43.618315,40.390806],[43.612117,40.389175],[43.611779,40.386086],[43.608962,40.384798],[43.605919,40.381279],[43.606595,40.373297],[43.600284,40.371752],[43.600622,40.368404],[43.598369,40.367889],[43.598031,40.363598],[43.594877,40.361452],[43.598031,40.354843],[43.595327,40.350552],[43.590175,40.34596],[43.596708,40.339608],[43.601867,40.329695],[43.608083,40.325189],[43.61153,40.321004],[43.614059,40.314374],[43.621097,40.311188],[43.623021,40.305765],[43.627358,40.303999],[43.626727,40.298903],[43.635657,40.2937],[43.636009,40.289891],[43.631649,40.282971],[43.639065,40.279183],[43.640641,40.272574],[43.643455,40.270944],[43.649081,40.272059],[43.652394,40.268862],[43.65851,40.270391],[43.6663,40.26897],[43.672324,40.265322],[43.676226,40.261298],[43.677386,40.257838],[43.682869,40.257597],[43.682131,40.254941],[43.67844,40.253574],[43.682342,40.250838],[43.677544,40.248241],[43.680693,40.241289],[43.684404,40.240431],[43.683954,40.238886],[43.680243,40.239744],[43.679568,40.238972],[43.68238,40.236397],[43.677207,40.231419],[43.678219,40.229273],[43.684741,40.227041],[43.678331,40.224295],[43.665511,40.22747],[43.657639,40.22747],[43.655278,40.226354],[43.654266,40.224552],[43.655053,40.223093],[43.659883,40.219402],[43.663705,40.2176],[43.671797,40.206699],[43.687645,40.198288],[43.69012,40.19494],[43.696299,40.191765],[43.695625,40.188675],[43.699108,40.180349],[43.700681,40.178461],[43.707647,40.1758],[43.712366,40.172281],[43.713939,40.167045],[43.711804,40.163012],[43.705175,40.161123],[43.698996,40.161381],[43.682367,40.159063],[43.670009,40.156231],[43.664279,40.153141],[43.662688,40.153656],[43.654715,40.146532],[43.651234,40.144987],[43.653704,40.141296],[43.648539,40.131168],[43.652491,40.128851],[43.656307,40.118036],[43.654736,40.115805],[43.655522,40.112543],[43.664614,40.109282],[43.672248,40.108423],[43.6763,40.106449],[43.677534,40.097093],[43.678769,40.09572],[43.693804,40.096407],[43.699189,40.091429],[43.700199,40.087481],[43.708383,40.084755],[43.713663,40.080957],[43.717703,40.080185],[43.723762,40.081129],[43.730388,40.078125],[43.737455,40.07967],[43.740932,40.082245],[43.74441,40.082159],[43.753333,40.079328],[43.762006,40.084391],[43.774248,40.075807],[43.788494,40.069027],[43.795676,40.068941],[43.807976,40.061752],[43.818104,40.060787],[43.824609,40.058641],[43.823712,40.05229],[43.826066,40.047483],[43.830664,40.048256],[43.843568,40.043879],[43.856348,40.04302],[43.859936,40.041046],[43.864532,40.035553],[43.866886,40.034695],[43.874958,40.035467],[43.87877,40.030575],[43.888411,40.027313],[43.897604,40.021047],[43.903097,40.021562],[43.908362,40.024309],[43.914528,40.024309],[43.922257,40.022764],[43.925955,40.022936],[43.929778,40.024574],[43.936712,40.023623],[43.941867,40.021133],[43.944556,40.021047],[43.948926,40.02285],[43.960355,40.021391],[43.96663,40.017872],[43.973012,40.019331],[43.978728,40.024395],[43.983323,40.025597],[43.986349,40.027742],[43.98803,40.030918],[43.995876,40.031261],[44.000247,40.028858],[44.007548,40.029663],[44.018196,40.026981],[44.021558,40.029341],[44.026181,40.027571],[44.035148,40.029126],[44.040541,40.027624],[44.047612,40.02859],[44.053146,40.027141],[44.062253,40.029395],[44.063724,40.031379],[44.068348,40.031004],[44.073252,40.03256],[44.077282,40.031805],[44.084641,40.033922],[44.097758,40.032463],[44.104341,40.029888],[44.114011,40.03169],[44.11659,40.034008],[44.122869,40.034008],[44.128027,40.03169],[44.130691,40.027141],[44.134979,40.028172],[44.139015,40.032377],[44.146528,40.033407],[44.152134,40.031176],[44.160095,40.030231],[44.164025,40.031862],[44.166939,40.031776],[44.170974,40.027227],[44.187899,40.030317],[44.190009,40.032377],[44.188908,40.037784],[44.192495,40.039415],[44.206506,40.038557],[44.209644,40.034437],[44.214015,40.033236],[44.218275,40.036755],[44.219719,40.041046],[44.224204,40.042677],[44.228585,40.040531],[44.232173,40.041475],[44.234182,40.046968],[44.238331,40.046883],[44.241583,40.045509],[44.245283,40.048685],[44.248646,40.0492],[44.264455,40.046711],[44.269164,40.048513],[44.271743,40.048942],[44.276004,40.048771],[44.278358,40.048599],[44.284189,40.043964],[44.294504,40.043278],[44.296186,40.037527],[44.300447,40.035896],[44.304483,40.03624],[44.310537,40.038815],[44.314464,40.0389],[44.318837,40.037441],[44.325003,40.031433],[44.330945,40.030832],[44.337335,40.032205],[44.338905,40.028687],[44.340811,40.027571],[44.344959,40.026283],[44.351798,40.02697],[44.360101,40.016928],[44.365592,40.013924],[44.368843,40.009632],[44.375904,40.006628],[44.379266,40.003624],[44.382852,40.003023],[44.393542,40.004568],[44.401837,40.001736],[44.405761,40.002508],[44.409694,40.002594],[44.419667,39.99959],[44.42202,39.997101],[44.42291,39.993753],[44.426502,39.991007],[44.449448,39.98148],[44.452808,39.975471],[44.45236,39.973411],[44.455719,39.971008],[44.459303,39.970837],[44.466695,39.972725],[44.480134,39.966888],[44.48253,39.965343],[44.483967,39.962683],[44.490352,39.95882],[44.493049,39.95058],[44.500998,39.945087],[44.503572,39.935045],[44.508946,39.930668],[44.516447,39.929209],[44.520901,39.919853],[44.532765,39.922085],[44.535815,39.920969],[44.543206,39.909554],[44.552718,39.902258],[44.553613,39.90037],[44.55283,39.892902],[44.550256,39.887667],[44.552376,39.882517],[44.561415,39.876509],[44.564994,39.86947],[44.572526,39.86681],[44.577446,39.861917],[44.583597,39.863806],[44.591985,39.859257],[44.593774,39.847755],[44.596123,39.843721],[44.58874,39.834366],[44.593994,39.824152],[44.597235,39.82295],[44.604725,39.823208],[44.607519,39.824409],[44.611096,39.828186],[44.61427,39.829044],[44.617288,39.827929],[44.621312,39.823465],[44.619479,39.820804],[44.61132,39.814882],[44.612772,39.813595],[44.616349,39.812822],[44.626191,39.813938],[44.630213,39.811621],[44.633788,39.806128],[44.639822,39.805612],[44.650102,39.800377],[44.652337,39.794454],[44.660382,39.790936],[44.668315,39.792223],[44.678036,39.787846],[44.681276,39.794197],[44.683623,39.796],[44.687534,39.796171],[44.696361,39.79188],[44.697255,39.789133],[44.694796,39.786301],[44.691221,39.785099],[44.686416,39.781408],[44.686416,39.774714],[44.687768,39.771967],[44.689108,39.770164],[44.692347,39.76922],[44.694692,39.770594],[44.705077,39.771538],[44.708762,39.770422],[44.713117,39.764328],[44.716691,39.75317],[44.722274,39.741926],[44.725847,39.740467],[44.729532,39.74081],[44.734893,39.745445],[44.737796,39.745617],[44.744831,39.742441],[44.743156,39.73403],[44.743826,39.730682],[44.748737,39.72476],[44.747175,39.717379],[44.748291,39.715405],[44.754542,39.71343],[44.759492,39.715329],[44.761111,39.715127],[44.765838,39.714423],[44.767651,39.714493],[44.76892,39.713935],[44.769645,39.713516],[44.77028,39.712888],[44.769612,39.711542],[44.768739,39.710238],[44.767288,39.708007],[44.766382,39.707379],[44.765261,39.706392],[44.763571,39.705008],[44.763299,39.703474],[44.764568,39.702428],[44.76593,39.701843],[44.767741,39.702498],[44.77028,39.702777],[44.772999,39.702567],[44.776353,39.702846],[44.778529,39.702289],[44.780252,39.700894],[44.781103,39.699011],[44.780614,39.697267],[44.780088,39.695513],[44.780252,39.694338],[44.781521,39.693362],[44.78378,39.693089],[44.78605,39.692734],[44.787318,39.691828],[44.788134,39.689875],[44.787685,39.688625],[44.786412,39.687574],[44.785053,39.687086],[44.784056,39.686388],[44.784509,39.685691],[44.786956,39.685133],[44.788912,39.68442],[44.790474,39.684076],[44.792148,39.683905],[44.794476,39.683878],[44.796378,39.684296],[44.7981,39.684366],[44.799459,39.684505],[44.801407,39.684248],[44.802267,39.683669],[44.802188,39.682875],[44.80118,39.6806],[44.799912,39.677811],[44.799511,39.677038],[44.798734,39.675509],[44.797918,39.673696],[44.796499,39.672403],[44.794204,39.670907],[44.794113,39.669791],[44.794714,39.66897],[44.795744,39.668396],[44.797056,39.668627],[44.800576,39.669764],[44.803192,39.672146],[44.804866,39.672832],[44.805891,39.67265],[44.806205,39.670858],[44.805619,39.669233],[44.803717,39.665885],[44.800289,39.662533],[44.799285,39.660559],[44.799397,39.657984],[44.802266,39.655709],[44.803538,39.65537],[44.805887,39.654744],[44.808206,39.655495],[44.812109,39.656525],[44.81477,39.656541],[44.81622,39.656052],[44.817035,39.655007],[44.817796,39.652405],[44.817505,39.651156],[44.817216,39.649916],[44.816395,39.648381],[44.815678,39.64571],[44.81549,39.644267],[44.815308,39.642733],[44.814946,39.642105],[44.813498,39.641059],[44.811053,39.640641],[44.808789,39.639664],[44.807837,39.638007],[44.808469,39.635979],[44.808567,39.6332],[44.809055,39.630872],[44.809645,39.626827],[44.804624,39.629761],[44.803186,39.641676],[44.798833,39.648456],[44.788132,39.651031],[44.785793,39.654722],[44.772302,39.661331],[44.768846,39.664936],[44.763494,39.66691],[44.758799,39.671974],[44.752441,39.683561],[44.744075,39.691887],[44.741175,39.693346],[44.734082,39.694204],[44.733144,39.696178],[44.728459,39.698839],[44.726608,39.704161],[44.715676,39.711628],[44.715393,39.714289],[44.706242,39.713001],[44.702672,39.710426],[44.698096,39.712572],[44.688053,39.71343],[44.690396,39.716949],[44.677786,39.713774],[44.661716,39.718151],[44.658369,39.723987],[44.649776,39.728451],[44.646428,39.732399],[44.642299,39.733686],[44.642969,39.735746],[44.641497,39.738922],[44.629885,39.746132],[44.631565,39.752741],[44.632788,39.753428],[44.632458,39.755745],[44.629779,39.756002],[44.630555,39.758663],[44.627987,39.758577],[44.626319,39.760723],[44.627206,39.761324],[44.62207,39.765701],[44.617167,39.779434],[44.614023,39.780992],[44.593318,39.769821],[44.520577,39.722099],[44.504785,39.710217],[44.475523,39.687767],[44.475747,39.680557],[44.4782,39.675922],[44.48333,39.670773],[44.48705,39.639187],[44.479921,39.613094],[44.460316,39.596958],[44.447395,39.577732],[44.442271,39.574471],[44.429572,39.572067],[44.416934,39.559021],[44.417824,39.555588],[44.424944,39.548035],[44.427614,39.53516],[44.434511,39.52177],[44.436958,39.505634],[44.436958,39.501171],[44.433621,39.498425],[44.425649,39.497223],[44.413869,39.489841],[44.413869,39.485893],[44.409423,39.474563],[44.419425,39.463577],[44.41987,39.456539],[44.42187,39.452076],[44.426983,39.447956],[44.430539,39.446583],[44.433428,39.443321],[44.428983,39.434052],[44.424538,39.428558],[44.423204,39.425125],[44.422982,39.415855],[44.421426,39.413624],[44.416091,39.411736],[44.399884,39.411736],[44.390109,39.412937],[44.376335,39.410705],[44.359672,39.397659],[44.353896,39.395428],[44.347008,39.394913],[44.336344,39.388389],[44.331012,39.388389],[44.31235,39.393539],[44.308573,39.392853],[44.305463,39.38118],[44.294132,39.375],[44.291688,39.37603],[44.283913,39.383755],[44.273248,39.387016],[44.270805,39.394913],[44.268139,39.397316],[44.262584,39.398518],[44.250143,39.397144],[44.244366,39.402466],[44.239701,39.409847],[44.235041,39.413452],[44.226378,39.417229],[44.21616,39.417915],[44.207052,39.417057],[44.195946,39.413452],[44.192392,39.407616],[44.191725,39.403152],[44.186838,39.401608],[44.170845,39.401436],[44.155962,39.403324],[44.146632,39.402466],[44.138413,39.395599],[44.138857,39.401951],[44.134192,39.406071],[44.128442,39.405899],[44.119784,39.403324],[44.116009,39.403324],[44.098692,39.410877],[44.082706,39.408646],[44.072716,39.414482],[44.069607,39.415169],[44.059616,39.406586],[44.05229,39.403667],[44.050069,39.400578],[44.051846,39.396629],[44.055398,39.394054],[44.056952,39.389591],[44.054954,39.38736],[44.037858,39.382725],[44.032974,39.377403],[44.032308,39.373798],[44.040745,39.359207],[44.048293,39.357319],[44.062947,39.356289],[44.055842,39.347019],[44.05586,39.344101],[44.072276,39.335518],[44.078044,39.327621],[44.079375,39.318352],[44.078739,39.294491],[44.080956,39.291229],[44.083615,39.289341],[44.100681,39.288998],[44.104449,39.287624],[44.105557,39.284191],[44.103784,39.281445],[44.100238,39.278011],[44.094032,39.274921],[44.092037,39.27063],[44.092702,39.26136],[44.08561,39.255695],[44.08694,39.249859],[44.090264,39.246941],[44.09913,39.244709],[44.102454,39.239902],[44.098243,39.212608],[44.107942,39.19733],[44.109048,39.193725],[44.118789,39.187717],[44.123881,39.186344],[44.131187,39.186859],[44.13982,39.185486],[44.149119,39.181709],[44.161073,39.178619],[44.169043,39.175186],[44.175684,39.170208],[44.184097,39.159737],[44.186311,39.15493],[44.200479,39.144115],[44.210171,39.134674],[44.212383,39.131069],[44.209729,39.11562],[44.221007,39.106178],[44.224103,39.099827],[44.223882,39.094505],[44.216363,39.090214],[44.196682,39.084206],[44.19248,39.078369],[44.19049,39.072876],[44.19248,39.067726],[44.197345,39.063606],[44.206191,39.058628],[44.204864,39.054852],[44.198893,39.05262],[44.194471,39.048328],[44.193586,39.042492],[44.195134,39.0382],[44.199335,39.035797],[44.208573,39.027214],[44.209677,39.023094],[44.208131,39.019833],[44.190026,39.012108],[44.185168,39.011765],[44.178985,39.009704],[44.169933,39.000092],[44.168829,38.993568],[44.170816,38.990307],[44.175894,38.986187],[44.188038,38.980865],[44.190246,38.978119],[44.190688,38.975372],[44.184505,38.954258],[44.18848,38.952026],[44.198858,38.949451],[44.199299,38.945503],[44.193375,38.935375],[44.194478,38.929539],[44.203077,38.921814],[44.21741,38.920441],[44.219174,38.917522],[44.219394,38.907566],[44.211897,38.9007],[44.209913,38.895206],[44.211015,38.891773],[44.21763,38.886108],[44.23064,38.879242],[44.24409,38.874435],[44.246295,38.868599],[44.244311,38.863277],[44.244311,38.857098],[44.24828,38.851604],[44.258175,38.847999],[44.278438,38.855724],[44.287909,38.848171],[44.298481,38.850403],[44.301564,38.847484],[44.301785,38.84388],[44.29782,38.83976],[44.296278,38.834438],[44.297159,38.830147],[44.303547,38.824482],[44.313678,38.811436],[44.314119,38.807831],[44.310595,38.805599],[44.304428,38.805771],[44.301785,38.802509],[44.302665,38.799248],[44.300904,38.793926],[44.290992,38.786201],[44.288129,38.781223],[44.291213,38.7644],[44.285718,38.751526],[44.279121,38.744144],[44.278681,38.739853],[44.275602,38.734531],[44.272303,38.730583],[44.258448,38.72303],[44.252509,38.717708],[44.252509,38.714447],[44.257348,38.71273],[44.263726,38.705864],[44.270764,38.700542],[44.272523,38.689728],[44.271863,38.684578],[44.274282,38.680458],[44.28022,38.67651],[44.283299,38.669128],[44.284179,38.66415],[44.282644,38.66106],[44.2721,38.654366],[44.268366,38.650589],[44.270782,38.645782],[44.281325,38.641662],[44.299118,38.638058],[44.305708,38.635483],[44.318009,38.6269],[44.321743,38.621578],[44.323281,38.615055],[44.318449,38.602352],[44.319327,38.597202],[44.322842,38.592567],[44.324353,38.580208],[44.314698,38.564243],[44.314917,38.551025],[44.310748,38.531799],[44.314259,38.524246],[44.315575,38.517551],[44.322158,38.509998],[44.321916,38.474636],[44.323231,38.471203],[44.322355,38.466911],[44.304608,38.448544],[44.303512,38.443565],[44.304608,38.439617],[44.312057,38.437042],[44.316439,38.433266],[44.320602,38.414554],[44.319945,38.408546],[44.309647,38.398762],[44.309209,38.382969],[44.317076,38.373699],[44.324081,38.370094],[44.335465,38.369751],[44.343346,38.372326],[44.350571,38.370781],[44.35473,38.373699],[44.359328,38.374729],[44.364582,38.371639],[44.369617,38.364944],[44.377498,38.359108],[44.382971,38.359108],[44.391958,38.363228],[44.411232,38.369064],[44.441677,38.384342],[44.452847,38.385029],[44.455037,38.375416],[44.45854,38.368206],[44.466424,38.358936],[44.469928,38.357906],[44.490514,38.358593],[44.496207,38.35722],[44.498178,38.355331],[44.492923,38.351555],[44.491609,38.347778],[44.509128,38.346062],[44.511099,38.343487],[44.511756,38.34074],[44.509785,38.338165],[44.497974,38.332844],[44.495787,38.328552],[44.500381,38.319798],[44.497974,38.310871],[44.49513,38.305721],[44.489223,38.303661],[44.474566,38.302116],[44.471066,38.296623],[44.46319,38.289928],[44.445251,38.281002],[44.434325,38.271389],[44.423178,38.268471],[44.409627,38.256111],[44.401977,38.251133],[44.40001,38.247871],[44.399573,38.23843],[44.405256,38.231563],[44.40853,38.223152],[44.408748,38.219204],[44.40722,38.213882],[44.394556,38.196716],[44.39674,38.178349],[44.396521,38.163929],[44.393901,38.152943],[44.385604,38.144016],[44.370149,38.132858],[44.363388,38.130112],[44.3575,38.130798],[44.352484,38.129597],[44.352702,38.127537],[44.358154,38.1217],[44.359245,38.112602],[44.357936,38.107281],[44.348341,38.102989],[44.350958,38.097668],[44.349431,38.093891],[44.34267,38.09269],[44.337,38.089085],[44.328713,38.079986],[44.323697,38.076553],[44.320644,38.071747],[44.32675,38.070374],[44.32784,38.068485],[44.324133,38.065224],[44.318681,38.063335],[44.307569,38.055782],[44.306698,38.052006],[44.308223,38.041191],[44.306044,38.036899],[44.297547,38.029518],[44.281644,38.020763],[44.273147,38.013554],[44.270097,38.00806],[44.266176,37.993641],[44.262033,37.986603],[44.244405,37.967377],[44.242228,37.963428],[44.241575,37.958279],[44.243534,37.953472],[44.249628,37.948151],[44.250269,37.940083],[44.247876,37.937336],[44.247006,37.932701],[44.236565,37.924118],[44.228951,37.913132],[44.227429,37.909012],[44.229387,37.906437],[44.234172,37.905579],[44.23439,37.901974],[44.232214,37.897339],[44.228734,37.893734],[44.225906,37.888069],[44.228081,37.886181],[44.237,37.884807],[44.240698,37.882919],[44.247441,37.876911],[44.258311,37.87056],[44.27136,37.867813],[44.280929,37.87262],[44.285714,37.871761],[44.297675,37.866268],[44.302677,37.870216],[44.314856,37.876053],[44.32834,37.874851],[44.339431,37.869873],[44.357458,37.864895],[44.367021,37.865753],[44.373542,37.864895],[44.384845,37.869701],[44.390714,37.869873],[44.400278,37.863006],[44.403538,37.858372],[44.404842,37.853565],[44.405494,37.846699],[44.403321,37.841034],[44.396365,37.837429],[44.393322,37.832966],[44.392453,37.827301],[44.395719,37.820778],[44.405708,37.819233],[44.410702,37.817173],[44.415913,37.81271],[44.422645,37.797947],[44.424816,37.795544],[44.439365,37.803268],[44.447182,37.806015],[44.450222,37.805328],[44.448267,37.79829],[44.449787,37.785416],[44.442622,37.772713],[44.459124,37.766705],[44.471719,37.765331],[44.478901,37.770996],[44.494541,37.772198],[44.516046,37.776146],[44.526472,37.781296],[44.536464,37.781467],[44.546674,37.780094],[44.557752,37.780781],[44.561662,37.778549],[44.565138,37.772369],[44.56883,37.769794],[44.575094,37.766705],[44.589199,37.762413],[44.593105,37.751255],[44.597445,37.746277],[44.604606,37.739754],[44.619145,37.730999],[44.624136,37.726364],[44.625222,37.712631],[44.628693,37.704906],[44.625656,37.698898],[44.609163,37.683449],[44.576446,37.665424],[44.569509,37.646713],[44.569292,37.642078],[44.57146,37.639675],[44.575578,37.6371],[44.580565,37.636585],[44.587935,37.626457],[44.607663,37.609978],[44.61395,37.603111],[44.612215,37.5947],[44.614163,37.565002],[44.612864,37.562771],[44.603338,37.557278],[44.603122,37.555046],[44.603555,37.552471],[44.606586,37.550411],[44.612864,37.548523],[44.612864,37.545433],[44.607885,37.538395],[44.602256,37.525349],[44.600963,37.515049],[44.592962,37.509899],[44.593178,37.506466],[44.601396,37.499428],[44.607667,37.490158],[44.603775,37.48106],[44.600315,37.477798],[44.596206,37.475224],[44.58907,37.473507],[44.587988,37.455139],[44.586475,37.451706],[44.583663,37.449303],[44.583231,37.445011],[44.590799,37.43969],[44.607019,37.43763],[44.622102,37.437115],[44.631609,37.43248],[44.635066,37.42836],[44.637443,37.419605],[44.642629,37.41188],[44.651271,37.406387],[44.653432,37.403297],[44.656025,37.391109],[44.65797,37.387504],[44.662723,37.385101],[44.689299,37.384758],[44.707654,37.382355],[44.722559,37.376346],[44.726015,37.37257],[44.72904,37.364674],[44.730984,37.354202],[44.737033,37.341156],[44.74913,37.334633],[44.756907,37.33223],[44.766195,37.331028],[44.778686,37.321243],[44.797883,37.310944],[44.80004,37.308197],[44.813197,37.284336],[44.813629,37.280045],[44.812334,37.276268],[44.805648,37.268886],[44.788824,37.256012],[44.771353,37.246227],[44.759516,37.231808],[44.761886,37.208633],[44.763825,37.200909],[44.767272,37.194042],[44.767056,37.186832],[44.768564,37.182369],[44.779552,37.172928],[44.782999,37.167263],[44.784713,37.144947],[44.776313,37.158508],[44.76984,37.166061],[44.765261,37.168636],[44.75772,37.164516],[44.744097,37.16486],[44.716463,37.175503],[44.713828,37.175674],[44.712801,37.174473],[44.704829,37.173529],[44.699608,37.171726],[44.695242,37.17679],[44.692872,37.177305],[44.685173,37.174559],[44.683557,37.171898],[44.677201,37.172842],[44.675419,37.172155],[44.671326,37.174044],[44.664971,37.174902],[44.663086,37.179708],[44.661201,37.181339],[44.659099,37.180738],[44.650265,37.185802],[44.64806,37.189751],[44.6438,37.189922],[44.640999,37.188034],[44.637875,37.192068],[44.632872,37.189236],[44.627163,37.190008],[44.623114,37.187776],[44.620592,37.180653],[44.613317,37.178507],[44.600988,37.171726],[44.600822,37.167521],[44.593389,37.165031],[44.586387,37.165031],[44.581661,37.162371],[44.577785,37.16383],[44.57574,37.161427],[44.569496,37.158251],[44.569968,37.156363],[44.564974,37.154045],[44.559807,37.14941],[44.560492,37.147179],[44.558123,37.143659],[44.557977,37.139196],[44.550549,37.135077],[44.549042,37.129583],[44.552486,37.126322],[44.5522,37.125034],[44.544843,37.120571],[44.538814,37.121344],[44.53397,37.124777],[44.531709,37.121687],[44.528809,37.122545],[44.525581,37.121858],[44.52431,37.116451],[44.514839,37.113104],[44.514085,37.111988],[44.517188,37.107439],[44.517295,37.102633],[44.512991,37.101603],[44.509672,37.097569],[44.497833,37.091904],[44.495559,37.089586],[44.489857,37.088041],[44.484917,37.088985],[44.476413,37.079286],[44.471895,37.078943],[44.465227,37.073965],[44.449093,37.072334],[44.441234,37.066326],[44.430476,37.066326],[44.421666,37.061262],[44.417471,37.056026],[44.415427,37.055511],[44.415105,37.053881],[44.411448,37.052679],[44.403484,37.051821],[44.40166,37.052679],[44.400795,37.056627],[44.398752,37.056885],[44.396924,37.051477],[44.393055,37.05122],[44.391765,37.052078],[44.392192,37.054653],[44.385852,37.059288],[44.383486,37.059631],[44.379507,37.059116],[44.374452,37.056284],[44.369182,37.056284],[44.365525,37.052507],[44.359072,37.052336],[44.3552,37.046671],[44.350145,37.043238],[44.350366,37.039976],[44.357995,37.03208],[44.362405,37.031221],[44.367028,37.024269],[44.362298,37.023754],[44.360361,37.022123],[44.351763,37.019291],[44.342841,37.009935],[44.338541,37.007961],[44.330683,36.998091],[44.328776,36.993112],[44.329824,36.98822],[44.32617,36.988735],[44.32155,36.985474],[44.315424,36.984529],[44.309729,36.975174],[44.306538,36.972771],[44.306109,36.97114],[44.310191,36.96908],[44.309952,36.966934],[44.308018,36.966076],[44.295986,36.976032],[44.287392,36.979294],[44.281376,36.980324],[44.276435,36.978951],[44.265907,36.978779],[44.257743,36.981182],[44.254735,36.985302],[44.253016,36.9944],[44.223733,37.031994],[44.225884,37.035084],[44.230617,37.035599],[44.23449,37.038174],[44.228466,37.052421],[44.207812,37.068901],[44.197903,37.080746],[44.19575,37.087269],[44.187783,37.098255],[44.186922,37.103405],[44.188645,37.106495],[44.198764,37.115593],[44.207162,37.129154],[44.21536,37.139282],[44.224195,37.15868],[44.230444,37.159538],[44.240787,37.157307],[44.255009,37.156963],[44.268584,37.161083],[44.273109,37.164001],[44.275695,37.167435],[44.278712,37.174988],[44.280867,37.187862],[44.278927,37.192154],[44.275911,37.194557],[44.26643,37.197304],[44.264706,37.200737],[44.265352,37.204514],[44.269877,37.211552],[44.270308,37.215672],[44.269016,37.229748],[44.270095,37.237301],[44.269447,37.241592],[44.267074,37.245369],[44.264485,37.247257],[44.252404,37.25069],[44.249815,37.25275],[44.239028,37.272148],[44.233634,37.277985],[44.230829,37.279358],[44.222416,37.280045],[44.210981,37.277985],[44.202352,37.286053],[44.184843,37.295151],[44.174481,37.297382],[44.164335,37.302361],[44.151598,37.303391],[44.144691,37.311973],[44.131306,37.316952],[44.124614,37.321415],[44.119002,37.321243],[44.113821,37.317982],[44.10756,37.31781],[44.100004,37.315578],[44.088131,37.316265],[44.082518,37.31472],[44.078632,37.31472],[44.071293,37.314892],[44.067073,37.315705],[44.062037,37.320642],[44.055885,37.319527],[44.047251,37.322273],[44.041207,37.322273],[44.039912,37.325449],[44.0343,37.323561],[44.032681,37.326136],[44.030738,37.324848],[44.030306,37.321758],[44.025882,37.317467],[44.024586,37.317123],[44.018618,37.319698],[44.015811,37.319698],[44.002206,37.302532],[43.996168,37.299442],[43.981286,37.296009],[43.9567,37.292233],[43.95821,37.283134],[43.957778,37.276096],[43.955622,37.271976],[43.948073,37.265968],[43.947426,37.25893],[43.945269,37.255325],[43.919617,37.226315],[43.912501,37.223396],[43.906464,37.222366],[43.87865,37.228031],[43.86981,37.225971],[43.844799,37.216187],[43.842644,37.212925],[43.840704,37.201424],[43.836607,37.197132],[43.830811,37.195244],[43.828855,37.20005],[43.823396,37.203226],[43.817253,37.210693],[43.81499,37.211123],[43.811502,37.222967],[43.807877,37.225628],[43.799256,37.226572],[43.788802,37.229404],[43.786108,37.22949],[43.784224,37.228117],[43.774684,37.227945],[43.764338,37.231722],[43.761046,37.231464],[43.748184,37.234554],[43.735056,37.234726],[43.715435,37.239876],[43.699911,37.237473],[43.695383,37.240219],[43.691502,37.241077],[43.688483,37.238159],[43.686543,37.232323],[43.68029,37.228203],[43.66455,37.224941],[43.652045,37.225113],[43.640175,37.220478],[43.630686,37.220478],[43.621628,37.223225],[43.60912,37.237988],[43.58971,37.238159],[43.571378,37.259274],[43.517465,37.250862],[43.509055,37.245197],[43.498919,37.243652],[43.487921,37.250175],[43.478647,37.251892],[43.475197,37.254467],[43.476491,37.262363],[43.457717,37.270432],[43.443476,37.272835],[43.424057,37.2785],[43.414132,37.283993],[43.405502,37.292404],[43.400539,37.292919],[43.393419,37.296352],[43.385651,37.303562],[43.384134,37.306309],[43.372694,37.308369],[43.370967,37.309914],[43.371614,37.31472],[43.369672,37.31884],[43.36665,37.320213],[43.35931,37.328968],[43.355641,37.329483],[43.331248,37.326908],[43.324557,37.322101],[43.321319,37.317982],[43.319592,37.314892],[43.319376,37.306309],[43.315059,37.30442],[43.303834,37.303562],[43.289141,37.311802],[43.274241,37.313347],[43.271217,37.328453],[43.250703,37.330513],[43.248759,37.332401],[43.247679,37.336349],[43.240337,37.345448],[43.235154,37.347507],[43.229756,37.347851],[43.216145,37.345791],[43.201242,37.349052],[43.194978,37.357464],[43.188067,37.359009],[43.172948,37.357464],[43.166555,37.360039],[43.1633,37.357721],[43.160385,37.359524],[43.161032,37.362185],[43.153042,37.365446],[43.151655,37.368107],[43.152577,37.370892],[43.144438,37.373085],[43.13515,37.371025],[43.12997,37.372227],[43.121547,37.371025],[43.112477,37.37154],[43.107942,37.367935],[43.10535,37.36742],[43.075978,37.36742],[43.070579,37.366047],[43.065612,37.359867],[43.056757,37.355747],[43.021566,37.354031],[43.019623,37.351971],[43.019191,37.342014],[43.017032,37.337894],[43.00818,37.331371],[42.98594,37.32605],[42.973202,37.325191],[42.967589,37.321587],[42.964998,37.318325],[42.956146,37.314034],[42.948805,37.31781],[42.93326,37.320557],[42.919874,37.32708],[42.89785,37.328453],[42.879713,37.337894],[42.869997,37.339439],[42.863736,37.344246],[42.851644,37.348194],[42.848405,37.347851],[42.840201,37.343559],[42.833722,37.344246],[42.827676,37.348537],[42.825732,37.357121],[42.825516,37.367592],[42.822062,37.372227],[42.795934,37.378922],[42.790535,37.378578],[42.781466,37.374973],[42.773045,37.365017],[42.769158,37.361927],[42.762464,37.359695],[42.757713,37.350426],[42.753395,37.347851],[42.748212,37.347336],[42.740439,37.339611],[42.744326,37.331543],[42.742814,37.325706],[42.734146,37.31781],[42.731573,37.317209],[42.729307,37.320471],[42.72553,37.31884],[42.726286,37.315578],[42.724883,37.313519],[42.71582,37.311287],[42.713446,37.308197],[42.707706,37.307167],[42.700283,37.30957],[42.698533,37.308969],[42.690896,37.310085],[42.687659,37.308025],[42.688738,37.304506],[42.693162,37.30133],[42.6899,37.294807],[42.695835,37.29558],[42.69713,37.292919],[42.696723,37.290087],[42.692946,37.290773],[42.690465,37.286739],[42.687336,37.287426],[42.684329,37.284078],[42.684329,37.282362],[42.681633,37.281504],[42.681094,37.280474],[42.684868,37.278585],[42.681525,37.270517],[42.675918,37.269917],[42.676996,37.273006],[42.675271,37.274208],[42.671026,37.271719],[42.66039,37.271547],[42.659959,37.267771],[42.654136,37.266655],[42.654244,37.264338],[42.658234,37.263222],[42.658126,37.262449],[42.650254,37.256784],[42.64993,37.255154],[42.656077,37.247],[42.653273,37.243567],[42.64799,37.242622],[42.643892,37.234125],[42.641914,37.23258],[42.638034,37.233353],[42.633971,37.226143],[42.629334,37.223911],[42.629334,37.219019],[42.625797,37.21919],[42.624396,37.21653],[42.623103,37.216358],[42.621164,37.218676],[42.618685,37.218847],[42.617393,37.217131],[42.618255,37.215586],[42.613191,37.21447],[42.613191,37.211208],[42.61847,37.206659],[42.617716,37.202282],[42.61082,37.19799],[42.605002,37.191982],[42.600908,37.190781],[42.602201,37.181768],[42.59048,37.175331],[42.588864,37.170954],[42.584263,37.168379],[42.581865,37.163401],[42.582296,37.160139],[42.577988,37.145977],[42.573035,37.14426],[42.572211,37.14293],[42.557302,37.150183],[42.553359,37.150011],[42.545389,37.148037],[42.538605,37.144604],[42.538671,37.143145],[42.533824,37.140484],[42.526113,37.143488],[42.523852,37.143316],[42.519113,37.141514],[42.51459,37.141428],[42.500482,37.136707],[42.496498,37.13645],[42.487452,37.138424],[42.48519,37.136021],[42.483144,37.135849],[42.473829,37.139196],[42.47103,37.141428],[42.464463,37.143316],[42.462791,37.142973],[42.46048,37.141342],[42.457788,37.13439],[42.455205,37.133102],[42.451052,37.137394],[42.448037,37.136965],[42.444224,37.134991],[42.440995,37.131472],[42.436638,37.130957],[42.435454,37.12924],[42.4361,37.127437],[42.434162,37.126322],[42.43061,37.125893],[42.426784,37.126923],[42.421568,37.123146],[42.411126,37.121258],[42.409618,37.118082],[42.406497,37.117653],[42.406281,37.113533],[42.404451,37.112932],[42.392933,37.112675],[42.385648,37.110958],[42.382494,37.112331],[42.380565,37.11525],[42.369362,37.112589],[42.365272,37.116451],[42.362796,37.116108],[42.361289,37.11216],[42.361864,37.109585],[42.360465,37.107525],[42.353572,37.103696],[42.352671,37.100401],[42.35006,37.10525],[42.350053,37.113104],[42.355119,37.122974],[42.35425,37.126236],[42.351028,37.133746],[42.333347,37.149496],[42.329364,37.157478],[42.330024,37.166491],[42.323024,37.17576],[42.320211,37.183571],[42.322366,37.190695],[42.336281,37.208505],[42.337897,37.210093],[42.347433,37.213655],[42.348295,37.214942],[42.346517,37.217431],[42.340053,37.221165],[42.342371,37.232194],[42.341239,37.23464],[42.337251,37.238073],[42.3173,37.245798],[42.309535,37.258587],[42.305761,37.260132],[42.2912,37.26202],[42.28829,37.269745],[42.287749,37.275581],[42.285702,37.28013],[42.283113,37.282104],[42.27982,37.281675],[42.268278,37.273479],[42.25981,37.271333],[42.242887,37.28116],[42.235335,37.283049],[42.221528,37.277899],[42.21074,37.277555],[42.207612,37.279701],[42.207181,37.282619],[42.209878,37.286568],[42.208101,37.291031],[42.225836,37.312317],[42.224973,37.316093],[42.216339,37.320213],[42.211266,37.318411],[42.204782,37.318497],[42.20284,37.317123],[42.191836,37.303734],[42.185579,37.290172],[42.175439,37.281418],[42.159905,37.272835],[42.134462,37.250519],[42.120668,37.242107],[42.102347,37.228546],[42.095018,37.222195],[42.089199,37.20829],[42.074973,37.207088],[42.064196,37.202797],[42.049971,37.194042],[42.039194,37.183743],[42.032081,37.181168],[42.022615,37.182713],[42.002361,37.181682],[41.99482,37.175846],[41.968533,37.166748],[41.960346,37.159881],[41.95108,37.157822],[41.935998,37.159023],[41.923504,37.158337],[41.876117,37.146492],[41.82723,37.140656],[41.813446,37.136021],[41.807428,37.135506],[41.777061,37.127609],[41.7159,37.118168],[41.690273,37.116108],[41.662061,37.119541],[41.607391,37.109928],[41.59254,37.103062],[41.549495,37.086754],[41.524744,37.084865],[41.521085,37.083836],[41.515919,37.079201],[41.511618,37.078686],[41.482995,37.080059],[41.416497,37.079887],[41.379053,37.078857],[41.372597,37.075596],[41.350647,37.079201],[41.285005,37.080746],[41.272522,37.079201],[41.268003,37.080231],[41.226869,37.075253],[41.218068,37.062376],[41.211734,37.062593],[41.197977,37.064127],[41.198073,37.079711],[41.189656,37.083664],[41.180982,37.086043],[41.164688,37.094479],[41.144777,37.097483],[41.134985,37.094307],[41.127561,37.097054],[41.126485,37.097054],[41.117769,37.094307],[41.096895,37.100058],[41.012092,37.115765],[40.982054,37.115593],[40.909818,37.131815],[40.888394,37.12718],[40.879781,37.128639],[40.873967,37.128296],[40.850617,37.122202],[40.84685,37.120914],[40.845128,37.113018],[40.842114,37.109327],[40.837486,37.106666],[40.834042,37.106151],[40.82145,37.111387],[40.812947,37.125034],[40.80778,37.124863],[40.801752,37.119541],[40.7982,37.118769],[40.775919,37.12203],[40.770321,37.126408],[40.764724,37.126923],[40.756439,37.112331],[40.753318,37.10907],[40.750198,37.108641],[40.744171,37.110529],[40.72287,37.107782],[40.713186,37.103748],[40.708882,37.103062],[40.696617,37.103491],[40.673699,37.089414],[40.638631,37.075167],[40.618733,37.064095],[40.589907,37.062035],[40.572697,37.049761],[40.530766,37.027531],[40.413387,37.015171],[40.39877,37.008047],[40.382325,36.989937],[40.379529,36.979637],[40.356111,36.961613],[40.341505,36.959038],[40.337854,36.957407],[40.306604,36.939125],[40.265048,36.9205],[40.237993,36.915007],[40.234437,36.912213],[40.226184,36.904707],[40.194523,36.886597],[40.184756,36.878014],[40.181429,36.876726],[40.143233,36.869173],[40.112762,36.867199],[40.088696,36.860332],[40.060902,36.855698],[40.055668,36.8466],[40.039818,36.832791],[40.029709,36.826],[39.999149,36.822524],[39.928638,36.796196],[39.875694,36.782226],[39.852554,36.775017],[39.836965,36.762528],[39.824832,36.757829],[39.821016,36.756649],[39.816314,36.755619],[39.715399,36.750233],[39.706882,36.748109],[39.689215,36.740191],[39.641265,36.724226],[39.597014,36.722875],[39.551328,36.714635],[39.491356,36.699636],[39.478595,36.699006],[39.377601,36.693263],[39.358495,36.69101],[39.265234,36.674788],[39.211543,36.668286],[39.210258,36.668286],[39.150221,36.682448],[39.131274,36.685538],[39.061505,36.705751],[39.020716,36.710129],[38.962022,36.705043],[38.932796,36.704399],[38.890969,36.700151],[38.757283,36.70543],[38.743551,36.706524],[38.739697,36.707232],[38.733753,36.709786],[38.729259,36.711802],[38.692068,36.733625],[38.654867,36.762657],[38.6359,36.778944],[38.611142,36.794135],[38.60651,36.798647],[38.595677,36.804076],[38.590638,36.815379],[38.591201,36.822202],[38.590236,36.824455],[38.58903,36.825421],[38.584206,36.826644],[38.575602,36.82349],[38.571019,36.823747],[38.566912,36.825678],[38.558065,36.841063],[38.552515,36.844862],[38.389121,36.902202],[38.338166,36.899595],[38.273496,36.912099],[38.262324,36.915285],[38.255621,36.919486],[38.241854,36.923638],[38.236479,36.922383],[38.216615,36.908285],[38.213173,36.907657],[38.192705,36.909395],[38.184192,36.908864],[38.172902,36.911375],[38.167467,36.910458],[38.164871,36.908054],[38.164938,36.901563],[38.162792,36.89872],[38.144343,36.893302],[38.136092,36.894643],[38.133409,36.894107],[38.131061,36.892229],[38.123485,36.889923],[38.112151,36.880159],[38.104707,36.879945],[38.098002,36.875278],[38.088682,36.876887],[38.080837,36.875814],[38.074266,36.871415],[38.070377,36.865032],[38.064611,36.862564],[38.057481,36.865032],[38.04598,36.863793],[38.043252,36.861609],[38.036541,36.860134],[38.029609,36.853643],[38.029388,36.847506],[38.032435,36.83799],[38.032013,36.836203],[38.029721,36.83292],[38.027603,36.831539],[38.027019,36.831158],[38.02647,36.8308],[38.023668,36.828973],[38.022643,36.828304],[38.017355,36.825389],[38.014582,36.825678],[38.009335,36.828478],[37.994256,36.831761],[37.965125,36.820609],[37.941424,36.818243],[37.925806,36.810953],[37.9038,36.791062],[37.876853,36.786716],[37.829539,36.768805],[37.799288,36.761949],[37.786637,36.75041],[37.783142,36.74901],[37.779287,36.748479],[37.728738,36.751086],[37.70355,36.757121],[37.69879,36.755914],[37.683728,36.743651],[37.673787,36.743554],[37.664871,36.748769],[37.659629,36.74901],[37.655468,36.746789],[37.650084,36.742327],[37.619925,36.723132],[37.526592,36.687453],[37.496316,36.673742],[37.489396,36.667804],[37.488253,36.651243],[37.476979,36.634619],[37.449329,36.633739],[37.442268,36.635113],[37.428787,36.643353],[37.422795,36.645069],[37.408459,36.644554],[37.385968,36.651764],[37.292631,36.66893],[37.278715,36.670303],[37.277859,36.668072],[37.274219,36.666012],[37.218555,36.675282],[37.20892,36.673565],[37.166101,36.657085],[37.162033,36.657257],[37.142122,36.676655],[37.140196,36.676655],[37.125426,36.66584],[37.106374,36.669102],[37.10145,36.649017],[37.087749,36.634254],[37.058421,36.646614],[37.058421,36.653137],[37.056066,36.655712],[37.044934,36.662407],[37.036371,36.66481],[37.025025,36.666355],[37.022456,36.668587],[37.022028,36.677341],[37.023741,36.681633],[37.031875,36.689529],[37.044934,36.705665],[37.049216,36.715965],[37.0505,36.722488],[37.049216,36.727638],[37.041479,36.736393],[37.037193,36.737938],[37.032693,36.738109],[37.009334,36.737251],[36.996047,36.739483],[36.991761,36.741886],[36.99669,36.753044],[36.935384,36.77948],[36.921878,36.784286],[36.917589,36.784973],[36.906011,36.780338],[36.894006,36.779823],[36.872352,36.781196],[36.827114,36.7939],[36.790879,36.798878],[36.746284,36.82188],[36.734492,36.82497],[36.68245,36.828261],[36.668036,36.828918],[36.665464,36.827717],[36.665088,36.826344],[36.669271,36.824112],[36.668628,36.821795],[36.671416,36.82025],[36.668735,36.816902],[36.667448,36.812181],[36.669485,36.81304],[36.669485,36.811409],[36.671527,36.810207],[36.669598,36.806173],[36.669812,36.801796],[36.672492,36.800508],[36.671312,36.799479],[36.669383,36.800766],[36.666811,36.799822],[36.667025,36.79862],[36.665203,36.798534],[36.664131,36.795702],[36.662845,36.795616],[36.662416,36.792612],[36.658129,36.793299],[36.656735,36.791668],[36.65695,36.789265],[36.652769,36.788664],[36.652233,36.786861],[36.64666,36.786604],[36.644302,36.784544],[36.642694,36.780252],[36.644087,36.77948],[36.639693,36.772957],[36.640654,36.768923],[36.634868,36.771326],[36.63551,36.768665],[36.628652,36.767035],[36.627152,36.765575],[36.629403,36.763086],[36.625866,36.762056],[36.619866,36.752186],[36.614293,36.746435],[36.613429,36.744118],[36.616535,36.742315],[36.614822,36.740341],[36.617285,36.738796],[36.616428,36.734419],[36.619427,36.731758],[36.618785,36.727724],[36.625425,36.722145],[36.626496,36.71957],[36.630994,36.718798],[36.631206,36.7097],[36.629279,36.705065],[36.624568,36.701975],[36.619429,36.694336],[36.61429,36.692276],[36.613006,36.690645],[36.613648,36.687984],[36.611828,36.686525],[36.612363,36.684809],[36.607965,36.681547],[36.608928,36.678371],[36.607965,36.676826],[36.605397,36.676826],[36.599083,36.671848],[36.589131,36.668243],[36.587953,36.661463],[36.586027,36.662493],[36.582817,36.659832],[36.580355,36.659403],[36.577691,36.657429],[36.576193,36.654167],[36.577298,36.615028],[36.579864,36.60593],[36.584568,36.600266],[36.58863,36.587734],[36.588416,36.57795],[36.573916,36.530228],[36.564949,36.519413],[36.548724,36.503792],[36.54851,36.493835],[36.546162,36.481647],[36.549151,36.477871],[36.553207,36.476154],[36.554061,36.470318],[36.558118,36.466885],[36.558758,36.456756],[36.55731,36.444569],[36.563921,36.438046],[36.564561,36.420708],[36.567973,36.416245],[36.577995,36.411095],[36.586525,36.392899],[36.594202,36.392727],[36.5974,36.391182],[36.598039,36.372299],[36.600596,36.368351],[36.618282,36.357365],[36.611037,36.352215],[36.599531,36.34861],[36.604006,36.330242],[36.605813,36.330671],[36.605281,36.332645],[36.609967,36.330843],[36.608156,36.335049],[36.609861,36.336679],[36.613056,36.336336],[36.613802,36.337452],[36.618169,36.334019],[36.625299,36.338396],[36.625938,36.335907],[36.628069,36.335135],[36.626791,36.342516],[36.627324,36.344061],[36.630627,36.344919],[36.637034,36.341743],[36.641087,36.335907],[36.657483,36.335564],[36.660463,36.334019],[36.662806,36.330242],[36.66238,36.325607],[36.656418,36.312904],[36.655566,36.301231],[36.657269,36.298656],[36.660251,36.297283],[36.670471,36.29694],[36.691764,36.293163],[36.693255,36.291103],[36.683886,36.28252],[36.68197,36.278744],[36.681757,36.274967],[36.698791,36.247501],[36.698359,36.245098],[36.694314,36.242523],[36.684522,36.24012],[36.680265,36.237545],[36.680052,36.235142],[36.677923,36.232567],[36.662384,36.23085],[36.65472,36.232052],[36.633007,36.238747],[36.623002,36.238403],[36.621086,36.235485],[36.623853,36.219177],[36.62194,36.216602],[36.615554,36.215572],[36.605976,36.217976],[36.586606,36.228275],[36.582988,36.228619],[36.565747,36.236172],[36.562767,36.236172],[36.552976,36.229477],[36.551273,36.229648],[36.535735,36.24321],[36.519135,36.243038],[36.508068,36.24115],[36.503598,36.241837],[36.501044,36.229648],[36.502747,36.226902],[36.50147,36.224842],[36.495723,36.227245],[36.493382,36.229992],[36.494234,36.232224],[36.489764,36.236343],[36.482102,36.231022],[36.486572,36.218319],[36.47742,36.214542],[36.472524,36.209221],[36.463159,36.208534],[36.459329,36.221237],[36.442728,36.216946],[36.429958,36.220551],[36.41357,36.222267],[36.4008,36.22776],[36.390124,36.218576],[36.381184,36.216774],[36.383424,36.21274],[36.385764,36.215401],[36.389488,36.216002],[36.390871,36.215143],[36.391403,36.213169],[36.388318,36.208277],[36.388849,36.206732],[36.391083,36.210337],[36.397253,36.202783],[36.396296,36.201582],[36.393956,36.204414],[36.392466,36.203814],[36.393211,36.200037],[36.391296,36.196604],[36.394807,36.195059],[36.393743,36.199093],[36.395764,36.199093],[36.39587,36.196775],[36.400445,36.193514],[36.400764,36.19154],[36.399381,36.189995],[36.397147,36.192484],[36.395977,36.191196],[36.397147,36.188965],[36.395126,36.187677],[36.390339,36.188021],[36.386509,36.183386],[36.383424,36.184931],[36.383318,36.186047],[36.38736,36.187162],[36.387254,36.188536],[36.385339,36.189394],[36.380233,36.188107],[36.380658,36.182528],[36.377786,36.183901],[36.37289,36.178322],[36.370763,36.180124],[36.367573,36.178837],[36.374379,36.171799],[36.373422,36.169653],[36.370976,36.171026],[36.369062,36.167936],[36.365766,36.167421],[36.365872,36.166306],[36.369487,36.164246],[36.367361,36.159696],[36.370987,36.158752],[36.372475,36.156349],[36.376833,36.15695],[36.381404,36.154718],[36.380553,36.153431],[36.376939,36.152744],[36.376408,36.151543],[36.379703,36.146393],[36.383636,36.149569],[36.389376,36.145792],[36.388844,36.143989],[36.386506,36.144333],[36.385974,36.143474],[36.3881,36.140642],[36.384911,36.140127],[36.382892,36.136265],[36.382467,36.132402],[36.38438,36.130257],[36.380553,36.131201],[36.374813,36.128025],[36.378427,36.125536],[36.373219,36.124506],[36.371412,36.121502],[36.37726,36.12236],[36.379917,36.117296],[36.379704,36.115408],[36.377686,36.11764],[36.374392,36.118755],[36.370142,36.116524],[36.374711,36.114464],[36.375454,36.109142],[36.379492,36.110859],[36.381616,36.108627],[36.381404,36.105966],[36.377367,36.106653],[36.374711,36.10528],[36.374392,36.103477],[36.380235,36.102018],[36.379704,36.105194],[36.38321,36.104679],[36.385335,36.102276],[36.38661,36.096268],[36.385335,36.094122],[36.380129,36.099872],[36.376835,36.099014],[36.378004,36.094894],[36.382041,36.08983],[36.390433,36.082277],[36.388841,36.078243],[36.38608,36.077127],[36.387566,36.076097],[36.387036,36.074896],[36.3847,36.07378],[36.382683,36.074896],[36.378967,36.072492],[36.378967,36.071033],[36.380241,36.070776],[36.379179,36.068201],[36.381196,36.065025],[36.379392,36.06348],[36.380772,36.0573],[36.379179,36.0567],[36.381515,36.054382],[36.387142,36.052237],[36.386292,36.048975],[36.383532,36.05052],[36.379073,36.048117],[36.380286,36.043568],[36.386869,36.043997],[36.390373,36.041594],[36.388895,36.039362],[36.380831,36.038332],[36.379558,36.036959],[36.38115,36.034813],[36.377436,36.03138],[36.379346,36.029234],[36.371495,36.024856],[36.373617,36.022882],[36.370115,36.019192],[36.37542,36.019449],[36.3768,36.017647],[36.373829,36.014814],[36.376694,36.011038],[36.374489,36.007004],[36.340757,35.988979],[36.335664,35.989151],[36.330782,35.991897],[36.318261,36.006317],[36.313167,36.00975],[36.298735,36.013012],[36.29449,36.012497],[36.29067,36.010265],[36.287699,36.006489],[36.284948,35.996017],[36.284736,35.988808],[36.286433,35.983829],[36.289826,35.976963],[36.296612,35.968037],[36.297672,35.963573],[36.294703,35.956192],[36.290674,35.953445],[36.285796,35.951729],[36.280707,35.950356],[36.274981,35.950699],[36.271164,35.952415],[36.261409,35.960999],[36.251018,35.963058],[36.237022,35.961514],[36.20967,35.95499],[36.203521,35.953274],[36.192707,35.948124],[36.188254,35.943489],[36.179561,35.92907],[36.176592,35.922546],[36.174896,35.916366],[36.173398,35.896626],[36.169797,35.889759],[36.169162,35.885811],[36.175092,35.871563],[36.175304,35.868473],[36.170644,35.84753],[36.170856,35.838261],[36.168103,35.826931],[36.158359,35.816288],[36.156029,35.814743],[36.152428,35.814228],[36.148827,35.815086],[36.128281,35.85474],[36.116632,35.86092],[36.111336,35.865211],[36.104767,35.867786],[36.091421,35.868645],[36.087396,35.87122],[36.08337,35.87225],[36.075744,35.870705],[36.070024,35.871563],[36.054135,35.880661],[36.047779,35.880661],[36.036551,35.877228],[36.028289,35.882206],[36.024688,35.882893],[36.020451,35.882034],[36.004958,35.883064],[36.002414,35.885468],[36.004534,35.895596],[36.008985,35.901947],[36.018735,35.923061],[36.011104,35.940571],[36.007925,35.942459],[35.988,35.942116],[35.978673,35.940742],[35.974221,35.939026],[35.969558,35.934048],[35.965742,35.932503],[35.95154,35.930786],[35.932463,35.92495],[35.924408,35.925293],[35.918103,35.929889],[35.915356,35.931149],[35.914164,35.931793],[35.910971,35.935708],[35.905928,35.937671],[35.892907,35.940961],[35.890157,35.942436],[35.875888,35.95044],[35.845859,35.964194],[35.723053,36.022256],[35.705315,36.030186],[35.703553,36.031584],[35.664046,36.042134],[35.609175,36.050943],[35.591526,36.053542],[35.578491,36.055187],[35.522445,36.061196],[35.493991,36.062259],[35.486215,36.062374],[35.478536,36.062501],[35.449791,36.06219],[35.258768,36.059217],[35.162116,36.016388],[35.18677,35.879021],[35.194298,35.836534],[35.180612,35.756408],[35.16746,35.678651],[35.135749,35.491699],[35.131804,35.467922],[35.131343,35.462997],[35.128342,35.432271],[35.117746,35.308776],[35.117284,35.30611],[35.110684,35.268594],[35.091235,35.151395],[35.064318,35.106604],[35.059682,35.099458],[35.057946,35.097184],[35.002698,35.031425],[34.993298,35.019222],[34.98357,35.006318],[34.973952,34.993279],[34.973579,34.992763],[34.968703,34.880356],[34.968168,34.8679],[34.966084,34.843895],[34.963342,34.812446],[34.914404,34.692063],[34.89187,34.656678],[34.712388,34.371383],[34.712292,34.37125],[34.568491,34.241519],[34.380158,34.071943],[34.303025,34.002675],[34.29315,33.9938],[34.288347,33.990468],[34.235288,33.960888],[34.224659,33.951735],[34.203189,33.93355],[34.11197,33.856789],[34.070694,33.822045],[34.026021,33.780814],[33.983561,33.747565],[33.974225,33.739825],[33.894444,33.644444],[33.868333,33.623333],[33.778333,33.549722],[33.718056,33.5],[33.694653,33.480993],[33.604167,33.4075],[33.450556,33.282222],[33.297222,33.156944],[33.174444,33.056111],[33.098889,32.993611],[33.026667,32.934167],[32.997222,32.909722],[32.972222,32.888889],[32.516667,33.011111],[32.022222,33.122222],[31.608333,33.191667],[31.116667,33.355556],[30.611111,33.511111],[30.475,33.566667],[30.083333,33.75],[29.939812,33.783162],[29.84648,33.820853],[29.234134,33.753806],[29.167578,33.715619],[28.804388,33.505589],[28.694239,33.492229],[28.39145,33.455437],[28.316799,33.446359],[27.841843,33.429794],[27.782235,33.415442],[27.57345,33.379189],[27.491819,33.364992],[27.457358,33.359207],[27.422958,33.35364],[27.388618,33.348293],[27.354337,33.343165],[27.320117,33.338256],[27.285958,33.333567],[27.251858,33.329096],[27.217819,33.324845],[27.18384,33.320813],[27.149921,33.317],[27.134567,33.315371],[27.094819,33.311445],[27.055157,33.307822],[27.015582,33.3045],[26.976094,33.301481],[26.946542,33.299444],[26.926863,33.298161],[26.905854,33.29687],[26.897376,33.296348],[26.858145,33.29423],[26.819002,33.292414],[26.779945,33.290901],[26.740974,33.28969],[26.411023,33.281978],[26.378865,33.281444],[26.346732,33.281128],[26.314623,33.28103],[26.282539,33.281151],[26.25048,33.281489],[26.218445,33.282046],[26.208919,33.282276],[26.192264,33.281157],[25.878222,33.335553],[25.876518,33.335849],[25.874815,33.336145],[25.873112,33.336442],[25.871409,33.33674],[25.869706,33.337038],[25.868005,33.337337],[25.866303,33.337636],[25.864602,33.337936],[25.862901,33.338236],[25.861201,33.338538],[25.815231,33.346698],[25.646434,33.376444],[25.344379,33.429389],[25.304966,33.436269],[25.233853,33.452659],[25.164212,33.468429],[25.151278,33.469465],[24.937407,33.479861],[24.935051,33.479976],[24.932695,33.480094],[24.930339,33.480212],[24.927983,33.480332],[24.925627,33.480453],[24.923272,33.480576],[24.920916,33.4807],[24.919083,33.480797],[24.918558,33.480804],[24.916192,33.480837],[24.913826,33.480871],[24.818489,33.482307],[24.81549,33.48184],[24.812861,33.481433],[24.810231,33.481027],[24.807602,33.480623],[24.804973,33.48022],[24.802344,33.47982],[24.799714,33.479421],[24.797085,33.479023],[24.794456,33.478628],[24.791828,33.478234],[24.789199,33.477842],[24.750831,33.472145],[24.748421,33.471789],[24.74601,33.471434],[24.7436,33.47108],[24.74119,33.470728],[24.73878,33.470377],[24.73637,33.470028],[24.73396,33.46968],[24.73155,33.469334],[24.72914,33.468989],[24.72673,33.468646],[24.553335,33.444046],[24.511458,33.445668],[24.491663,33.44653],[24.471905,33.447485],[24.46253,33.447984],[24.309367,33.497696],[24.041698,33.58447],[24.040775,33.584769],[24.039852,33.585068],[24.038929,33.585368],[24.038007,33.585668],[24.037085,33.585968],[24.036163,33.586269],[24.035241,33.58657],[24.034319,33.58687],[24.033398,33.587172],[24.032477,33.587473],[23.516674,33.756194],[23.509629,33.758514],[23.50259,33.760851],[23.495556,33.763205],[23.488529,33.765575],[23.481508,33.767961],[23.474493,33.770363],[23.467484,33.772782],[23.460481,33.775217],[23.453484,33.777668],[23.446493,33.780136],[23.386461,33.801484],[23.384074,33.802554],[23.378078,33.805175],[23.37631,33.805942],[23.3515,33.816529],[23.320547,33.830279],[23.299991,33.839592],[23.269277,33.85378],[23.228645,33.873282],[23.188332,33.893368],[23.172723,33.901437],[23.148232,33.913841],[23.108383,33.934769],[23.020563,33.982548],[22.925745,34.033972],[22.91635,34.039107],[22.906968,34.044274],[22.897599,34.049475],[22.888242,34.05471],[22.878898,34.059977],[22.869566,34.065279],[22.860247,34.070614],[22.85094,34.075982],[22.841647,34.081383],[22.832365,34.086818],[22.830201,34.088096],[22.792426,34.110267],[22.756869,34.130894],[22.719301,34.156584],[22.686549,34.170806],[22.393176,34.290831],[21.941623,34.474943],[21.509232,34.70587],[21.405427,34.761202],[21.339311,34.796407],[21.2482,34.810231],[21.239557,34.811556],[21.230911,34.812894],[21.222262,34.814245],[21.213609,34.81561],[21.204953,34.816989],[21.196293,34.818382],[21.18763,34.819788],[21.180392,34.820973],[21.179733,34.821081],[21.178964,34.821207],[21.170294,34.822639],[21.161621,34.824085],[20.991992,34.852609],[20.812655,34.857415],[20.521042,34.864696],[20.512127,34.865722],[20.410462,34.876053],[20.40634,34.876475],[20.402216,34.876899],[20.398092,34.877325],[20.393967,34.877755],[20.389841,34.878186],[20.385715,34.878621],[20.381587,34.879058],[20.377459,34.879498],[20.373329,34.87994],[20.369199,34.880385],[19.873294,34.934105],[19.862883,34.93525],[19.860159,34.935549],[19.847012,34.937015],[19.833853,34.938504],[19.820681,34.940017],[19.807497,34.941552],[19.7943,34.94311],[19.781092,34.944691],[19.767871,34.946295],[19.754637,34.947922],[19.745277,34.949088],[19.630581,34.983903],[19.440696,35.05212],[19.266634,35.115486],[19.239662,35.126669],[18.99763,35.192288],[18.867689,35.2316],[18.823568,35.244916],[18.70196,35.2838],[18.586211,35.320727],[18.380502,35.396493],[18.34928,35.408266],[18.304517,35.425145],[18.206441,35.37444],[17.937436,35.24762],[17.763375,35.172604],[17.541842,35.080444],[17.497259,35.064406],[17.320309,34.963177],[17.21941,34.907362],[17.146247,34.866454],[16.877243,34.729947],[16.703181,34.651754],[16.497472,34.561944],[16.358878,34.51138],[16.358689,34.51131],[16.358499,34.511241],[16.35831,34.511172],[16.35812,34.511103],[16.357931,34.511034],[16.357742,34.510965],[16.357552,34.510895],[16.357363,34.510826],[16.357173,34.510757],[16.356984,34.510688],[16.260115,34.475287],[16.086054,34.41621],[15.817049,34.337207],[15.642988,34.297498],[15.594165,34.286677],[15.453102,34.254671],[15.443293,34.253157],[15.199922,34.215179],[15.184554,34.213289],[15.17098,34.214136],[15.166667,34.498056],[14.818611,34.522222],[14.623333,34.538333],[14.524722,34.551944],[14.398333,34.568611],[14.260278,34.588889],[14.087222,34.617222],[14.070833,34.619722],[13.935833,34.654444],[13.875278,34.669444],[13.833333,34.679444],[13.7531,34.696475],[13.6634,35.060831],[13.663382,35.060906],[13.663363,35.060981],[13.663345,35.061056],[13.663326,35.061131],[13.663308,35.061206],[13.663289,35.06128],[13.663271,35.061355],[13.663252,35.06143],[13.663233,35.061505],[13.663215,35.06158],[13.646328,35.129743],[13.683889,35.153611],[13.61,35.25],[13.191667,35.66],[13.095833,35.725833],[13.093056,35.722778],[13.090278,35.72],[13.0875,35.716944],[13.084722,35.714167],[13.081944,35.711389],[13.078889,35.708611],[13.075833,35.705833],[13.072778,35.703333],[13.069722,35.700556],[13.066389,35.698056],[13.063333,35.695556],[13.06,35.693056],[13.056667,35.690556],[13.053333,35.688056],[13.049722,35.685833],[13.046389,35.683333],[13.042778,35.681111],[13.039167,35.678889],[13.035556,35.676667],[13.031944,35.674722],[13.028333,35.6725],[13.024722,35.670556],[13.020833,35.668611],[13.016944,35.666667],[13.013056,35.664722],[13.009167,35.662778],[13.005278,35.661111],[13.001389,35.659444],[12.9975,35.657778],[12.993333,35.656111],[12.989167,35.654444],[12.985278,35.653056],[12.981111,35.651389],[12.976944,35.65],[12.972778,35.648611],[12.968611,35.6475],[12.964444,35.646111],[12.96,35.645],[12.955833,35.643889],[12.951389,35.642778],[12.947222,35.641667],[12.942778,35.640833],[12.938611,35.64],[12.934167,35.639167],[12.929722,35.638333],[12.925278,35.6375],[12.920833,35.636944],[12.916389,35.636389],[12.911944,35.635833],[12.9075,35.635278],[12.903056,35.635],[12.898611,35.634444],[12.894167,35.634167],[12.889722,35.633889],[12.885278,35.633889],[12.880833,35.633611],[12.876111,35.633611],[12.871667,35.633611],[12.867222,35.633611],[12.862778,35.633889],[12.857222,35.633611],[12.852778,35.633611],[12.848611,35.633333],[12.850278,35.629722],[12.852222,35.626111],[12.854444,35.623056],[12.856667,35.619722],[12.858889,35.616667],[12.861111,35.613333],[12.863333,35.610278],[12.865278,35.606944],[12.867222,35.603611],[12.869167,35.600278],[12.871111,35.596944],[12.872778,35.593611],[12.874722,35.590278],[12.876389,35.586944],[12.877778,35.583333],[12.879444,35.58],[12.880833,35.576389],[12.882222,35.573056],[12.883611,35.569444],[12.885,35.566111],[12.886111,35.5625],[12.887222,35.558889],[12.888333,35.555278],[12.889444,35.551667],[12.890278,35.548056],[12.891111,35.544444],[12.891944,35.540833],[12.8925,35.537222],[12.893333,35.533611],[12.893889,35.53],[12.894167,35.526389],[12.894722,35.522778],[12.895,35.519167],[12.895278,35.515556],[12.895556,35.511667],[12.895833,35.508056],[12.895833,35.504444],[12.895833,35.500833],[12.895556,35.496944],[12.895556,35.493333],[12.895278,35.489722],[12.895,35.486111],[12.894722,35.4825],[12.894167,35.478611],[12.893611,35.475],[12.893056,35.471389],[12.8925,35.467778],[12.891944,35.464167],[12.891111,35.460556],[12.890278,35.456944],[12.889167,35.453333],[12.888333,35.449722],[12.887222,35.446111],[12.886111,35.442778],[12.884722,35.439167],[12.883611,35.435556],[12.882222,35.431944],[12.880833,35.428611],[12.879444,35.425],[12.877778,35.421667],[12.876111,35.418333],[12.874444,35.414722],[12.872778,35.411389],[12.870833,35.408056],[12.869167,35.404722],[12.867222,35.401389],[12.865,35.398056],[12.863056,35.394722],[12.860833,35.391667],[12.858611,35.388333],[12.856389,35.385278],[12.854167,35.381944],[12.851667,35.378889],[12.849167,35.375833],[12.846667,35.372778],[12.844167,35.369722],[12.841667,35.366944],[12.838889,35.363889],[12.836111,35.360833],[12.833333,35.358056],[12.830556,35.355278],[12.827778,35.3525],[12.824722,35.349722],[12.821667,35.346944],[12.818611,35.344167],[12.815556,35.341667],[12.8125,35.338889],[12.809167,35.336389],[12.805833,35.333889],[12.8025,35.331389],[12.799167,35.328889],[12.795833,35.326389],[12.792222,35.324167],[12.788889,35.321944],[12.785278,35.319722],[12.781667,35.3175],[12.778056,35.315278],[12.774444,35.313056],[12.770833,35.311111],[12.766944,35.308889],[12.763056,35.306944],[12.759444,35.305],[12.755556,35.303333],[12.751667,35.301389],[12.7475,35.299722],[12.743611,35.298056],[12.739722,35.296389],[12.735556,35.294722],[12.731667,35.293056],[12.7275,35.291667],[12.723333,35.29],[12.719167,35.288611],[12.715,35.2875],[12.710833,35.286111],[12.706667,35.284722],[12.702222,35.283611],[12.698056,35.2825],[12.693611,35.281389],[12.689444,35.280556],[12.685,35.279444],[12.680833,35.278611],[12.676389,35.277778],[12.671944,35.276944],[12.6675,35.276111],[12.663056,35.275556],[12.658611,35.275],[12.654167,35.274444],[12.649722,35.273889],[12.645278,35.273333],[12.640833,35.273056],[12.636389,35.272778],[12.631944,35.2725],[12.6275,35.272222],[12.623056,35.272222],[12.618333,35.271944],[12.613889,35.271944],[12.609444,35.271944],[12.605,35.272222],[12.600556,35.272222],[12.596111,35.2725],[12.591389,35.272778],[12.586944,35.273056],[12.5825,35.273611],[12.578056,35.273889],[12.573611,35.274444],[12.569167,35.275],[12.564722,35.275556],[12.560278,35.276389],[12.556111,35.276944],[12.551667,35.277778],[12.547222,35.278611],[12.542778,35.279444],[12.538611,35.280556],[12.534167,35.281389],[12.53,35.2825],[12.525556,35.283611],[12.521389,35.285],[12.517222,35.286111],[12.513056,35.2875],[12.508889,35.288889],[12.504722,35.290278],[12.500556,35.291667],[12.496389,35.293056],[12.492222,35.294722],[12.486389,35.296667],[12.481944,35.297222],[12.477778,35.298056],[12.473333,35.298889],[12.468889,35.299722],[12.464444,35.300556],[12.460278,35.301389],[12.455833,35.3025],[12.451667,35.303611],[12.4475,35.304722],[12.443056,35.306111],[12.438889,35.307222],[12.434722,35.308611],[12.430556,35.31],[12.426389,35.311389],[12.422222,35.313056],[12.418333,35.314444],[12.414167,35.316111],[12.410278,35.317778],[12.406389,35.319444],[12.4025,35.321389],[12.398611,35.323333],[12.394722,35.325],[12.390833,35.326944],[12.386944,35.329167],[12.383333,35.331111],[12.379722,35.333333],[12.376111,35.335556],[12.3725,35.337778],[12.368889,35.34],[12.365556,35.342222],[12.361944,35.344722],[12.358611,35.346944],[12.355278,35.349444],[12.352222,35.352222],[12.347778,35.351667],[12.343333,35.351111],[12.338889,35.350833],[12.334444,35.350556],[12.33,35.350278],[12.325556,35.35],[12.321111,35.349722],[12.316667,35.349722],[12.311944,35.349722],[12.3075,35.349722],[12.303056,35.35],[12.298611,35.350278],[12.294167,35.350556],[12.289722,35.350833],[12.285278,35.351111],[12.280833,35.351667],[12.276389,35.352222],[12.271944,35.352778],[12.2675,35.353333],[12.263056,35.354167],[12.258611,35.355],[12.254167,35.355833],[12.25,35.356667],[12.245556,35.357778],[12.241389,35.358889],[12.236944,35.36],[12.232778,35.361111],[12.228611,35.362222],[12.224444,35.363611],[12.220278,35.365],[12.216111,35.366389],[12.211944,35.368056],[12.207778,35.369444],[12.203889,35.371111],[12.2,35.372778],[12.195833,35.374444],[12.191944,35.376389],[12.188056,35.378333],[12.184167,35.380278],[12.180556,35.382222],[12.176667,35.384167],[12.173056,35.386111],[12.169444,35.388333],[12.165833,35.390556],[12.162222,35.392778],[12.158611,35.395278],[12.155278,35.3975],[12.151944,35.4],[12.148611,35.402222],[12.145278,35.405],[12.141944,35.4075],[12.138889,35.41],[12.135833,35.412778],[12.132778,35.415278],[12.129722,35.418056],[12.126667,35.420833],[12.123889,35.423611],[12.121111,35.426667],[12.118333,35.429444],[12.115556,35.4325],[12.113056,35.435556],[12.110556,35.438611],[12.108056,35.441667],[12.105556,35.444722],[12.103333,35.447778],[12.101111,35.451111],[12.098889,35.454167],[12.096667,35.4575],[12.094722,35.460833],[12.092778,35.463889],[12.090833,35.467222],[12.089167,35.470833],[12.087222,35.474167],[12.085556,35.4775],[12.083889,35.480833],[12.0825,35.484444],[12.081111,35.487778],[12.079722,35.491389],[12.078333,35.495],[12.077222,35.498333],[12.076111,35.501944],[12.075,35.505556],[12.074167,35.509167],[12.073333,35.512778],[12.0725,35.516389],[12.071667,35.52],[12.071111,35.523611],[12.070556,35.527222],[12.07,35.530833],[12.069722,35.534444],[12.069444,35.538333],[12.069167,35.541944],[12.068889,35.545556],[12.068889,35.549167],[12.068889,35.552778],[12.068889,35.556667],[12.069167,35.560278],[12.069444,35.563889],[12.069722,35.5675],[12.070278,35.571111],[12.070833,35.575],[12.071389,35.578611],[12.071944,35.582222],[12.072778,35.585833],[12.073611,35.589444],[12.074444,35.593056],[12.075556,35.596389],[12.076667,35.6],[12.077778,35.603611],[12.078889,35.607222],[12.080278,35.610556],[12.081667,35.614167],[12.083056,35.6175],[12.084722,35.621111],[12.086389,35.624444],[12.088056,35.627778],[12.089722,35.631111],[12.091667,35.634444],[12.093611,35.637778],[12.095556,35.641111],[12.097778,35.644444],[12.099722,35.6475],[12.101944,35.650833],[12.104167,35.653889],[12.106667,35.657222],[12.109167,35.660278],[12.111667,35.663333],[12.114167,35.666111],[12.116667,35.669167],[12.119444,35.672222],[12.122222,35.675],[12.125,35.677778],[12.128056,35.680556],[12.130833,35.683333],[12.133889,35.686111],[12.136944,35.688889],[12.140278,35.691389],[12.143333,35.693889],[12.146667,35.696389],[12.15,35.698889],[12.153333,35.701389],[12.156667,35.703889],[12.160278,35.706111],[12.163611,35.708333],[12.167222,35.710556],[12.170833,35.712778],[12.174722,35.715],[12.178333,35.716944],[12.181944,35.718889],[12.185833,35.720833],[12.189722,35.722778],[12.193611,35.724722],[12.1975,35.726389],[12.201667,35.728056],[12.205556,35.729722],[12.209722,35.731389],[12.213611,35.732778],[12.217778,35.734444],[12.221944,35.735833],[12.226111,35.736944],[12.230278,35.738333],[12.234444,35.739444],[12.238889,35.740833],[12.243056,35.741944],[12.2475,35.742778],[12.251667,35.743889],[12.256111,35.744722],[12.260556,35.745556],[12.265,35.746389],[12.269167,35.746944],[12.273611,35.7475],[12.278056,35.748056],[12.2825,35.748611],[12.286944,35.749167],[12.291389,35.749444],[12.296111,35.749722],[12.300556,35.75],[12.305,35.750278],[12.309444,35.750278],[12.317778,35.750278],[12.322222,35.750278],[12.326667,35.75],[12.331111,35.749722],[12.335556,35.749444],[12.34,35.749167],[12.344444,35.748889],[12.348889,35.748333],[12.353333,35.747778],[12.357778,35.747222],[12.362222,35.746389],[12.366667,35.745556],[12.371111,35.744722],[12.375556,35.743889],[12.379722,35.743056],[12.384167,35.741944],[12.388333,35.740833],[12.392778,35.739722],[12.396944,35.738611],[12.401111,35.737222],[12.405278,35.735833],[12.409444,35.734444],[12.413611,35.733056],[12.4175,35.731667],[12.421667,35.73],[12.425833,35.728333],[12.429722,35.730556],[12.433889,35.731667],[12.438333,35.7325],[12.442778,35.733611],[12.446944,35.734444],[12.451389,35.735],[12.455833,35.735833],[12.460278,35.736389],[12.464722,35.736944],[12.469167,35.7375],[12.473611,35.738056],[12.478056,35.738611],[12.4825,35.739167],[12.486944,35.739444],[12.491389,35.74],[12.495833,35.740278],[12.500278,35.740833],[12.504722,35.741111],[12.509167,35.741389],[12.513889,35.741667],[12.518889,35.742222],[12.525556,35.742778],[12.530556,35.742778],[12.535,35.743056],[12.539444,35.743333],[12.544167,35.743333],[12.548611,35.743611],[12.553056,35.743611],[12.5575,35.743889],[12.561944,35.743889],[12.566389,35.743889],[12.571111,35.743889],[12.575556,35.743889],[12.58,35.743889],[12.584444,35.743889],[12.588889,35.743889],[12.593333,35.743611],[12.597778,35.743611],[12.6025,35.743333],[12.606944,35.743056],[12.611389,35.7425],[12.615833,35.741944],[12.620278,35.741111],[12.625556,35.738611],[12.623056,35.741667],[12.620556,35.744722],[12.618056,35.747778],[12.615556,35.750833],[12.613333,35.754167],[12.611111,35.757222],[12.608889,35.760278],[12.606667,35.763611],[12.604722,35.766944],[12.6025,35.77],[12.600556,35.773333],[12.598889,35.776667],[12.596944,35.78],[12.595278,35.783333],[12.593611,35.786944],[12.591944,35.790278],[12.590278,35.793611],[12.588889,35.797222],[12.5875,35.800556],[12.586111,35.804167],[12.585,35.8075],[12.583611,35.811111],[12.5825,35.814722],[12.581389,35.818333],[12.580556,35.821944],[12.579444,35.825278],[12.578611,35.828889],[12.577778,35.8325],[12.577222,35.836111],[12.576389,35.839722],[12.575833,35.843333],[12.575556,35.846944],[12.575,35.850833],[12.574722,35.854444],[12.574444,35.858056],[12.574167,35.861667],[12.573889,35.865278],[12.573889,35.868889],[12.573889,35.8725],[12.573889,35.876389],[12.574167,35.88],[12.574444,35.883611],[12.574722,35.887222],[12.575,35.890833],[12.575278,35.894444],[12.575833,35.898056],[12.576389,35.901667],[12.576944,35.905278],[12.577778,35.908889],[12.578611,35.9125],[12.579444,35.916111],[12.580278,35.919722],[12.581389,35.923333],[12.5825,35.926944],[12.583611,35.930278],[12.584722,35.933889],[12.586111,35.9375],[12.587222,35.940833],[12.588611,35.944444],[12.590278,35.947778],[12.591667,35.951389],[12.593333,35.954722],[12.595,35.958056],[12.596667,35.961389],[12.598611,35.964722],[12.600556,35.968056],[12.6025,35.971389],[12.604444,35.974722],[12.606389,35.977778],[12.608611,35.981111],[12.610833,35.984444],[12.613056,35.9875],[12.615278,35.990556],[12.617778,35.993611],[12.620278,35.996667],[12.622778,35.999722],[12.625278,36.002778],[12.627778,36.005833],[12.630556,36.008611],[12.633333,36.011667],[12.636111,36.014444],[12.638889,36.017222],[12.641667,36.02],[12.644722,36.022778],[12.647778,36.025556],[12.650833,36.028333],[12.653889,36.030833],[12.656944,36.033333],[12.660278,36.036111],[12.663611,36.038611],[12.666944,36.040833],[12.670278,36.043333],[12.673611,36.045833],[12.676944,36.048056],[12.680556,36.050278],[12.684167,36.0525],[12.687778,36.054722],[12.691389,36.056944],[12.695,36.059167],[12.635,36.145],[12.54,36.253333],[12.503333,36.361667],[12.49,36.383333],[12.353333,36.583333],[12.295833,36.662778],[12.291389,36.646667],[12.289444,36.643611],[12.286944,36.640556],[12.284722,36.637222],[12.2825,36.634167],[12.28,36.631111],[12.2775,36.628056],[12.275,36.625],[12.2725,36.622222],[12.27,36.619167],[12.267222,36.616389],[12.264722,36.613333],[12.261944,36.610556],[12.259167,36.607778],[12.256111,36.605],[12.253333,36.602222],[12.250278,36.599444],[12.2475,36.596667],[12.244444,36.594167],[12.241389,36.591389],[12.238056,36.588889],[12.235,36.586111],[12.231667,36.583611],[12.228333,36.581111],[12.225278,36.578889],[12.221667,36.576389],[12.218333,36.573889],[12.215,36.571667],[12.211389,36.569444],[12.208056,36.567222],[12.204444,36.565],[12.200833,36.562778],[12.197222,36.560556],[12.193611,36.558611],[12.189722,36.556389],[12.186111,36.554444],[12.182222,36.5525],[12.178611,36.550556],[12.174722,36.548611],[12.170833,36.546944],[12.166944,36.545],[12.163056,36.543333],[12.158889,36.541667],[12.155,36.54],[12.151111,36.538333],[12.146944,36.536667],[12.142778,36.535278],[12.138889,36.533611],[12.134722,36.532222],[12.130556,36.530833],[12.126389,36.529444],[12.122222,36.528333],[12.117778,36.526944],[12.113611,36.525833],[12.109444,36.524722],[12.105,36.523611],[12.100833,36.5225],[12.096389,36.521667],[12.092222,36.520556],[12.087778,36.519722],[12.083333,36.518889],[12.079167,36.518056],[12.074722,36.517222],[12.070278,36.516667],[12.065833,36.515833],[12.061389,36.515278],[12.056944,36.514722],[12.0525,36.514167],[12.048056,36.513889],[12.043611,36.513333],[12.039167,36.513056],[12.034722,36.512778],[12.030278,36.5125],[12.025833,36.512222],[12.021111,36.512222],[12.016667,36.512222],[12.012222,36.511944],[12.007778,36.511944],[12.003333,36.512222],[11.998889,36.512222],[11.994167,36.5125],[11.989722,36.5125],[11.985278,36.512778],[11.980833,36.513056],[11.976389,36.513611],[11.971944,36.513889],[11.9675,36.514444],[11.963056,36.515],[11.958611,36.515556],[11.954167,36.516111],[11.949722,36.516667],[11.945278,36.5175],[11.940833,36.518333],[11.936667,36.519167],[11.932222,36.52],[11.927778,36.520833],[11.923611,36.521944],[11.919167,36.522778],[11.915,36.523889],[11.910556,36.525],[11.906389,36.526111],[11.902222,36.527222],[11.898056,36.528611],[11.893611,36.53],[11.889444,36.531389],[11.885556,36.532778],[11.881389,36.534167],[11.877222,36.535556],[11.873056,36.537222],[11.869167,36.538611],[11.865,36.540278],[11.861111,36.541944],[11.857222,36.543611],[11.853333,36.545556],[11.849444,36.547222],[11.845556,36.549167],[11.841667,36.551111],[11.837778,36.553056],[11.834167,36.555],[11.830278,36.556944],[11.826667,36.558889],[11.823056,36.561111],[11.819444,36.563333],[11.815833,36.565556],[11.812222,36.567778],[11.808889,36.57],[11.805278,36.572222],[11.801944,36.574722],[11.798611,36.576944],[11.795278,36.579444],[11.791944,36.581944],[11.788611,36.584444],[11.785278,36.586944],[11.782222,36.589444],[11.779167,36.591944],[11.776111,36.594722],[11.773056,36.5975],[11.77,36.6],[11.766944,36.602778],[11.764167,36.605556],[11.761389,36.608333],[11.758611,36.611389],[11.755833,36.614167],[11.753056,36.616944],[11.750556,36.62],[11.747778,36.623056],[11.745278,36.625833],[11.742778,36.628889],[11.740556,36.631944],[11.738056,36.635],[11.735833,36.638056],[11.733611,36.641389],[11.731389,36.644444],[11.729167,36.6475],[11.726944,36.650833],[11.725,36.653889],[11.723056,36.657222],[11.721111,36.660556],[11.719167,36.663889],[11.717222,36.667222],[11.715556,36.670556],[11.713889,36.673889],[11.711111,36.676667],[11.708056,36.679444],[11.705278,36.682222],[11.7025,36.685],[11.699722,36.687778],[11.697222,36.690833],[11.694444,36.693611],[11.691944,36.696667],[11.689444,36.699722],[11.687222,36.702778],[11.684722,36.705833],[11.6825,36.709167],[11.680556,36.712222],[11.678333,36.715556],[11.676389,36.718611],[11.674444,36.721944],[11.6725,36.725278],[11.670833,36.728611],[11.669167,36.731944],[11.6675,36.735278],[11.665833,36.738611],[11.664444,36.741944],[11.663056,36.745556],[11.661667,36.748889],[11.660278,36.7525],[11.659167,36.755833],[11.658056,36.759444],[11.657222,36.763056],[11.656111,36.766389],[11.655278,36.77],[11.654722,36.773611],[11.653889,36.777222],[11.653333,36.780833],[11.652778,36.784444],[11.6525,36.787778],[11.651944,36.791389],[11.651667,36.795],[11.651667,36.798611],[11.651389,36.802222],[11.651667,36.805833],[11.651944,36.809444],[11.652222,36.813056],[11.652778,36.816667],[11.653333,36.82],[11.653889,36.823611],[11.654444,36.827222],[11.655278,36.830833],[11.655833,36.834444],[11.656667,36.838056],[11.657778,36.841389],[11.658611,36.845],[11.659722,36.848611],[11.660556,36.851944],[11.661944,36.855556],[11.663056,36.858889],[11.664167,36.8625],[11.665556,36.865833],[11.666944,36.869444],[11.668333,36.872778],[11.67,36.876111],[11.671389,36.879444],[11.673056,36.882778],[11.674722,36.886389],[11.676667,36.889722],[11.678333,36.892778],[11.680278,36.896111],[11.682222,36.899444],[11.684167,36.902778],[11.686111,36.905833],[11.688333,36.909167],[11.690556,36.912222],[11.692778,36.915278],[11.695,36.918611],[11.697222,36.921667],[11.699722,36.924722],[11.701944,36.927778],[11.704444,36.930556],[11.707222,36.933611],[11.709722,36.936667],[11.712222,36.939444],[11.715,36.9425],[11.717778,36.945278],[11.720556,36.948056],[11.723333,36.950833],[11.726389,36.953611],[11.729167,36.956389],[11.732222,36.958889],[11.735278,36.961667],[11.738333,36.964167],[11.741667,36.966944],[11.744722,36.969444],[11.748056,36.971944],[11.751111,36.974444],[11.754444,36.976667],[11.757778,36.979167],[11.761389,36.981667],[11.764722,36.983889],[11.768333,36.986111],[11.771667,36.988333],[11.775278,36.990556],[11.778889,36.992778],[11.7825,36.994722],[11.786389,36.996944],[11.79,36.998889],[11.793611,37.000833],[11.7975,37.002778],[11.801389,37.004722],[11.805278,37.006667],[11.809167,37.008333],[11.813056,37.01],[11.816944,37.011944],[11.820833,37.013611],[11.825,37.015],[11.828889,37.016667],[11.833056,37.018333],[11.837222,37.019722],[11.841389,37.021111],[11.845278,37.0225],[11.849444,37.023889],[11.853889,37.025278],[11.858056,37.026389],[11.862222,37.0275],[11.866389,37.028611],[11.870833,37.029722],[11.875,37.030833],[11.879444,37.031944],[11.883611,37.032778],[11.888056,37.033611],[11.8925,37.034444],[11.896667,37.035278],[11.901111,37.036111],[11.905556,37.036667],[11.91,37.0375],[11.914444,37.038056],[11.918889,37.038611],[11.923333,37.039167],[11.927778,37.039444],[11.932222,37.04],[11.936667,37.040278],[11.941111,37.040556],[11.945833,37.040833],[11.950278,37.040833],[11.954722,37.041111],[11.959167,37.041111],[11.965,37.041111],[11.969444,37.041111],[11.973889,37.041111],[11.978333,37.040833],[11.982778,37.040556],[11.987222,37.040556],[11.991667,37.04],[11.996389,37.039722],[12.000833,37.039444],[12.005278,37.038889],[12.009722,37.038333],[12.014167,37.037778],[12.018611,37.037222],[12.022778,37.036667],[12.022778,37.050278],[12.015,37.063333],[11.946667,37.14],[11.878333,37.236667],[11.803333,37.343333],[11.758333,37.373333],[11.7,37.408333],[11.316667,37.686667],[11.171667,37.79],[10.878333,38.058333],[10.695,38.41],[9.903333,38.241667],[9.673333,38.225],[9.563333,38.25],[8.813333,38.218333],[8.541667,38.175],[8.371667,38.13],[8.16,38.081667],[7.816667,38.01],[7.81355,38.009448],[7.812045,38.00998],[7.47603,38.130125],[7.459252,38.136223],[7.442484,38.142424],[7.425724,38.148725],[7.408973,38.155128],[7.392231,38.161633],[7.375498,38.168238],[7.358773,38.174946],[7.342057,38.181754],[7.32535,38.188664],[7.308651,38.195675],[7.060117,38.301513],[7.019158,38.318422],[6.97757,38.335077],[6.935351,38.351475],[6.892502,38.367619],[6.84902,38.383507],[6.821987,38.393088],[6.808893,38.400839],[6.774594,38.420663],[6.739813,38.440291],[6.704548,38.459725],[6.668799,38.478962],[6.478575,38.578876],[6.473899,38.581337],[6.469223,38.583804],[6.464547,38.586278],[6.459871,38.588759],[6.455195,38.591246],[6.450519,38.59374],[6.445843,38.59624],[6.441167,38.598747],[6.436492,38.60126],[6.431816,38.60378],[6.066551,38.800875],[5.746378,38.646474],[5.739796,38.643309],[5.733208,38.640154],[5.726616,38.63701],[5.722387,38.635002],[5.684114,38.617047],[5.680341,38.615298],[5.305669,38.442181],[5.025776,38.412634],[5.022883,38.41233],[5.019991,38.412028],[5.017099,38.411728],[5.014208,38.41143],[5.011316,38.411133],[5.008425,38.410838],[5.005534,38.410544],[5.002644,38.410253],[4.999753,38.409963],[4.996863,38.409675],[4.853808,38.395495],[4.825597,38.392872],[4.824349,38.392756],[4.794903,38.390191],[4.76547,38.38781],[4.736051,38.385612],[4.706644,38.383597],[4.677251,38.381767],[4.647872,38.38012],[4.618505,38.378656],[4.589153,38.377376],[4.583849,38.377178],[4.559319,38.369479],[4.551795,38.367171],[4.545977,38.365277],[4.536361,38.362169],[4.526951,38.35915],[4.526746,38.359082],[4.517126,38.355929],[4.507508,38.352798],[4.497892,38.349691],[4.488796,38.346774],[4.488278,38.346603],[4.478658,38.34345],[4.46904,38.34032],[4.459424,38.337214],[4.450651,38.334402],[4.449809,38.334124],[4.412643,38.321943],[4.374998,38.30924],[4.337717,38.296289],[4.300801,38.283092],[4.291963,38.279842],[4.278009,38.274764],[4.267402,38.270946],[4.264056,38.269672],[4.250107,38.264414],[4.236156,38.259211],[4.222204,38.254063],[4.20825,38.248971],[4.207782,38.248802],[4.206453,38.248362],[4.179839,38.239756],[4.153238,38.231343],[4.126651,38.223125],[4.100077,38.215101],[4.073516,38.207272],[4.057268,38.2026],[4.046967,38.199634],[4.020432,38.192184],[3.99391,38.184929],[3.516954,38.057792],[3.51254,38.05662],[3.508124,38.055454],[3.503706,38.054294],[3.499286,38.053139],[3.494865,38.05199],[3.490441,38.050847],[3.486016,38.049709],[3.481589,38.048577],[3.477159,38.047451],[3.472728,38.04633],[3.386327,38.024591],[3.376707,38.022199],[3.36735,38.0199],[3.352253,38.016947],[3.312664,38.009663],[3.275847,38.003313],[3.272963,38.002815],[3.243105,37.998003],[3.223171,37.994905],[3.193229,37.990421],[3.177196,37.988202],[3.164118,37.987449],[3.142598,37.986335],[3.121079,37.985347],[3.099561,37.984485],[3.078043,37.983749],[3.056525,37.983139],[3.035008,37.982655],[2.963103,37.981458],[2.958933,37.981394],[2.954764,37.981334],[2.950594,37.981278],[2.949265,37.981262],[2.946425,37.981213],[2.942255,37.981145],[2.938086,37.981082],[2.933916,37.981024],[2.929746,37.98097],[2.925576,37.980921],[2.921406,37.980877],[2.779965,37.979538],[2.770025,37.979388],[2.692566,37.942671],[2.686066,37.939607],[2.679563,37.936558],[2.673056,37.933524],[2.666545,37.930506],[2.66003,37.927503],[2.653511,37.924515],[2.646988,37.921543],[2.640462,37.918587],[2.633931,37.915645],[2.627397,37.91272],[2.619172,37.909058],[2.569587,37.886674],[2.504116,37.857018],[2.182088,37.71056],[2.18197,37.710519],[2.077462,37.684797],[2.03898,37.675828],[2.000383,37.667333],[1.961671,37.659313],[1.922842,37.651768],[1.893635,37.646465],[1.874134,37.643049],[1.870743,37.642476],[1.635733,37.622192],[1.619045,37.620665],[1.602363,37.619051],[1.585687,37.617352],[1.569018,37.615566],[1.552354,37.613694],[1.535697,37.611736],[1.519047,37.609692],[1.502402,37.607562],[1.493901,37.60643],[1.485761,37.605384],[1.479762,37.604582],[1.469013,37.60469],[1.23364,37.605841],[1.231164,37.605855],[1.228687,37.605871],[1.22621,37.605888],[1.223733,37.605908],[1.221255,37.605929],[1.218777,37.605952],[1.2163,37.605977],[1.213821,37.606004],[1.211343,37.606033],[1.208864,37.606063],[0.96872,37.6092],[0.953331,37.609467],[0.93792,37.6098],[0.922485,37.610199],[0.907027,37.610665],[0.891546,37.611197],[0.876043,37.611795],[0.860516,37.61246],[0.844966,37.61319],[0.829394,37.613987],[0.813799,37.61485],[0.811299,37.614999],[0.801401,37.615614],[0.793057,37.616155],[0.791796,37.615365],[0.783794,37.61039],[0.775783,37.605443],[0.767762,37.600524],[0.759732,37.595632],[0.7575,37.594281],[0.752246,37.589134],[0.744961,37.582044],[0.737664,37.57499],[0.730354,37.567972],[0.60076,37.444296],[0.590189,37.434314],[0.579578,37.424409],[0.568927,37.41458],[0.558237,37.404829],[0.547507,37.395154],[0.536737,37.385555],[0.525928,37.376034],[0.515078,37.366589],[0.504189,37.357222],[0.493261,37.347931],[0.40928,37.277354],[0.325819,37.207053],[0.324437,37.205891],[0.323054,37.20473],[0.321671,37.20357],[0.320286,37.202411],[0.3189,37.201253],[0.317514,37.200097],[0.316126,37.198941],[0.314737,37.197787],[0.313348,37.196634],[0.311957,37.195483],[0.28765,37.175382],[0.254746,37.154505],[0.132864,37.077073],[0.110947,37.063505],[0.088856,37.050188],[0.06659,37.037123],[0.044149,37.02431],[0.021535,37.011748],[0.012348,37.006786],[0.010033,37.005484],[0.005241,37.002766],[0.0,36.999659],[-0.000998,36.999067],[-0.023377,36.986161],[-0.040872,36.976348],[-0.063782,36.9647],[-0.076347,36.958316],[-0.141382,36.926064],[-0.255569,36.870602],[-0.274275,36.861358],[-0.288343,36.854529],[-0.302489,36.847784],[-0.316713,36.841123],[-0.331013,36.834548],[-0.345391,36.828056],[-0.359845,36.821649],[-0.374377,36.815327],[-0.388987,36.80909],[-0.403673,36.802937],[-0.411937,36.79954],[-0.418236,36.796651],[-0.446883,36.783746],[-0.455087,36.781348],[-0.487014,36.772325],[-0.529898,36.761027],[-0.540503,36.758433],[-0.59689,36.74857],[-0.64453,36.738289],[-0.645463,36.738088],[-0.646397,36.737887],[-0.64733,36.737687],[-0.648264,36.737487],[-0.649197,36.737287],[-0.650131,36.737088],[-0.651065,36.736889],[-0.651999,36.73669],[-0.652933,36.736492],[-0.653868,36.736294],[-0.690118,36.728627],[-0.698079,36.72697],[-0.70605,36.725337],[-0.714029,36.723729],[-0.722018,36.722146],[-0.730016,36.720588],[-0.738023,36.719054],[-0.746039,36.717545],[-0.754065,36.71606],[-0.7621,36.7146],[-0.770143,36.713165],[-0.845016,36.700052],[-0.850143,36.699017],[-0.859052,36.696366],[-0.874828,36.691419],[-0.995264,36.585748],[-1.100375,36.527566],[-1.101342,36.527169],[-1.267739,36.457515],[-1.283042,36.449638],[-1.302343,36.439634],[-1.38562,36.396408],[-1.54931,36.300449],[-1.557196,36.295799],[-1.558851,36.294777],[-1.635615,36.245085],[-1.666012,36.225191],[-1.782537,36.148805],[-1.861056,36.097103],[-1.890841,36.078817],[-1.896176,36.075499],[-1.909005,36.06749],[-1.920163,36.060993],[-1.957654,36.038254],[-2.007837,36.009826],[-2.008664,36.009388],[-2.041067,35.991898],[-2.059272,35.982061],[-2.093583,35.96473],[-2.095192,35.959879],[-2.10327,35.93691],[-2.115974,35.902754],[-2.121709,35.88889],[-2.317547,35.784274],[-2.375563,35.753232],[-2.582592,35.729681],[-2.682672,35.719927],[-2.78097,35.70976],[-2.797382,35.708191],[-2.800629,35.707882],[-2.956545,35.692935],[-2.95912,35.692724],[-3.000325,35.689314],[-3.011439,35.688402],[-3.040967,35.686894],[-3.128166,35.682371],[-3.306209,35.672943],[-3.363841,35.669854],[-3.399399,35.668896],[-3.409421,35.668615],[-3.416898,35.668591],[-3.45542,35.686447],[-3.495447,35.706833],[-3.535176,35.728913],[-3.538916,35.731168],[-3.569953,35.751438],[-3.627094,35.788797],[-3.650955,35.805089],[-3.701936,35.839851],[-3.913544,35.984614],[-3.925421,35.99287],[-3.947231,35.986169],[-3.959167,35.983755],[-3.986146,35.977939],[-4.026314,35.968735],[-4.052319,35.962055],[-4.079079,35.955194],[-4.091175,35.951747],[-4.109703,35.946533],[-4.131129,35.940511],[-4.182406,35.92459],[-4.18754,35.92284],[-4.206048,35.917449],[-4.218599,35.913404],[-4.249992,35.903864],[-4.273642,35.897106],[-4.289444,35.892733],[-4.3132,35.886372],[-4.341784,35.879229],[-4.345676,35.878734],[-4.381369,35.874826],[-4.390383,35.873999],[-4.390384,35.874],[-4.391595,35.87415],[-4.422569,35.877064],[-4.457849,35.88108],[-4.464878,35.881877],[-4.478355,35.88368],[-4.490052,35.886711],[-4.528302,35.897468],[-4.539489,35.894273],[-4.604083,35.877321],[-4.682161,35.805883],[-4.891521,35.801312],[-4.89218,35.801298],[-4.892838,35.801283],[-4.893496,35.801268],[-4.894153,35.801254],[-4.894809,35.801238],[-4.895465,35.801223],[-4.896121,35.801208],[-4.896776,35.801192],[-4.897431,35.801177],[-4.898085,35.801161],[-4.898738,35.801145],[-4.899391,35.801129],[-4.900044,35.801113],[-4.900695,35.801097],[-4.901347,35.80108],[-4.901998,35.801064],[-4.902648,35.801047],[-4.903298,35.80103],[-4.903947,35.801013],[-4.904596,35.800996],[-4.905244,35.800979],[-4.905892,35.800962],[-4.906539,35.800944],[-4.907186,35.800926],[-4.907832,35.800909],[-4.908477,35.800891],[-4.909122,35.800873],[-4.909767,35.800854],[-4.910411,35.800836],[-4.911054,35.800818],[-4.911697,35.800799],[-4.91234,35.80078],[-4.912982,35.800761],[-4.913623,35.800742],[-4.914264,35.800723],[-4.914904,35.800704],[-4.915544,35.800685],[-5.08755,35.795426],[-5.152367,35.793616],[-5.152621,35.793609],[-5.152875,35.793602],[-5.229314,35.791583],[-5.230126,35.791534],[-5.248419,35.798368],[-5.256348,35.802402],[-5.260258,35.805011],[-5.260491,35.805165],[-5.260723,35.80532],[-5.260955,35.805474],[-5.261187,35.805627],[-5.261419,35.80578],[-5.261651,35.805933],[-5.261882,35.806085],[-5.262114,35.806237],[-5.262345,35.806388],[-5.262577,35.806539],[-5.262808,35.80669],[-5.263039,35.80684],[-5.263269,35.80699],[-5.2635,35.807139],[-5.263731,35.807288],[-5.263961,35.807436],[-5.264192,35.807584],[-5.264422,35.807732],[-5.264652,35.807879],[-5.264882,35.808026],[-5.265112,35.808172],[-5.265341,35.808318],[-5.265571,35.808464],[-5.265607,35.808487],[-5.267709,35.809648],[-5.275886,35.814496],[-5.277466,35.815591],[-5.281872,35.818644],[-5.282101,35.818803],[-5.282331,35.818961],[-5.28256,35.819118],[-5.282789,35.819275],[-5.283018,35.819432],[-5.283247,35.819588],[-5.283475,35.819743],[-5.283704,35.819898],[-5.283932,35.820052],[-5.28416,35.820206],[-5.284388,35.820359],[-5.284616,35.820512],[-5.284844,35.820664],[-5.285072,35.820815],[-5.285299,35.820967],[-5.285526,35.821117],[-5.285754,35.821267],[-5.285981,35.821416],[-5.286208,35.821565],[-5.286434,35.821714],[-5.286661,35.821862],[-5.286887,35.822009],[-5.287114,35.822156],[-5.28734,35.822302],[-5.287566,35.822447],[-5.287792,35.822593],[-5.288017,35.822737],[-5.288243,35.822881],[-5.288468,35.823025],[-5.288694,35.823168],[-5.288919,35.82331],[-5.289041,35.823387],[-5.289148,35.82347],[-5.289384,35.82365],[-5.289619,35.823829],[-5.289854,35.824008],[-5.290089,35.824186],[-5.290324,35.824364],[-5.290558,35.82454],[-5.294965,35.827852],[-5.299557,35.831847],[-5.299759,35.832024],[-5.299961,35.8322],[-5.300162,35.832377],[-5.300362,35.832553],[-5.300561,35.83273],[-5.300698,35.832851],[-5.305741,35.839965],[-5.305901,35.840192],[-5.306061,35.840419],[-5.306219,35.840645],[-5.306377,35.840871],[-5.306402,35.840906],[-5.306697,35.841159],[-5.314275,35.847669],[-5.314545,35.847901],[-5.314812,35.848133],[-5.315078,35.848365],[-5.315342,35.848596],[-5.315605,35.848826],[-5.31611,35.849273],[-5.32227,35.855094],[-5.326769,35.859557],[-5.326929,35.859765],[-5.32711,35.860001],[-5.327289,35.860237],[-5.327466,35.860472],[-5.328822,35.862295],[-5.328982,35.862513],[-5.32914,35.862731],[-5.329296,35.862948],[-5.32945,35.863164],[-5.329608,35.86339],[-5.329764,35.863609],[-5.329919,35.863825],[-5.330075,35.864039],[-5.33013,35.864113],[-5.330231,35.864252],[-5.330262,35.864294],[-5.330387,35.864464],[-5.330395,35.864475],[-5.330528,35.864656],[-5.330543,35.864677],[-5.330661,35.864838],[-5.330699,35.86489],[-5.330855,35.865102],[-5.331012,35.865312],[-5.331168,35.865519],[-5.331325,35.865723],[-5.331424,35.86585],[-5.331481,35.865933],[-5.331636,35.866154],[-5.331792,35.866373],[-5.331947,35.866588],[-5.332103,35.866801],[-5.332128,35.866834],[-5.332273,35.8669],[-5.332954,35.8672],[-5.333616,35.867486],[-5.334258,35.867757],[-5.334881,35.868013],[-5.335485,35.868254],[-5.336069,35.86848],[-5.336634,35.868691],[-5.336841,35.868766],[-5.337189,35.868895],[-5.33726,35.86892],[-5.337742,35.869097],[-5.338276,35.869284],[-5.338788,35.869454],[-5.339277,35.869607],[-5.339745,35.869743],[-5.340191,35.869862],[-5.340615,35.869964],[-5.341017,35.870049],[-5.341397,35.870117],[-5.341755,35.870168],[-5.342083,35.870202],[-5.342092,35.870203],[-5.342374,35.87023],[-5.342428,35.870238],[-5.342757,35.870266],[-5.34299,35.870271],[-5.343064,35.870278],[-5.343278,35.87028],[-5.343371,35.87029],[-5.343657,35.870289],[-5.343663,35.870289],[-5.343827,35.870281],[-5.34384,35.870281],[-5.344042,35.870357],[-5.344316,35.870456],[-5.344542,35.870705],[-5.344937,35.870857],[-5.346661,35.87152],[-5.348197,35.871692],[-5.348567,35.872421],[-5.348779,35.874138],[-5.349626,35.874996],[-5.350845,35.874267],[-5.351533,35.872593],[-5.352434,35.872679],[-5.353228,35.873108],[-5.35577,35.872893],[-5.356459,35.873365],[-5.357466,35.874224],[-5.358472,35.874395],[-5.359054,35.87594],[-5.361494,35.877056],[-5.363613,35.878773],[-5.365097,35.879116],[-5.366792,35.879288],[-5.36827,35.879631],[-5.368853,35.879931],[-5.368959,35.880919],[-5.3697,35.881348],[-5.371025,35.880919],[-5.37219,35.882378],[-5.372879,35.883536],[-5.37315,35.885124],[-5.373091,35.885768],[-5.373574,35.886326],[-5.374521,35.886927],[-5.375315,35.887871],[-5.37558,35.889072],[-5.374845,35.890274],[-5.374845,35.891819],[-5.375003,35.892176],[-5.375905,35.894222],[-5.375905,35.896454],[-5.375693,35.897999],[-5.377116,35.900574],[-5.376586,35.90229],[-5.37648,35.90405],[-5.37701,35.905337],[-5.377964,35.906367],[-5.378448,35.908298],[-5.379931,35.91053],[-5.381196,35.912461],[-5.381689,35.913208],[-5.383073,35.914102],[-5.38308,35.91411],[-5.383323,35.914431],[-5.383389,35.914511],[-5.383443,35.914576],[-5.383678,35.914885],[-5.383946,35.915214],[-5.384054,35.915353],[-5.384281,35.915631],[-5.38443,35.915822],[-5.384825,35.916303],[-5.385259,35.916811],[-5.385732,35.917346],[-5.385841,35.917465],[-5.386245,35.917908],[-5.386798,35.918497],[-5.38739,35.919113],[-5.387878,35.91961],[-5.387871,35.919653],[-5.38784,35.919843],[-5.387811,35.920034],[-5.387783,35.920226],[-5.387757,35.92042],[-5.387733,35.920614],[-5.387711,35.92081],[-5.38769,35.921007],[-5.387671,35.921205],[-5.387654,35.921405],[-5.387639,35.921605],[-5.387625,35.921807],[-5.387613,35.92201],[-5.387208,35.930132],[-5.386602,35.932526],[-5.386537,35.932778],[-5.386471,35.93303],[-5.386403,35.933284],[-5.386316,35.933602],[-5.386251,35.933845],[-5.386186,35.93409],[-5.377509,35.967564],[-5.377312,35.968333],[-5.377113,35.969108],[-5.376915,35.969889],[-5.376717,35.970676],[-5.376518,35.97147],[-5.376491,35.971578],[-5.372147,36.005104],[-5.375754,36.004386],[-5.375933,36.004351],[-5.387629,36.002],[-5.387793,36.001967],[-5.387958,36.001934],[-5.388122,36.001901],[-5.390132,36.001506],[-5.410321,35.994746],[-5.41407,35.993366],[-5.41423,35.993307],[-5.41439,35.993248],[-5.41455,35.99319],[-5.429046,35.987928],[-5.429199,35.987873],[-5.429353,35.987818],[-5.429506,35.987763],[-5.429569,35.98774],[-5.431335,35.986948],[-5.436027,35.984716],[-5.439934,35.983369],[-5.439935,35.983368],[-5.463506,35.982164],[-5.463681,35.982155],[-5.463856,35.982146],[-5.464017,35.982137],[-5.46403,35.982137],[-5.464205,35.982137],[-5.464379,35.982136],[-5.464554,35.982135],[-5.464728,35.982134],[-5.464903,35.982133],[-5.465077,35.982132],[-5.465252,35.98213],[-5.465427,35.982128],[-5.465601,35.982126],[-5.465776,35.982124],[-5.46595,35.982121],[-5.466125,35.982118],[-5.466299,35.982115],[-5.466474,35.982112],[-5.466648,35.982109],[-5.466823,35.982105],[-5.470216,35.982029],[-5.470391,35.982025],[-5.470565,35.982022],[-5.47074,35.982019],[-5.470915,35.982016],[-5.47109,35.982013],[-5.473058,35.981984],[-5.4782,35.980461],[-5.478324,35.980424],[-5.478448,35.980387],[-5.479712,35.980009],[-5.479879,35.979958],[-5.480047,35.979908],[-5.480204,35.97986],[-5.480375,35.979808],[-5.480546,35.979755],[-5.480716,35.979703],[-5.482501,35.979151],[-5.492369,35.974999],[-5.492526,35.974933],[-5.492682,35.974866],[-5.492839,35.9748],[-5.493662,35.974448],[-5.493811,35.974385],[-5.493881,35.974356],[-5.494903,35.974078],[-5.495072,35.974032],[-5.501075,35.972418],[-5.501243,35.972373],[-5.502809,35.971956],[-5.508158,35.970331],[-5.511209,35.969288],[-5.516302,35.966877],[-5.516461,35.966801],[-5.516619,35.966726],[-5.516777,35.96665],[-5.517001,35.966543],[-5.52036,35.964668],[-5.524229,35.962344],[-5.529623,35.960026],[-5.532534,35.959196],[-5.54545,35.954407],[-5.54693,35.953722],[-5.559184,35.951225],[-5.561579,35.950542],[-5.571671,35.94672],[-5.586583,35.940949],[-5.600916,35.939059],[-5.628915,35.935165],[-5.645175,35.936414],[-5.674761,35.93855],[-5.684191,35.940968],[-5.709884,35.943017],[-5.719712,35.944572],[-5.73277,35.944618],[-5.767169,35.947202],[-5.767336,35.947237],[-5.812979,35.950507],[-5.814403,35.950774],[-5.828267,35.95173],[-5.857742,35.951086],[-5.903732,35.954869],[-5.91052,35.95608],[-5.922204,35.958077],[-5.923739,35.958473],[-5.927777,35.959517],[-5.954305,35.963448],[-6.001847,35.966283],[-6.025919,35.9658],[-6.049554,35.96542],[-6.051765,35.965454],[-6.103033,35.962544],[-6.123547,35.960034],[-6.12581,35.959618],[-6.127264,35.959352],[-6.163152,35.952767],[-6.168716,35.951741],[-6.352866,35.919372],[-6.368861,35.916549],[-6.490385,35.895914],[-6.506694,35.893291],[-6.585648,35.88144],[-6.586273,35.881334],[-6.639502,35.872333],[-6.680424,35.868015],[-6.71127,35.863816],[-6.727376,35.861382],[-6.74267,35.859071],[-6.921148,35.825842],[-6.945345,35.822008],[-6.955092,35.820462],[-6.999407,35.813448],[-7.007973,35.812174],[-7.022118,35.809346],[-7.060139,35.804706],[-7.16174,35.792482],[-7.191192,35.789692],[-7.412311,35.768766],[-7.541989,35.756493],[-7.54199,35.756493],[-7.586935,35.72224],[-7.71845,35.637624],[-7.817758,35.575509],[-7.951918,35.495711],[-7.963507,35.488838],[-7.981788,35.477882],[-7.987782,35.474253],[-8.000037,35.467586],[-8.006187,35.464205],[-8.018268,35.457685],[-8.036501,35.44774],[-8.05113,35.439678],[-8.054739,35.437694],[-8.059161,35.435237],[-8.06057,35.434456],[-8.060818,35.434318],[-8.060824,35.434315],[-8.072949,35.428225],[-8.091148,35.418986],[-8.109352,35.409648],[-8.127561,35.40021],[-8.145774,35.390671],[-8.163992,35.381034],[-8.182215,35.371296],[-8.189498,35.367365],[-8.200417,35.361987],[-8.218607,35.352936],[-8.236802,35.343791],[-8.23874,35.342807],[-8.242966,35.34075],[-8.254983,35.334919],[-8.273167,35.326006],[-8.280921,35.322167],[-8.291349,35.317108],[-8.308777,35.308568],[-8.309532,35.308214],[-8.327701,35.299605],[-8.345874,35.290906],[-8.346365,35.290669],[-8.360631,35.284564],[-8.363999,35.283237],[-8.382102,35.276029],[-8.400208,35.268741],[-8.418319,35.261372],[-8.422391,35.259698],[-8.436291,35.256937],[-8.454225,35.253308],[-8.472163,35.249614],[-8.48552,35.246814],[-8.490097,35.245985],[-8.496676,35.244769],[-8.508014,35.242716],[-8.514708,35.241479],[-8.525931,35.239447],[-8.532739,35.23819],[-8.543848,35.236178],[-8.55077,35.2349],[-8.561766,35.232909],[-8.5688,35.231611],[-8.579683,35.229641],[-8.58683,35.228322],[-8.5976,35.226373],[-8.604859,35.225033],[-8.615517,35.223104],[-8.622888,35.221744],[-8.633434,35.219836],[-8.640916,35.218456],[-8.651351,35.216568],[-8.66927,35.213263],[-8.687192,35.209895],[-8.705117,35.206463],[-8.723045,35.202967],[-8.740976,35.199407],[-8.75891,35.195784],[-8.776846,35.192097],[-8.791903,35.188949],[-8.794781,35.188458],[-8.812691,35.18534],[-8.830604,35.182161],[-8.84852,35.178919],[-8.866439,35.175615],[-8.88436,35.172248],[-8.902285,35.16882],[-8.910175,35.167284],[-8.915788,35.166358],[-8.920185,35.165927],[-8.938033,35.164117],[-8.955884,35.162248],[-8.973738,35.16032],[-8.991595,35.158334],[-9.009455,35.156288],[-9.027317,35.154183],[-9.498352,35.097105],[-9.517398,35.094856],[-9.536481,35.092662],[-9.555602,35.090524],[-9.574761,35.088441],[-9.593957,35.086414],[-9.613191,35.084441],[-9.632462,35.082524],[-9.65177,35.080663],[-9.671116,35.078856],[-9.689257,35.077217],[-9.6905,35.077105],[-9.709921,35.075409],[-9.72938,35.073769],[-9.748876,35.072183],[-9.79819,35.06832],[-10.210563,35.03601],[-10.342478,35.025674],[-10.434454,35.018468],[-10.434593,35.018595],[-10.525182,35.011995],[-10.532429,35.011352],[-10.800817,34.987542],[-10.916108,34.977313],[-11.188115,34.953182],[-11.846598,34.894763],[-11.917254,34.890146],[-12.029636,34.882802],[-12.058426,34.880921],[-12.065617,34.880451],[-12.109265,34.877599],[-12.123446,34.877695],[-12.128576,34.87773],[-12.147852,34.877861],[-12.147893,34.877861],[-12.148173,34.877863],[-12.149512,34.879139],[-12.150102,34.879703],[-12.151283,34.880831],[-12.152407,34.881907],[-12.153473,34.88293],[-12.154005,34.883441],[-12.165517,34.894505],[-12.166952,34.895888],[-12.169821,34.898659],[-12.17074,34.899549],[-12.171252,34.900046],[-12.176973,34.905603],[-12.1784,34.906992],[-12.181251,34.909776],[-12.182673,34.911169],[-12.18549,34.913935],[-12.194046,34.922333],[-12.195464,34.923729],[-12.197293,34.925534],[-12.198297,34.926525],[-12.199711,34.927924],[-12.205362,34.93353],[-12.206772,34.934932],[-12.209587,34.937741],[-12.210992,34.939146],[-12.222224,34.950409],[-12.223625,34.951817],[-12.226423,34.954637],[-12.227819,34.956049],[-12.233399,34.961704],[-12.234791,34.963119],[-12.237571,34.965951],[-12.238959,34.967369],[-12.250049,34.978729],[-12.251432,34.980149],[-12.254194,34.982994],[-12.255573,34.984418],[-12.261081,34.990121],[-12.262456,34.991548],[-12.2652,34.994405],[-12.266569,34.995834],[-12.277516,35.00729],[-12.278881,35.008723],[-12.281608,35.011592],[-12.282968,35.013027],[-12.288405,35.018778],[-12.289211,35.019633],[-12.289761,35.020217],[-12.29247,35.023098],[-12.293821,35.024539],[-12.304623,35.03609],[-12.30597,35.037534],[-12.30866,35.040427],[-12.310003,35.041874],[-12.315367,35.047673],[-12.316705,35.049123],[-12.319377,35.052027],[-12.32071,35.05348],[-12.331366,35.065125],[-12.332695,35.066581],[-12.335349,35.069497],[-12.336673,35.070956],[-12.341963,35.076801],[-12.343283,35.078262],[-12.345918,35.08119],[-12.347233,35.082654],[-12.357742,35.094392],[-12.359052,35.095859],[-12.361669,35.098798],[-12.362975,35.100268],[-12.364871,35.102409],[-12.368191,35.106159],[-12.369493,35.107632],[-12.372091,35.110583],[-12.373387,35.112059],[-12.383747,35.123887],[-12.385039,35.125366],[-12.387618,35.128327],[-12.388906,35.129809],[-12.394048,35.135745],[-12.39533,35.13723],[-12.397891,35.140202],[-12.399168,35.141689],[-12.409379,35.153608],[-12.410651,35.155097],[-12.413194,35.158081],[-12.414462,35.159574],[-12.419529,35.165555],[-12.420793,35.167051],[-12.423316,35.170046],[-12.424574,35.171544],[-12.434633,35.18355],[-12.435887,35.185051],[-12.438391,35.188057],[-12.439641,35.189561],[-12.444632,35.195586],[-12.445876,35.197092],[-12.448362,35.200109],[-12.449601,35.201618],[-12.459508,35.213712],[-12.460742,35.215224],[-12.463209,35.218251],[-12.464439,35.219766],[-12.469353,35.225834],[-12.470579,35.227351],[-12.473026,35.23039],[-12.474246,35.231909],[-12.483999,35.244089],[-12.485214,35.245611],[-12.487642,35.24866],[-12.488853,35.250186],[-12.49369,35.256296],[-12.494896,35.257824],[-12.497304,35.260883],[-12.498505,35.262414],[-12.508103,35.274678],[-12.509114,35.275972],[-12.511133,35.278564],[-12.51214,35.279861],[-12.516166,35.285055],[-12.51717,35.286354],[-12.519175,35.288954],[-12.520175,35.290254],[-12.523195,35.294189],[-12.528171,35.300672],[-12.529351,35.302214],[-12.531707,35.305302],[-12.532883,35.306847],[-12.537576,35.313035],[-12.538747,35.314583],[-12.541084,35.317682],[-12.54225,35.319232],[-12.543785,35.321281],[-12.544326,35.322004],[-12.545228,35.323208],[-12.545767,35.323929],[-12.555141,35.336478],[-12.555581,35.337068],[-12.556462,35.33825],[-12.556902,35.338842],[-12.558227,35.340622],[-12.558663,35.341209],[-12.559817,35.342766],[-12.562121,35.345881],[-12.56327,35.34744],[-12.566111,35.351306],[-12.56682,35.352273],[-12.568236,35.354207],[-12.568944,35.355177],[-12.578218,35.367889],[-12.579422,35.369544],[-12.581544,35.372472],[-12.582608,35.373943],[-12.58713,35.380217],[-12.588228,35.381745],[-12.590508,35.384927],[-12.59163,35.386498],[-12.600596,35.399086],[-12.601713,35.400659],[-12.603943,35.403809],[-12.605056,35.405386],[-12.609498,35.411698],[-12.610605,35.413277],[-12.612816,35.416437],[-12.613918,35.418018],[-12.622722,35.430683],[-12.623819,35.432266],[-12.625512,35.434716],[-12.62601,35.435436],[-12.627102,35.437022],[-12.631463,35.443373],[-12.63255,35.444961],[-12.63472,35.44814],[-12.635802,35.44973],[-12.644444,35.462472],[-12.645521,35.464064],[-12.647671,35.467253],[-12.648743,35.468849],[-12.653023,35.475237],[-12.654089,35.476835],[-12.656219,35.480033],[-12.65728,35.481632],[-12.665759,35.494449],[-12.666815,35.49605],[-12.668924,35.499258],[-12.669976,35.500862],[-12.674174,35.507288],[-12.67522,35.508895],[-12.677308,35.512111],[-12.678349,35.51372],[-12.686412,35.52622],[-12.686663,35.52661],[-12.687699,35.52822],[-12.689767,35.531446],[-12.690798,35.533059],[-12.694913,35.539522],[-12.695939,35.541137],[-12.697986,35.544372],[-12.699006,35.545989],[-12.707155,35.558951],[-12.70817,35.560571],[-12.710196,35.563814],[-12.711206,35.565436],[-12.715238,35.571934],[-12.716243,35.573559],[-12.718249,35.576811],[-12.719248,35.578437],[-12.72723,35.591469],[-12.728224,35.593098],[-12.730209,35.596359],[-12.731198,35.59799],[-12.735147,35.604522],[-12.736131,35.606155],[-12.738094,35.609425],[-12.739073,35.61106],[-12.746887,35.62416],[-12.74786,35.625798],[-12.749803,35.629076],[-12.750771,35.630715],[-12.754636,35.637282],[-12.755599,35.638924],[-12.75752,35.64221],[-12.758477,35.643854],[-12.766123,35.657022],[-12.767075,35.658667],[-12.768975,35.661962],[-12.769922,35.66361],[-12.773702,35.67021],[-12.774644,35.67186],[-12.776523,35.675163],[-12.777459,35.676815],[-12.784934,35.690049],[-12.785865,35.691702],[-12.787723,35.695013],[-12.788649,35.69667],[-12.792343,35.703302],[-12.793264,35.70496],[-12.7951,35.70828],[-12.796015,35.709939],[-12.803319,35.723238],[-12.804229,35.724899],[-12.806044,35.728227],[-12.806948,35.729891],[-12.810557,35.736555],[-12.811456,35.738221],[-12.813249,35.741556],[-12.817909,35.750478],[-12.819092,35.752653],[-12.820614,35.755457],[-12.823461,35.76076],[-12.823817,35.761432],[-12.824263,35.762275],[-12.827798,35.768964],[-12.829432,35.772077],[-12.83118,35.775429],[-12.832568,35.778108],[-12.837255,35.787208],[-12.840549,35.793695],[-12.845587,35.803315],[-12.847084,35.806259],[-12.84783,35.807731],[-12.853786,35.819521],[-12.854844,35.821625],[-12.856952,35.825836],[-12.858001,35.827943],[-12.862183,35.836379],[-12.863224,35.838489],[-12.865297,35.842713],[-12.86633,35.844826],[-12.868792,35.849889],[-12.869098,35.85052],[-12.86971,35.851783],[-12.870016,35.852415],[-12.871238,35.854943],[-12.871544,35.855576],[-12.872155,35.856844],[-12.872459,35.857476],[-12.882241,35.877825],[-12.883454,35.880363],[-12.885869,35.885445],[-12.887078,35.888004],[-12.891857,35.898184],[-12.893043,35.900726],[-12.895404,35.905814],[-12.896559,35.908318],[-12.905949,35.928802],[-12.907113,35.931357],[-12.90943,35.936474],[-12.910582,35.939033],[-12.914704,35.948248],[-12.915168,35.949284],[-12.916307,35.951848],[-12.918574,35.956979],[-12.919701,35.959545],[-12.928673,35.980109],[-12.929787,35.982678],[-12.932004,35.987825],[-12.933106,35.990399],[-12.937492,36.000708],[-12.938581,36.003286],[-12.940748,36.008447],[-12.941824,36.011027],[-12.950394,36.031705],[-12.951458,36.034289],[-12.953574,36.039463],[-12.954626,36.042052],[-12.958809,36.052417],[-12.959848,36.055009],[-12.961913,36.060197],[-12.962939,36.062791],[-12.971103,36.083578],[-12.972122,36.08619],[-12.974148,36.09142],[-12.975154,36.094036],[-12.979155,36.104512],[-12.980149,36.107131],[-12.982123,36.112374],[-12.983103,36.114996],[-12.990899,36.136002],[-12.991866,36.138626],[-12.993789,36.143882],[-12.994744,36.146511],[-12.998538,36.157038],[-12.999479,36.15967],[-13.001349,36.164938],[-13.002278,36.167573],[-13.0097,36.188796],[-13.010451,36.190958],[-13.011947,36.195288],[-13.01269,36.197453],[-13.015646,36.206123],[-13.01638,36.208291],[-13.01784,36.212629],[-13.018566,36.214797],[-13.024339,36.232172],[-13.025055,36.234343],[-13.02648,36.238689],[-13.027188,36.240862],[-13.030004,36.249564],[-13.030703,36.251739],[-13.032093,36.256093],[-13.032783,36.258269],[-13.037326,36.272696],[-13.037885,36.274484],[-13.038999,36.278062],[-13.039553,36.279851],[-13.041758,36.287013],[-13.042305,36.288804],[-13.043395,36.292387],[-13.043937,36.294178],[-13.048251,36.308524],[-13.048787,36.310316],[-13.049853,36.313904],[-13.050383,36.315698],[-13.052492,36.32288],[-13.053015,36.324675],[-13.054058,36.328267],[-13.054575,36.330063],[-13.058664,36.34433],[-13.059117,36.34592],[-13.060019,36.349102],[-13.060468,36.350693],[-13.062253,36.357063],[-13.062697,36.358655],[-13.06358,36.361841],[-13.064019,36.363433],[-13.067516,36.376188],[-13.068001,36.37797],[-13.068966,36.381537],[-13.069446,36.383321],[-13.071353,36.39046],[-13.071827,36.392245],[-13.072769,36.395817],[-13.073242,36.397624],[-13.07373,36.3995],[-13.074118,36.400996],[-13.075441,36.406299],[-13.075824,36.4078],[-13.077886,36.415637],[-13.078155,36.416665],[-13.078693,36.418717],[-13.078955,36.419745],[-13.07998,36.423865],[-13.080423,36.425651],[-13.081306,36.429223],[-13.081746,36.431009],[-13.082216,36.432927],[-13.082473,36.434036],[-13.082648,36.434794],[-13.082998,36.43631],[-13.083202,36.43706],[-13.086799,36.451333],[-13.087114,36.452628],[-13.087743,36.455219],[-13.088173,36.457006],[-13.088466,36.458233],[-13.090228,36.465632],[-13.09065,36.467419],[-13.09149,36.470997],[-13.091906,36.472785],[-13.093388,36.479194],[-13.095218,36.487107],[-13.095461,36.488166],[-13.095628,36.488896],[-13.096444,36.492477],[-13.096849,36.494268],[-13.098457,36.501435],[-13.098855,36.503226],[-13.099647,36.506811],[-13.10004,36.508602],[-13.103161,36.522953],[-13.103548,36.524745],[-13.104316,36.528333],[-13.104697,36.530127],[-13.106209,36.537308],[-13.106584,36.539103],[-13.107329,36.542694],[-13.107697,36.544489],[-13.110627,36.558865],[-13.11099,36.560661],[-13.111711,36.564255],[-13.112068,36.566052],[-13.113485,36.573246],[-13.113836,36.575044],[-13.114532,36.578641],[-13.114877,36.580439],[-13.117615,36.594841],[-13.117954,36.596639],[-13.118627,36.60024],[-13.11896,36.60204],[-13.120281,36.609245],[-13.120608,36.611046],[-13.121256,36.614649],[-13.121577,36.61645],[-13.124123,36.630875],[-13.124438,36.632676],[-13.125063,36.636282],[-13.125372,36.638085],[-13.126596,36.645302],[-13.126899,36.647105],[-13.1275,36.650714],[-13.127796,36.652518],[-13.13015,36.666963],[-13.130441,36.668767],[-13.131017,36.672379],[-13.131302,36.674184],[-13.13243,36.681411],[-13.132709,36.683217],[-13.133261,36.686831],[-13.133534,36.688637],[-13.135694,36.703102],[-13.13596,36.704908],[-13.136488,36.708524],[-13.136749,36.710332],[-13.13778,36.717569],[-13.138035,36.719377],[-13.138539,36.722995],[-13.138787,36.724804],[-13.140753,36.739286],[-13.140996,36.741095],[-13.141475,36.744716],[-13.141712,36.746526],[-13.142646,36.753771],[-13.142877,36.755581],[-13.143331,36.759203],[-13.143556,36.761014],[-13.145328,36.775513],[-13.145546,36.777324],[-13.145977,36.780948],[-13.146189,36.78276],[-13.147026,36.790013],[-13.147232,36.791825],[-13.147638,36.795451],[-13.147838,36.797263],[-13.149415,36.811777],[-13.149609,36.81359],[-13.149991,36.817218],[-13.150179,36.819031],[-13.150919,36.826291],[-13.151101,36.828105],[-13.151458,36.831734],[-13.151634,36.833548],[-13.153015,36.848075],[-13.153185,36.849889],[-13.153518,36.85352],[-13.153681,36.855335],[-13.154323,36.8626],[-13.154481,36.864416],[-13.154789,36.868048],[-13.154941,36.869863],[-13.156127,36.884401],[-13.156272,36.886217],[-13.156556,36.88985],[-13.156695,36.891667],[-13.157239,36.898937],[-13.157372,36.900754],[-13.157631,36.904389],[-13.157758,36.906205],[-13.158748,36.920752],[-13.158857,36.92239],[-13.15907,36.925666],[-13.159174,36.927305],[-13.15958,36.933861],[-13.159679,36.935499],[-13.159872,36.938777],[-13.159966,36.940415],[-13.160698,36.953533],[-13.160797,36.955351],[-13.160988,36.958989],[-13.16108,36.960808],[-13.161437,36.968086],[-13.161524,36.969906],[-13.16169,36.973545],[-13.161771,36.975385],[-13.161846,36.977171],[-13.161905,36.978593],[-13.162516,36.99351],[-13.16256,36.994613],[-13.162646,36.996816],[-13.162688,36.997917],[-13.16285,37.002325],[-13.162914,37.004145],[-13.163036,37.007786],[-13.163094,37.009606],[-13.163181,37.012478],[-13.163202,37.013195],[-13.163243,37.01463],[-13.163263,37.015347],[-13.163662,37.029912],[-13.163701,37.0314],[-13.163774,37.034377],[-13.163816,37.036197],[-13.163834,37.037025],[-13.163987,37.044473],[-13.164022,37.046293],[-13.164084,37.049933],[-13.164113,37.051752],[-13.164314,37.06632],[-13.164335,37.068005],[-13.164374,37.071779],[-13.16439,37.073599],[-13.164424,37.078409],[-13.167536,37.082661],[-13.168682,37.084232],[-13.17097,37.087377],[-13.172111,37.088951],[-13.176667,37.095254],[-13.177803,37.09683],[-13.180071,37.099985],[-13.181201,37.101563],[-13.190234,37.114208],[-13.191359,37.115788],[-13.193606,37.118953],[-13.194727,37.120536],[-13.199201,37.126877],[-13.200317,37.128463],[-13.201378,37.129977],[-13.202543,37.131637],[-13.203653,37.133225],[-13.21252,37.145946],[-13.213625,37.147536],[-13.215831,37.15072],[-13.216931,37.152313],[-13.221322,37.158691],[-13.222417,37.160286],[-13.224602,37.16348],[-13.225691,37.165076],[-13.234392,37.177873],[-13.235476,37.179472],[-13.23764,37.182674],[-13.238719,37.184276],[-13.243028,37.190692],[-13.244102,37.192296],[-13.246245,37.195508],[-13.247313,37.197114],[-13.255847,37.209984],[-13.25691,37.211592],[-13.259032,37.214813],[-13.26009,37.216424],[-13.264314,37.222876],[-13.265367,37.22449],[-13.267468,37.227719],[-13.268515,37.229334],[-13.276881,37.242276],[-13.277923,37.243893],[-13.280003,37.247132],[-13.28104,37.248752],[-13.28518,37.25524],[-13.286211,37.256862],[-13.28827,37.26011],[-13.289296,37.261733],[-13.297492,37.274746],[-13.298512,37.276372],[-13.30055,37.279628],[-13.301566,37.281257],[-13.30562,37.28778],[-13.306631,37.28941],[-13.308647,37.292675],[-13.309652,37.294308],[-13.317676,37.307389],[-13.318676,37.309024],[-13.320671,37.312297],[-13.321665,37.313935],[-13.325634,37.320492],[-13.326623,37.322131],[-13.328596,37.325413],[-13.329579,37.327054],[-13.337432,37.340203],[-13.33841,37.341846],[-13.340362,37.345136],[-13.341335,37.346782],[-13.345218,37.353372],[-13.346185,37.35502],[-13.348115,37.358318],[-13.349077,37.359968],[-13.356756,37.373183],[-13.357713,37.374834],[-13.359621,37.378141],[-13.360572,37.379795],[-13.364368,37.386418],[-13.365314,37.388074],[-13.367201,37.391389],[-13.368141,37.393046],[-13.375646,37.406326],[-13.376581,37.407985],[-13.378446,37.411308],[-13.379375,37.41297],[-13.383084,37.419625],[-13.384008,37.421289],[-13.385851,37.424619],[-13.386769,37.426285],[-13.394099,37.439628],[-13.395012,37.441295],[-13.396833,37.444634],[-13.39774,37.446303],[-13.401361,37.45299],[-13.402263,37.454661],[-13.404062,37.458007],[-13.404958,37.45968],[-13.412112,37.473085],[-13.412913,37.47459],[-13.41451,37.477602],[-13.415306,37.479109],[-13.418484,37.485142],[-13.419276,37.48665],[-13.420855,37.489669],[-13.421642,37.491178],[-13.427927,37.50327],[-13.428798,37.504952],[-13.430535,37.50832],[-13.431401,37.510004],[-13.434854,37.516748],[-13.435714,37.518435],[-13.437429,37.521811],[-13.438293,37.523518],[-13.439154,37.525225],[-13.439838,37.526584],[-13.446808,37.540449],[-13.447313,37.541454],[-13.448318,37.543464],[-13.44882,37.544469],[-13.450825,37.548493],[-13.451665,37.550186],[-13.45334,37.553574],[-13.454175,37.555269],[-13.455524,37.558021],[-13.455861,37.558708],[-13.456533,37.560084],[-13.456868,37.560771],[-13.463488,37.574351],[-13.464125,37.575663],[-13.465398,37.57829],[-13.466218,37.579989],[-13.466681,37.580952],[-13.470037,37.587948],[-13.47085,37.589649],[-13.472471,37.593054],[-13.473278,37.594756],[-13.479717,37.608392],[-13.480284,37.609598],[-13.480518,37.610096],[-13.482116,37.613507],[-13.482912,37.615213],[-13.486086,37.622044],[-13.486876,37.623752],[-13.488451,37.62717],[-13.489235,37.628879],[-13.495493,37.642569],[-13.496272,37.64428],[-13.497824,37.647704],[-13.498598,37.649417],[-13.501681,37.656275],[-13.502448,37.657989],[-13.503978,37.66142],[-13.504739,37.663136],[-13.510815,37.676879],[-13.511571,37.678596],[-13.513078,37.682033],[-13.513828,37.683752],[-13.51682,37.690636],[-13.517565,37.692357],[-13.519049,37.695801],[-13.519787,37.697522],[-13.52568,37.711316],[-13.526413,37.71304],[-13.527874,37.71649],[-13.528601,37.718216],[-13.531501,37.725124],[-13.532223,37.726851],[-13.533661,37.730308],[-13.534377,37.732036],[-13.540085,37.745879],[-13.540795,37.747608],[-13.54221,37.751071],[-13.542915,37.752802],[-13.545722,37.759735],[-13.546421,37.761468],[-13.547813,37.764937],[-13.548506,37.766671],[-13.554029,37.780562],[-13.554716,37.782298],[-13.556085,37.785772],[-13.556766,37.787509],[-13.559481,37.794466],[-13.560157,37.796205],[-13.561502,37.799685],[-13.562171,37.801425],[-13.567509,37.815362],[-13.568173,37.817103],[-13.569495,37.820589],[-13.570153,37.822332],[-13.572775,37.829311],[-13.573427,37.831056],[-13.574726,37.834547],[-13.575372,37.836293],[-13.580523,37.850275],[-13.581163,37.852021],[-13.582439,37.855518],[-13.583074,37.857267],[-13.585602,37.864268],[-13.586231,37.866018],[-13.587483,37.86952],[-13.588105,37.871271],[-13.593069,37.885296],[-13.593686,37.887048],[-13.594914,37.890556],[-13.595526,37.89231],[-13.59796,37.899332],[-13.598565,37.901087],[-13.59977,37.9046],[-13.600369,37.906356],[-13.605144,37.920422],[-13.605738,37.922179],[-13.606919,37.925697],[-13.607507,37.927456],[-13.609847,37.934499],[-13.610429,37.936259],[-13.611586,37.939782],[-13.612162,37.941543],[-13.616748,37.955649],[-13.617317,37.957411],[-13.618452,37.960939],[-13.619016,37.962703],[-13.621261,37.969765],[-13.621819,37.97153],[-13.622929,37.975062],[-13.623481,37.976828],[-13.627877,37.990973],[-13.628423,37.992739],[-13.629509,37.996277],[-13.630049,37.998045],[-13.632199,38.005126],[-13.632734,38.006896],[-13.633796,38.010437],[-13.634324,38.012208],[-13.638529,38.026389],[-13.639003,38.027995],[-13.639946,38.031209],[-13.640415,38.032816],[-13.642281,38.039251],[-13.642745,38.040859],[-13.643668,38.044077],[-13.644127,38.045686],[-13.647782,38.05857],[-13.648236,38.06018],[-13.649139,38.063402],[-13.649589,38.065013],[-13.651377,38.071463],[-13.651821,38.073075],[-13.652486,38.075504],[-13.659457,38.098333],[-13.661254,38.104337],[-13.664781,38.116364],[-13.666509,38.122382],[-13.673277,38.146453],[-13.675049,38.152903],[-13.678514,38.16582],[-13.680206,38.172284],[-13.68469,38.189851],[-13.686185,38.195797],[-13.688645,38.205735],[-13.690047,38.211494],[-13.700961,38.256985],[-13.701957,38.261245],[-13.704447,38.272104],[-13.705664,38.277536],[-13.71042,38.299289],[-13.711581,38.304729],[-13.713846,38.315618],[-13.71495,38.321063],[-13.723564,38.364686],[-13.724612,38.370139],[-13.726652,38.381055],[-13.727644,38.386515],[-13.731499,38.40838],[-13.732434,38.413846],[-13.734248,38.424788],[-13.735125,38.430258],[-13.742136,38.475443],[-13.743364,38.483627],[-13.745342,38.497283],[-13.746485,38.505478],[-13.74979,38.530079],[-13.750842,38.538231],[-13.752519,38.551762],[-13.75344,38.559506],[-13.758081,38.599919],[-13.800832,38.972218],[-13.803862,38.985389],[-13.805455,38.992532],[-13.808555,39.006888],[-13.810054,39.01407],[-13.815859,39.042837],[-13.81726,39.050032],[-13.819962,39.064436],[-13.821263,39.07164],[-13.831282,39.12935],[-13.832484,39.136564],[-13.83479,39.15101],[-13.835893,39.158236],[-13.840104,39.187172],[-13.841106,39.194406],[-13.843011,39.208888],[-13.843912,39.216129],[-13.850728,39.274121],[-13.851228,39.278536],[-13.852192,39.287375],[-13.852655,39.291794],[-13.854433,39.309489],[-13.854859,39.313911],[-13.855673,39.322761],[-13.856061,39.327184],[-13.859017,39.362612],[-13.859485,39.368631],[-13.86035,39.380676],[-13.860748,39.386698],[-13.862199,39.410803],[-13.862587,39.418076],[-13.863259,39.43263],[-13.863552,39.440156],[-13.863782,39.447495],[-13.86453,39.474866],[-13.864699,39.482716],[-13.864909,39.495354],[-13.864944,39.49782],[-13.865022,39.505291],[-13.86535,39.56494],[-13.865338,39.572215],[-13.865213,39.586771],[-13.865099,39.594046],[-13.864437,39.62316],[-13.864221,39.630434],[-13.863685,39.644984],[-13.863366,39.652254],[-13.860936,39.69989],[-13.860398,39.710439],[-13.859976,39.717706],[-13.859028,39.732243],[-13.858503,39.739508],[-13.856195,39.768571],[-13.855567,39.775831],[-13.854207,39.790349],[-13.853476,39.797601],[-13.84721,39.855629],[-13.846715,39.860033],[-13.845686,39.868848],[-13.845152,39.873252],[-13.84294,39.890878],[-13.842368,39.89528],[-13.841186,39.904085],[-13.840577,39.908483],[-13.83554,39.94369],[-13.834651,39.949657],[-13.832802,39.961589],[-13.831842,39.96755],[-13.827861,39.991391],[-13.826603,39.998605],[-13.823985,40.013026],[-13.822575,40.020482],[-13.82112,40.02787],[-13.815669,40.054952],[-13.814037,40.062818],[-13.811038,40.076905],[-13.809227,40.085184],[-13.796032,40.143966],[-13.79437,40.151127],[-13.790942,40.165442],[-13.789176,40.17259],[-13.781906,40.201166],[-13.780038,40.208299],[-13.776198,40.222553],[-13.774228,40.229668],[-13.758036,40.286555],[-13.755961,40.293653],[-13.751707,40.307838],[-13.749529,40.31492],[-13.740608,40.343223],[-13.738327,40.350286],[-13.733662,40.364396],[-13.73128,40.371437],[-13.711793,40.427721],[-13.710305,40.431958],[-13.70729,40.440432],[-13.705765,40.444664],[-13.699583,40.461587],[-13.69802,40.465812],[-13.694855,40.474256],[-13.693255,40.478471],[-13.680293,40.512194],[-13.678079,40.517856],[-13.673584,40.529171],[-13.671303,40.534819],[-13.662042,40.557389],[-13.659141,40.564323],[-13.653237,40.578169],[-13.650119,40.585339],[-13.646747,40.592943],[-13.635083,40.61894],[-13.631465,40.626882],[-13.625641,40.639502],[-13.624578,40.641785],[-13.621395,40.648571],[-13.594738,40.704673],[-13.591435,40.711498],[-13.584728,40.725127],[-13.581326,40.731926],[-13.567507,40.759075],[-13.564004,40.765845],[-13.556897,40.779358],[-13.553296,40.786096],[-13.524055,40.839909],[-13.520351,40.846615],[-13.512841,40.860004],[-13.509037,40.866681],[-13.493617,40.893337],[-13.489715,40.899982],[-13.481809,40.913241],[-13.47781,40.919851],[-13.455854,40.955586],[-13.445387,40.972623],[-13.442957,40.97654],[-13.438059,40.984371],[-13.435593,40.988279],[-13.425654,41.003898],[-13.423153,41.007794],[-13.418115,41.015577],[-13.41558,41.019459],[-13.395141,41.050498],[-13.391727,41.055625],[-13.384835,41.06586],[-13.381361,41.070965],[-13.367335,41.091346],[-13.362845,41.097782],[-13.353767,41.110619],[-13.34918,41.117018],[-13.344819,41.123023],[-13.342027,41.126846],[-13.325285,41.149633],[-13.320526,41.156048],[-13.318848,41.158296],[-13.309967,41.170123],[-13.304163,41.177774],[-13.264719,41.229198],[-13.26487,41.229878],[-13.265037,41.230584],[-13.265371,41.231996],[-13.265538,41.232702],[-13.267385,41.240543],[-13.268151,41.24402],[-13.268479,41.245432],[-13.269307,41.248227],[-13.269641,41.24964],[-13.270969,41.255292],[-13.271153,41.256081],[-13.271299,41.256705],[-13.271955,41.259532],[-13.272281,41.260945],[-13.274876,41.27226],[-13.275198,41.273673],[-13.275838,41.276502],[-13.276156,41.277916],[-13.277421,41.283577],[-13.277736,41.284992],[-13.27836,41.287823],[-13.27867,41.289238],[-13.281138,41.300569],[-13.281444,41.301985],[-13.282053,41.304817],[-13.282355,41.306234],[-13.283557,41.311903],[-13.283855,41.313319],[-13.284448,41.316154],[-13.284742,41.317571],[-13.287083,41.328918],[-13.287373,41.330335],[-13.28795,41.333172],[-13.288236,41.33459],[-13.289375,41.340266],[-13.289657,41.341685],[-13.290218,41.344523],[-13.290496,41.345942],[-13.292709,41.357303],[-13.292984,41.358723],[-13.293529,41.361563],[-13.293799,41.362983],[-13.294874,41.368666],[-13.29514,41.370086],[-13.295669,41.372928],[-13.295932,41.374349],[-13.298017,41.385724],[-13.298275,41.387145],[-13.298789,41.389988],[-13.299043,41.39141],[-13.299898,41.396225],[-13.300414,41.39698],[-13.300946,41.397758],[-13.301477,41.398535],[-13.302007,41.399309],[-13.302537,41.400085],[-13.303069,41.400862],[-13.303599,41.401638],[-13.304129,41.402413],[-13.304686,41.403228],[-13.309788,41.410493],[-13.310317,41.411259],[-13.310851,41.412032],[-13.311386,41.412806],[-13.31192,41.41358],[-13.312454,41.414352],[-13.312988,41.415125],[-13.313522,41.415899],[-13.314056,41.416671],[-13.31459,41.417444],[-13.315124,41.418218],[-13.315658,41.418991],[-13.316182,41.41975],[-13.316714,41.42052],[-13.317775,41.422061],[-13.318305,41.422832],[-13.320422,41.425916],[-13.320951,41.426687],[-13.322007,41.42823],[-13.322534,41.429001],[-13.326748,41.435178],[-13.327274,41.43595],[-13.328325,41.437494],[-13.328849,41.438267],[-13.330946,41.441358],[-13.331469,41.442131],[-13.332514,41.443677],[-13.333036,41.444449],[-13.341384,41.456835],[-13.342425,41.458382],[-13.344501,41.461482],[-13.345536,41.463032],[-13.349669,41.46924],[-13.350699,41.470792],[-13.352207,41.47307],[-13.352755,41.473899],[-13.35378,41.475452],[-13.361965,41.487901],[-13.362985,41.489457],[-13.36502,41.492571],[-13.366035,41.494129],[-13.368581,41.498051],[-13.370086,41.500369],[-13.371096,41.501928],[-13.37311,41.505051],[-13.374114,41.506612],[-13.382135,41.519123],[-13.383134,41.520686],[-13.385128,41.523816],[-13.386122,41.525382],[-13.390091,41.531652],[-13.39108,41.533219],[-13.393053,41.536357],[-13.394036,41.537926],[-13.401891,41.550497],[-13.40287,41.552068],[-13.404822,41.555213],[-13.405796,41.556786],[-13.409681,41.563086],[-13.410649,41.564661],[-13.412581,41.567813],[-13.413543,41.56939],[-13.421232,41.58202],[-13.422189,41.583598],[-13.4241,41.586758],[-13.425053,41.588338],[-13.428854,41.594667],[-13.429802,41.59625],[-13.431691,41.599417],[-13.432633,41.601001],[-13.440154,41.613689],[-13.44109,41.615274],[-13.442959,41.618449],[-13.443891,41.620036],[-13.447608,41.626394],[-13.448534,41.627983],[-13.450382,41.631165],[-13.451303,41.632755],[-13.458654,41.6455],[-13.459555,41.647067],[-13.461353,41.650204],[-13.462249,41.651773],[-13.465824,41.658056],[-13.466714,41.659626],[-13.468491,41.66277],[-13.469376,41.664342],[-13.476445,41.676935],[-13.477543,41.678899],[-13.479731,41.68283],[-13.480821,41.684797],[-13.485165,41.692672],[-13.486247,41.694642],[-13.488403,41.698584],[-13.489477,41.700557],[-13.49128,41.703885],[-13.491915,41.705058],[-13.492972,41.707015],[-13.493604,41.708187],[-13.503794,41.727116],[-13.504214,41.727896],[-13.505053,41.72946],[-13.505472,41.730242],[-13.507146,41.733373],[-13.508394,41.735719],[-13.510877,41.740413],[-13.512112,41.742762],[-13.515389,41.749024],[-13.516195,41.75057],[-13.517803,41.753665],[-13.518624,41.75525],[-13.528364,41.774132],[-13.529572,41.776487],[-13.531979,41.781203],[-13.533176,41.783562],[-13.537944,41.793009],[-13.538683,41.794478],[-13.53913,41.795371],[-13.54149,41.800101],[-13.542664,41.802466],[-13.552017,41.821415],[-13.55318,41.823783],[-13.555494,41.828525],[-13.556645,41.830897],[-13.561229,41.840397],[-13.562368,41.842772],[-13.564636,41.847527],[-13.565764,41.849905],[-13.574747,41.868956],[-13.575863,41.871337],[-13.578085,41.876104],[-13.579189,41.878488],[-13.583587,41.888037],[-13.58468,41.890425],[-13.586855,41.895204],[-13.587936,41.897594],[-13.596545,41.916743],[-13.597615,41.919136],[-13.599743,41.923927],[-13.600801,41.926324],[-13.605012,41.935921],[-13.606058,41.93832],[-13.608139,41.943123],[-13.609173,41.945525],[-13.617407,41.964767],[-13.618429,41.967171],[-13.620464,41.971986],[-13.621475,41.974394],[-13.625497,41.984036],[-13.626496,41.986447],[-13.628482,41.991273],[-13.629469,41.993685],[-13.637324,42.013017],[-13.637813,42.014223],[-13.638788,42.016639],[-13.639274,42.017847],[-13.641214,42.022684],[-13.641698,42.023893],[-13.642661,42.026312],[-13.643141,42.027521],[-13.646975,42.037208],[-13.647452,42.038419],[-13.648404,42.040841],[-13.648878,42.042052],[-13.650657,42.04695],[-13.651149,42.048154],[-13.651555,42.04915],[-13.652113,42.050567],[-13.652588,42.051778],[-13.652936,42.052607],[-13.653267,42.053455],[-13.653597,42.054304],[-13.653928,42.055152],[-13.654259,42.056],[-13.654589,42.056849],[-13.65492,42.057697],[-13.655251,42.058545],[-13.655582,42.059395],[-13.655912,42.060243],[-13.656243,42.06109],[-13.656573,42.061939],[-13.656896,42.06279],[-13.657219,42.063641],[-13.657542,42.064492],[-13.657865,42.065344],[-13.658188,42.066195],[-13.658511,42.067046],[-13.658834,42.067899],[-13.659157,42.06875],[-13.659479,42.0696],[-13.659802,42.070451],[-13.660125,42.071303],[-13.660448,42.072154],[-13.660771,42.073005],[-13.661094,42.073857],[-13.661417,42.074708],[-13.66174,42.075559],[-13.662063,42.076411],[-13.662348,42.077212],[-13.662689,42.078118],[-13.662984,42.078977],[-13.663282,42.079836],[-13.66361,42.080684],[-13.663927,42.081536],[-13.664237,42.082391],[-13.664749,42.083173],[-13.66516,42.084242],[-13.665978,42.08638],[-13.666386,42.08745],[-13.668013,42.091728],[-13.668418,42.092798],[-13.669227,42.094937],[-13.66963,42.096007],[-13.672848,42.104572],[-13.673248,42.105642],[-13.674047,42.107783],[-13.674446,42.108854],[-13.676035,42.113139],[-13.676431,42.11421],[-13.677221,42.116352],[-13.677614,42.117423],[-13.683901,42.134584],[-13.684682,42.136728],[-13.686234,42.141021],[-13.687005,42.143167],[-13.690074,42.151762],[-13.690836,42.153911],[-13.692351,42.158211],[-13.693103,42.160361],[-13.699091,42.177582],[-13.699834,42.179733],[-13.701311,42.184041],[-13.702045,42.186195],[-13.704964,42.194819],[-13.705688,42.196974],[-13.707128,42.201289],[-13.707843,42.203446],[-13.71353,42.220724],[-13.714154,42.222632],[-13.715396,42.226453],[-13.716013,42.228364],[-13.718469,42.236014],[-13.719078,42.237926],[-13.720291,42.241753],[-13.720893,42.243665],[-13.725686,42.258988],[-13.726281,42.260902],[-13.727464,42.264735],[-13.728052,42.266651],[-13.730389,42.274323],[-13.73097,42.276241],[-13.732123,42.280078],[-13.732696,42.281997],[-13.736693,42.295477],[-13.737189,42.29716],[-13.738176,42.30053],[-13.738667,42.302215],[-13.740619,42.30896],[-13.741104,42.310647],[-13.742069,42.314024],[-13.742549,42.315712],[-13.74635,42.329177],[-13.746828,42.330883],[-13.747779,42.334295],[-13.748252,42.336002],[-13.75002,42.342428],[-13.750459,42.344036],[-13.751333,42.347254],[-13.751768,42.348862],[-13.755413,42.362447],[-13.755646,42.363317],[-13.756092,42.364994],[-13.756793,42.36765],[-13.757142,42.368978],[-13.758896,42.375689],[-13.759331,42.377366],[-13.760197,42.380722],[-13.760626,42.3824],[-13.764043,42.395837],[-13.764273,42.396744],[-13.764467,42.397516],[-13.76531,42.400875],[-13.765729,42.402555],[-13.767391,42.409279],[-13.767804,42.410959],[-13.768624,42.414322],[-13.769031,42.416003],[-13.772266,42.429465],[-13.772667,42.431146],[-13.773464,42.434512],[-13.77386,42.436195],[-13.775432,42.442931],[-13.775821,42.444614],[-13.776596,42.447983],[-13.77698,42.449667],[-13.780032,42.463152],[-13.78041,42.464837],[-13.781162,42.468208],[-13.781535,42.469894],[-13.783015,42.476641],[-13.783382,42.478328],[-13.78411,42.481702],[-13.784471,42.483389],[-13.78734,42.496896],[-13.787696,42.498583],[-13.788402,42.50196],[-13.788751,42.503649],[-13.79014,42.510407],[-13.790484,42.512096],[-13.791166,42.515475],[-13.791504,42.517165],[-13.79419,42.530693],[-13.794522,42.532383],[-13.795182,42.535765],[-13.795508,42.537456],[-13.796805,42.544224],[-13.797126,42.545915],[-13.797762,42.5493],[-13.798077,42.550992],[-13.800578,42.564539],[-13.800888,42.566232],[-13.801501,42.569618],[-13.801805,42.571312],[-13.803009,42.578089],[-13.803307,42.579783],[-13.803897,42.583172],[-13.804189,42.584866],[-13.806504,42.598432],[-13.806791,42.600126],[-13.807358,42.603517],[-13.807638,42.605213],[-13.80875,42.611999],[-13.809025,42.613695],[-13.809568,42.617088],[-13.809837,42.618784],[-13.811967,42.632367],[-13.81223,42.634063],[-13.812751,42.637458],[-13.813009,42.639156],[-13.814027,42.64595],[-13.814279,42.647648],[-13.814776,42.651045],[-13.815022,42.652743],[-13.816966,42.666341],[-13.817205,42.668039],[-13.81768,42.671438],[-13.817914,42.673137],[-13.818839,42.679939],[-13.819067,42.681638],[-13.819518,42.685039],[-13.81974,42.686739],[-13.821498,42.70035],[-13.821714,42.70205],[-13.822142,42.705453],[-13.822352,42.707154],[-13.823184,42.713962],[-13.823389,42.715663],[-13.823793,42.719067],[-13.823992,42.720768],[-13.825562,42.734392],[-13.825893,42.737338],[-13.826537,42.743232],[-13.82685,42.746179],[-13.828068,42.757974],[-13.828364,42.760921],[-13.828937,42.766818],[-13.829209,42.769706],[-13.829648,42.774505],[-13.829887,42.776851],[-13.83026,42.780518],[-13.830502,42.782953],[-13.830974,42.787822],[-13.831204,42.790257],[-13.831286,42.791153],[-13.831368,42.792049],[-13.831449,42.792945],[-13.831533,42.79384],[-13.831615,42.794737],[-13.831698,42.795634],[-13.83178,42.79653],[-13.831862,42.797426],[-13.831945,42.798323],[-13.832027,42.799219],[-13.832129,42.800341],[-13.83233,42.802586],[-13.83243,42.803708],[-13.832822,42.808197],[-13.832918,42.809319],[-13.833109,42.811564],[-13.833204,42.812687],[-13.833278,42.813586],[-13.833352,42.814485],[-13.833427,42.81538],[-13.833501,42.816277],[-13.833575,42.817173],[-13.833649,42.818069],[-13.83372,42.81892],[-13.834292,42.825014],[-13.834561,42.827974],[-13.834639,42.82887],[-13.834718,42.829764],[-13.834796,42.83066],[-13.834875,42.831557],[-13.834953,42.832452],[-13.835032,42.833348],[-13.83511,42.834244],[-13.835189,42.835139],[-13.835267,42.836034],[-13.835346,42.836929],[-13.835425,42.837826],[-13.835503,42.838722],[-13.835582,42.839617],[-13.83566,42.840513],[-13.835739,42.841408],[-13.835817,42.842303],[-13.835896,42.843198],[-13.835975,42.844095],[-13.836053,42.844991],[-13.836132,42.845886],[-13.83621,42.846782],[-13.836289,42.847678],[-13.836367,42.848572],[-13.836446,42.849468],[-13.836525,42.850364],[-13.836603,42.85126],[-13.836682,42.852156],[-13.836761,42.853051],[-13.836839,42.853947],[-13.836918,42.854841],[-13.836996,42.855737],[-13.837075,42.856634],[-13.837154,42.857529],[-13.837232,42.858425],[-13.837311,42.85932],[-13.83739,42.860216],[-13.837468,42.86111],[-13.837547,42.862006],[-13.837625,42.862903],[-13.837704,42.863799],[-13.837783,42.864694],[-13.837861,42.86559],[-13.83794,42.866485],[-13.838019,42.86738],[-13.838097,42.868275],[-13.838176,42.869172],[-13.83824,42.869903],[-13.839474,42.881021],[-13.839766,42.883723],[-13.840351,42.889268],[-13.840636,42.89204],[-13.84174,42.903101],[-13.842008,42.905866],[-13.842528,42.911397],[-13.842781,42.914162],[-13.844067,42.928685],[-13.844224,42.930496],[-13.844531,42.93412],[-13.844682,42.935932],[-13.84527,42.943184],[-13.845414,42.944996],[-13.845694,42.948621],[-13.845831,42.950433],[-13.846902,42.964942],[-13.847033,42.96676],[-13.847288,42.970398],[-13.847412,42.972217],[-13.847895,42.979495],[-13.848012,42.981314],[-13.84824,42.984953],[-13.848351,42.986771],[-13.849209,43.001334],[-13.849312,43.003139],[-13.849512,43.006751],[-13.849608,43.008557],[-13.849981,43.015783],[-13.850072,43.017611],[-13.850247,43.021267],[-13.850331,43.023095],[-13.850976,43.037685],[-13.851053,43.039501],[-13.8512,43.043137],[-13.85127,43.044954],[-13.851537,43.052227],[-13.8516,43.054014],[-13.851718,43.057587],[-13.851776,43.059434],[-13.852204,43.074047],[-13.852254,43.075864],[-13.852348,43.0795],[-13.852391,43.081318],[-13.85255,43.088593],[-13.852587,43.090411],[-13.852653,43.094047],[-13.852682,43.095788],[-13.852894,43.110417],[-13.852917,43.112234],[-13.852956,43.115871],[-13.852972,43.117689],[-13.853024,43.124965],[-13.853033,43.126782],[-13.853046,43.130419],[-13.853048,43.132237],[-13.853043,43.14679],[-13.853039,43.148607],[-13.853025,43.152244],[-13.853014,43.154062],[-13.852957,43.161338],[-13.85294,43.163155],[-13.852898,43.166792],[-13.852873,43.168609],[-13.852652,43.183162],[-13.852621,43.184979],[-13.852552,43.188615],[-13.852514,43.190433],[-13.852349,43.197708],[-13.852304,43.199525],[-13.852208,43.203161],[-13.852157,43.204978],[-13.851718,43.219528],[-13.85166,43.221345],[-13.851537,43.22498],[-13.851472,43.226798],[-13.851198,43.23407],[-13.851126,43.235888],[-13.850976,43.239523],[-13.850898,43.241339],[-13.850242,43.255884],[-13.850156,43.2577],[-13.849979,43.261335],[-13.849887,43.263151],[-13.849504,43.270422],[-13.849405,43.272238],[-13.849201,43.275872],[-13.849095,43.277687],[-13.848221,43.292226],[-13.848109,43.294042],[-13.847877,43.297675],[-13.847758,43.29949],[-13.847266,43.306757],[-13.84714,43.308572],[-13.846881,43.312204],[-13.846748,43.314019],[-13.845657,43.32855],[-13.845517,43.330364],[-13.845231,43.333995],[-13.845084,43.33581],[-13.844484,43.343072],[-13.844331,43.344886],[-13.844017,43.348516],[-13.843857,43.35033],[-13.842547,43.364851],[-13.84238,43.366664],[-13.842039,43.370292],[-13.841865,43.372106],[-13.841156,43.379362],[-13.840975,43.381176],[-13.840607,43.384802],[-13.839985,43.390593],[-13.839034,43.398965],[-13.838907,43.400194],[-13.838812,43.401102],[-13.83843,43.404728],[-13.838334,43.405629],[-13.837557,43.412884],[-13.837233,43.415815],[-13.836823,43.419439],[-13.836285,43.423991],[-13.835289,43.4321],[-13.834535,43.43795],[-13.834427,43.438749],[-13.833787,43.444632],[-13.832856,43.451899],[-13.832619,43.453719],[-13.832418,43.455244],[-13.831773,43.460282],[-13.831537,43.462096],[-13.831059,43.46572],[-13.830817,43.467532],[-13.82885,43.482025],[-13.828601,43.483835],[-13.828096,43.487456],[-13.82784,43.489266],[-13.826802,43.496508],[-13.826539,43.498317],[-13.826007,43.501936],[-13.825737,43.503744],[-13.823553,43.518209],[-13.823278,43.520007],[-13.822721,43.523604],[-13.822439,43.525402],[-13.821298,43.532597],[-13.821009,43.534394],[-13.820425,43.537989],[-13.82013,43.539785],[-13.817738,43.554166],[-13.817433,43.555978],[-13.816816,43.559604],[-13.816505,43.561416],[-13.815243,43.568665],[-13.814924,43.570477],[-13.81428,43.574099],[-13.813954,43.575909],[-13.81132,43.590401],[-13.810994,43.592171],[-13.810337,43.595712],[-13.810005,43.597482],[-13.808665,43.60456],[-13.808314,43.606392],[-13.807606,43.610055],[-13.807249,43.611885],[-13.804381,43.626419],[-13.804023,43.628218],[-13.803299,43.631817],[-13.802933,43.633616],[-13.801458,43.640812],[-13.801103,43.642524],[-13.800391,43.645937],[-13.799994,43.647817],[-13.796895,43.66238],[-13.796508,43.664178],[-13.79573,43.66777],[-13.795337,43.669565],[-13.793752,43.676749],[-13.793352,43.678543],[-13.792546,43.682132],[-13.792191,43.683703],[-13.788859,43.698281],[-13.788446,43.700074],[-13.787612,43.70366],[-13.787192,43.705452],[-13.785497,43.712622],[-13.785071,43.714413],[-13.78421,43.717995],[-13.783776,43.719785],[-13.780276,43.734114],[-13.779836,43.735903],[-13.778947,43.739482],[-13.7785,43.74127],[-13.776695,43.748427],[-13.776241,43.750214],[-13.775325,43.75379],[-13.774864,43.755576],[-13.771145,43.769875],[-13.770677,43.771661],[-13.769734,43.775232],[-13.769259,43.777017],[-13.767345,43.784159],[-13.766863,43.785943],[-13.765892,43.78951],[-13.765404,43.791293],[-13.761465,43.805562],[-13.76097,43.807343],[-13.759972,43.810907],[-13.75947,43.812688],[-13.757446,43.819814],[-13.756937,43.821594],[-13.755912,43.825154],[-13.755396,43.826932],[-13.751238,43.841169],[-13.750715,43.842946],[-13.749663,43.846502],[-13.749133,43.848279],[-13.747,43.855388],[-13.746463,43.857164],[-13.745383,43.860715],[-13.74484,43.862489],[-13.740463,43.876692],[-13.739913,43.878465],[-13.738806,43.882012],[-13.738249,43.883784],[-13.736006,43.890876],[-13.735442,43.892647],[-13.734307,43.89619],[-13.733737,43.89796],[-13.729141,43.912126],[-13.728564,43.913895],[-13.727402,43.917433],[-13.726817,43.919201],[-13.724465,43.926274],[-13.723874,43.928041],[-13.722685,43.931574],[-13.722087,43.933339],[-13.717273,43.947468],[-13.716668,43.949232],[-13.715451,43.952761],[-13.714839,43.954524],[-13.712378,43.961578],[-13.711759,43.96334],[-13.710515,43.966863],[-13.70989,43.968623],[-13.704857,43.982713],[-13.704225,43.984472],[-13.702954,43.987991],[-13.702315,43.989749],[-13.699744,43.996782],[-13.699098,43.998539],[-13.6978,44.002053],[-13.697148,44.003808],[-13.691896,44.017856],[-13.691237,44.01961],[-13.689911,44.023118],[-13.689245,44.024871],[-13.686565,44.031884],[-13.685892,44.033636],[-13.684539,44.037139],[-13.683859,44.038888],[-13.67839,44.052894],[-13.677704,44.054643],[-13.676323,44.05814],[-13.67563,44.059887],[-13.672841,44.066878],[-13.672141,44.068625],[-13.670733,44.072116],[-13.670027,44.073861],[-13.66434,44.087822],[-13.663637,44.089539],[-13.662223,44.092973],[-13.661514,44.094689],[-13.65866,44.101554],[-13.657944,44.103268],[-13.656504,44.106697],[-13.655781,44.10841],[-13.649969,44.122115],[-13.649218,44.123877],[-13.647708,44.127402],[-13.64695,44.129163],[-13.643901,44.136208],[-13.643136,44.137968],[-13.641598,44.141486],[-13.640826,44.143244],[-13.634612,44.15732],[-13.633937,44.158843],[-13.632581,44.161889],[-13.6319,44.163411],[-13.629166,44.1695],[-13.628386,44.17123],[-13.626817,44.174689],[-13.626011,44.17646],[-13.625449,44.177687],[-13.618931,44.191898],[-13.618134,44.193626],[-13.616537,44.197075],[-13.615735,44.198799],[-13.612512,44.205694],[-13.61199,44.206807],[-13.610943,44.209033],[-13.61013,44.210755],[-13.609553,44.211972],[-13.609264,44.212579],[-13.602709,44.226345],[-13.601887,44.228063],[-13.600236,44.2315],[-13.599407,44.233217],[-13.596076,44.240086],[-13.59524,44.241801],[-13.593526,44.245305],[-13.59272,44.246945],[-13.58595,44.260657],[-13.585101,44.262369],[-13.583395,44.265792],[-13.582539,44.267502],[-13.579101,44.274344],[-13.578238,44.276053],[-13.576506,44.279469],[-13.575637,44.281176],[-13.568651,44.294833],[-13.567775,44.296538],[-13.566016,44.299947],[-13.565133,44.301651],[-13.561587,44.308465],[-13.560698,44.310166],[-13.558912,44.313569],[-13.558016,44.315268],[-13.550815,44.328869],[-13.549913,44.330567],[-13.5481,44.333962],[-13.54719,44.335658],[-13.543537,44.342443],[-13.54262,44.344138],[-13.540781,44.347526],[-13.539858,44.349218],[-13.532443,44.36276],[-13.531514,44.364451],[-13.529647,44.367831],[-13.528711,44.36952],[-13.52495,44.376276],[-13.524007,44.377963],[-13.522114,44.381336],[-13.521165,44.383021],[-13.513536,44.396503],[-13.51258,44.398186],[-13.51066,44.401551],[-13.509697,44.403232],[-13.50583,44.409958],[-13.50486,44.411637],[-13.502914,44.414995],[-13.501938,44.416672],[-13.494096,44.430092],[-13.493113,44.431767],[-13.49114,44.435117],[-13.490151,44.436791],[-13.486177,44.443484],[-13.485181,44.445156],[-13.483181,44.448498],[-13.482179,44.450167],[-13.474124,44.463524],[-13.473115,44.465191],[-13.471089,44.468525],[-13.470073,44.470191],[-13.465993,44.476852],[-13.46497,44.478516],[-13.462918,44.481842],[-13.461889,44.483503],[-13.453622,44.496795],[-13.452586,44.498454],[-13.450507,44.501771],[-13.449465,44.503428],[-13.445279,44.510057],[-13.44423,44.511712],[-13.442124,44.515021],[-13.441069,44.516674],[-13.432591,44.529899],[-13.431529,44.53155],[-13.429397,44.53485],[-13.428328,44.536499],[-13.424037,44.543094],[-13.422962,44.544741],[-13.420804,44.548033],[-13.419722,44.549677],[-13.411034,44.562834],[-13.409946,44.564476],[-13.407761,44.567759],[-13.406666,44.569399],[-13.40227,44.575959],[-13.401168,44.577597],[-13.398958,44.580872],[-13.39785,44.582508],[-13.388952,44.595594],[-13.387837,44.597227],[-13.3856,44.600493],[-13.384479,44.602124],[-13.379978,44.608649],[-13.37885,44.610278],[-13.376587,44.613535],[-13.375453,44.615161],[-13.366346,44.628176],[-13.365281,44.629693],[-13.363144,44.632727],[-13.362072,44.634243],[-13.357774,44.640304],[-13.356697,44.641818],[-13.354537,44.644844],[-13.353455,44.646355],[-13.344766,44.658448],[-13.3427,44.661305],[-13.338548,44.667014],[-13.336278,44.669779],[-13.328042,44.681233],[-13.325942,44.684075],[-13.321724,44.689767],[-13.31959,44.692605],[-13.316913,44.696121],[-13.316496,44.696683],[-13.315993,44.697361],[-13.315489,44.69804],[-13.314986,44.698718],[-13.314482,44.699397],[-13.313978,44.700076],[-13.313498,44.700766],[-13.312985,44.701438],[-13.312491,44.70212],[-13.311984,44.70279],[-13.311612,44.703583],[-13.311119,44.70427],[-13.310626,44.704957],[-13.310134,44.705644],[-13.309641,44.70633],[-13.309149,44.707018],[-13.308656,44.707704],[-13.308164,44.708391],[-13.307671,44.709078],[-13.307179,44.709765],[-13.306686,44.710452],[-13.306193,44.711139],[-13.305701,44.711825],[-13.305208,44.712513],[-13.304716,44.7132],[-13.304224,44.713886],[-13.30373,44.714574],[-13.303239,44.71526],[-13.302746,44.715947],[-13.302253,44.716634],[-13.301761,44.717321],[-13.301268,44.718007],[-13.300776,44.718694],[-13.300283,44.719381],[-13.299791,44.720068],[-13.299298,44.720756],[-13.298806,44.721442],[-13.298313,44.722129],[-13.297821,44.722816],[-13.297328,44.723503],[-13.296837,44.724188],[-13.296343,44.724877],[-13.29585,44.725564],[-13.295358,44.72625],[-13.294866,44.726937],[-13.294374,44.727623],[-13.293881,44.728311],[-13.293389,44.728997],[-13.292896,44.729685],[-13.292403,44.730372],[-13.291911,44.731058],[-13.291419,44.731745],[-13.290926,44.732432],[-13.290433,44.733119],[-13.289941,44.733806],[-13.289448,44.734493],[-13.288956,44.735179],[-13.288464,44.735865],[-13.287971,44.736554],[-13.287479,44.73724],[-13.286987,44.737927],[-13.286494,44.738614],[-13.286001,44.739301],[-13.285509,44.739987],[-13.285017,44.740673],[-13.284523,44.741362],[-13.284032,44.742048],[-13.283539,44.742735],[-13.283047,44.743422],[-13.282554,44.744109],[-13.282062,44.744796],[-13.281569,44.745483],[-13.281076,44.74617],[-13.280585,44.746856],[-13.280093,44.747542],[-13.2796,44.74823],[-13.279107,44.748917],[-13.278615,44.749604],[-13.278122,44.750291],[-13.27763,44.750977],[-13.277138,44.751664],[-13.276645,44.752352],[-13.276153,44.753038],[-13.275662,44.753723],[-13.27514,44.754451],[-13.274295,44.755628],[-13.273206,44.757146],[-13.271974,44.75886],[-13.271393,44.759667],[-13.27025,44.761252],[-13.269677,44.762045],[-13.26741,44.765178],[-13.266842,44.76596],[-13.265706,44.767526],[-13.265137,44.768307],[-13.260577,44.774565],[-13.259931,44.77545],[-13.258637,44.77722],[-13.257988,44.778105],[-13.255391,44.781643],[-13.254741,44.782527],[-13.253438,44.784295],[-13.252777,44.785189],[-13.252017,44.786217],[-13.251412,44.787034],[-13.241723,44.800105],[-13.240838,44.801297],[-13.239063,44.803679],[-13.238174,44.80487],[-13.234608,44.809631],[-13.233403,44.811234],[-13.230987,44.814438],[-13.229776,44.816039],[-13.228522,44.817692],[-13.228209,44.818104],[-13.227581,44.818929],[-13.227268,44.819341],[-13.217524,44.83213],[-13.216005,44.834116],[-13.212955,44.838085],[-13.208639,44.84364],[-13.204457,44.848959],[-13.202189,44.851895],[-13.200615,44.853918],[-13.199827,44.854929],[-13.193477,44.863055],[-13.192339,44.864507],[-13.190056,44.86741],[-13.188913,44.86886],[-13.183896,44.875202],[-13.183336,44.875909],[-13.182457,44.877015],[-13.179569,44.880638],[-13.178121,44.882448],[-13.173851,44.887766],[-13.171516,44.890656],[-13.166825,44.896428],[-13.165852,44.897619],[-13.165142,44.898506],[-13.15654,44.909157],[-13.152204,44.914468],[-13.141845,44.927017],[-13.140548,44.928583],[-13.137946,44.931714],[-13.136643,44.933278],[-13.131413,44.939531],[-13.130103,44.941092],[-13.127476,44.944213],[-13.12616,44.945771],[-13.115598,44.958237],[-13.114276,44.959793],[-13.111623,44.962903],[-13.110295,44.964456],[-13.104963,44.970667],[-13.103628,44.972218],[-13.100951,44.975317],[-13.09961,44.976865],[-13.088846,44.989246],[-13.087498,44.990791],[-13.084795,44.99388],[-13.083441,44.995422],[-13.078009,45.00159],[-13.076649,45.00313],[-13.073921,45.006208],[-13.072555,45.007745],[-13.06159,45.02004],[-13.060217,45.021574],[-13.057464,45.024641],[-13.056085,45.026172],[-13.050553,45.032297],[-13.049168,45.033826],[-13.04639,45.036882],[-13.044999,45.038408],[-13.033834,45.050614],[-13.032436,45.052137],[-13.029633,45.055182],[-13.028229,45.056702],[-13.022597,45.062782],[-13.021187,45.0643],[-13.01836,45.067334],[-13.016944,45.068848],[-13.00558,45.080965],[-13.004157,45.082477],[-13.001305,45.085499],[-12.999876,45.087008],[-12.994145,45.093043],[-12.99271,45.09455],[-12.989833,45.097561],[-12.988392,45.099064],[-12.976831,45.111089],[-12.975384,45.112589],[-12.972482,45.115589],[-12.971028,45.117086],[-12.965199,45.123075],[-12.963739,45.12457],[-12.960813,45.127558],[-12.959348,45.12905],[-12.94759,45.140982],[-12.946118,45.14247],[-12.943168,45.145446],[-12.94169,45.146933],[-12.935762,45.152874],[-12.934278,45.154358],[-12.931303,45.157322],[-12.929814,45.158802],[-12.91786,45.17064],[-12.916364,45.172116],[-12.913365,45.175069],[-12.911863,45.176543],[-12.905838,45.182437],[-12.90433,45.183909],[-12.901306,45.186849],[-12.899792,45.188317],[-12.887645,45.200058],[-12.886125,45.201523],[-12.883077,45.204451],[-12.881551,45.205914],[-12.875429,45.21176],[-12.873897,45.213219],[-12.870825,45.216135],[-12.869287,45.217591],[-12.856947,45.229235],[-12.855579,45.230522],[-12.852836,45.233097],[-12.851463,45.234382],[-12.845956,45.239523],[-12.844578,45.240806],[-12.841817,45.243371],[-12.840434,45.244651],[-12.829345,45.254895],[-12.82778,45.256337],[-12.824641,45.259219],[-12.823069,45.260658],[-12.816766,45.266411],[-12.815188,45.267848],[-12.812025,45.270718],[-12.810421,45.272169],[-12.808628,45.273787],[-12.807199,45.275074],[-12.79412,45.286841],[-12.793256,45.287616],[-12.791531,45.289163],[-12.790668,45.289936],[-12.78721,45.293027],[-12.785611,45.294452],[-12.782406,45.297299],[-12.780801,45.298721],[-12.777852,45.301326],[-12.777115,45.301977],[-12.775639,45.303277],[-12.774902,45.303926],[-12.761992,45.315268],[-12.760957,45.316176],[-12.758882,45.317991],[-12.757262,45.319405],[-12.756099,45.320417],[-12.755517,45.320923],[-12.749015,45.326568],[-12.747388,45.327976],[-12.744127,45.330792],[-12.742494,45.332197],[-12.729397,45.343435],[-12.728721,45.344014],[-12.727758,45.344837],[-12.724474,45.347639],[-12.722829,45.349038],[-12.716234,45.354631],[-12.714584,45.356026],[-12.711276,45.358815],[-12.70962,45.360207],[-12.696337,45.371341],[-12.694675,45.372729],[-12.691344,45.375505],[-12.689676,45.376891],[-12.68299,45.38243],[-12.681316,45.383813],[-12.677962,45.386575],[-12.676283,45.387954],[-12.662816,45.398981],[-12.661131,45.400356],[-12.657754,45.403105],[-12.656063,45.404477],[-12.649284,45.409963],[-12.647588,45.411332],[-12.644188,45.414068],[-12.642486,45.415433],[-12.628836,45.426352],[-12.627129,45.427713],[-12.623706,45.430435],[-12.621992,45.431794],[-12.615123,45.437225],[-12.613404,45.438581],[-12.609959,45.441289],[-12.608234,45.442641],[-12.594403,45.45345],[-12.592673,45.454798],[-12.589205,45.457492],[-12.587469,45.458837],[-12.580509,45.464214],[-12.578767,45.465555],[-12.575277,45.468236],[-12.57353,45.469574],[-12.559519,45.480272],[-12.557767,45.481606],[-12.554254,45.484272],[-12.552495,45.485604],[-12.545446,45.490924],[-12.543682,45.492252],[-12.540147,45.494904],[-12.538378,45.496228],[-12.524189,45.506814],[-12.522415,45.508134],[-12.518857,45.510772],[-12.517077,45.512089],[-12.509939,45.517353],[-12.508153,45.518667],[-12.504574,45.521291],[-12.502783,45.522601],[-12.488417,45.533073],[-12.486621,45.534378],[-12.48302,45.536988],[-12.481217,45.538291],[-12.473991,45.543498],[-12.472183,45.544797],[-12.468561,45.547392],[-12.466748,45.548688],[-12.452208,45.559044],[-12.450389,45.560336],[-12.446744,45.562917],[-12.44492,45.564205],[-12.437607,45.569354],[-12.435777,45.570638],[-12.432112,45.573205],[-12.430277,45.574486],[-12.415564,45.584726],[-12.413715,45.586008],[-12.409905,45.588644],[-12.408466,45.589661],[-12.406621,45.590964],[-12.399305,45.596113],[-12.397474,45.597397],[-12.393807,45.599964],[-12.391971,45.601245],[-12.377252,45.611485],[-12.375411,45.612762],[-12.371721,45.615314],[-12.369875,45.616588],[-12.362473,45.621678],[-12.360621,45.622948],[-12.35691,45.625485],[-12.355053,45.626751],[-12.340162,45.636874],[-12.338295,45.638139],[-12.334552,45.640669],[-12.332678,45.641931],[-12.32517,45.646976],[-12.323291,45.648235],[-12.319527,45.65075],[-12.317644,45.652004],[-12.30254,45.662036],[-12.300651,45.663286],[-12.296866,45.665786],[-12.294971,45.667033],[-12.287378,45.672018],[-12.285478,45.673261],[-12.281672,45.675746],[-12.279767,45.676985],[-12.264452,45.686923],[-12.263486,45.687548],[-12.261552,45.688799],[-12.260585,45.689424],[-12.256709,45.691924],[-12.25574,45.692548],[-12.2538,45.693795],[-12.25283,45.694418],[-12.245055,45.699403],[-12.244084,45.700025],[-12.242138,45.701269],[-12.241164,45.701891],[-12.237266,45.704375],[-12.236292,45.704996],[-12.23434,45.706236],[-12.233364,45.706855],[-12.23277,45.707232],[-12.232165,45.707615],[-12.230954,45.708381],[-12.230348,45.708764],[-12.227924,45.710295],[-12.227318,45.710677],[-12.226105,45.711441],[-12.225499,45.711823],[-12.220642,45.714879],[-12.219676,45.715486],[-12.217742,45.716699],[-12.216775,45.717305],[-12.212901,45.719727],[-12.211933,45.720332],[-12.209994,45.721542],[-12.209024,45.722146],[-12.205959,45.724052],[-12.204878,45.724723],[-12.203075,45.725842],[-12.201995,45.726512],[-12.186276,45.736244],[-12.185751,45.736568],[-12.184699,45.737218],[-12.184173,45.737543],[-12.182065,45.738844],[-12.180118,45.740042],[-12.176217,45.742435],[-12.174265,45.743629],[-12.168563,45.747107],[-12.167372,45.747833],[-12.164987,45.749283],[-12.163558,45.750149],[-12.162972,45.750504],[-12.147153,45.760071],[-12.14519,45.761255],[-12.141256,45.76362],[-12.139287,45.764801],[-12.131397,45.769517],[-12.130634,45.769972],[-12.129423,45.770693],[-12.125469,45.773043],[-12.123491,45.774215],[-12.10763,45.783586],[-12.105646,45.784754],[-12.101673,45.787088],[-12.099684,45.788252],[-12.091714,45.792905],[-12.089721,45.794066],[-12.085727,45.796384],[-12.08373,45.797541],[-12.06771,45.806784],[-12.065707,45.807937],[-12.061694,45.810239],[-12.059685,45.811387],[-12.051638,45.815977],[-12.049624,45.817121],[-12.045592,45.819408],[-12.043575,45.820548],[-12.027399,45.829664],[-12.025377,45.8308],[-12.021325,45.83307],[-12.019297,45.834203],[-12.011172,45.838728],[-12.009139,45.839856],[-12.005068,45.84211],[-12.003031,45.843234],[-11.986702,45.852221],[-11.98466,45.853341],[-11.98057,45.855578],[-11.978523,45.856695],[-11.970321,45.861155],[-11.96827,45.862267],[-11.96416,45.864488],[-11.962105,45.865596],[-11.945624,45.874452],[-11.943563,45.875556],[-11.939435,45.877761],[-11.937369,45.878861],[-11.929092,45.883255],[-11.927021,45.884351],[-11.922874,45.88654],[-11.9208,45.887631],[-11.904169,45.896355],[-11.902089,45.897443],[-11.897924,45.899614],[-11.895839,45.900698],[-11.887488,45.905026],[-11.885399,45.906106],[-11.881215,45.908261],[-11.879122,45.909336],[-11.862343,45.917927],[-11.860245,45.918998],[-11.858183,45.920047],[-11.854149,45.922239],[-11.85174,45.923543],[-11.845977,45.926744],[-11.840932,45.929525],[-11.84016,45.929948],[-11.8394,45.930364],[-11.838642,45.930779],[-11.837886,45.931193],[-11.837126,45.931609],[-11.836368,45.932024],[-11.835609,45.932439],[-11.834851,45.932854],[-11.834091,45.933271],[-11.833334,45.933685],[-11.832578,45.934099],[-11.831819,45.934514],[-11.831059,45.934931],[-11.830299,45.935346],[-11.829541,45.935762],[-11.828784,45.936176],[-11.828026,45.936591],[-11.827268,45.937006],[-11.82651,45.937421],[-11.825751,45.937837],[-11.824992,45.938252],[-11.824233,45.938668],[-11.823474,45.939083],[-11.822717,45.939498],[-11.821959,45.939913],[-11.821183,45.940338],[-11.818567,45.941765],[-11.813326,45.944613],[-11.812035,45.945314],[-11.810872,45.945955],[-11.808817,45.947087],[-11.80779,45.947653],[-11.803675,45.949913],[-11.802646,45.950477],[-11.800587,45.951605],[-11.799557,45.952168],[-11.791308,45.956672],[-11.790278,45.957234],[-11.788213,45.958358],[-11.787181,45.958919],[-11.782981,45.96119],[-11.782005,45.961719],[-11.780611,45.962474],[-11.776091,45.964915],[-11.775572,45.965202],[-11.774816,45.965621],[-11.774059,45.966041],[-11.773305,45.966459],[-11.772549,45.966878],[-11.771791,45.967298],[-11.771036,45.967717],[-11.770282,45.968135],[-11.769522,45.968556],[-11.768766,45.968975],[-11.768013,45.969393],[-11.767257,45.969812],[-11.766499,45.970232],[-11.765742,45.970651],[-11.764987,45.97107],[-11.764232,45.971488],[-11.763475,45.971908],[-11.762705,45.972335],[-11.761932,45.972764],[-11.755657,45.976087],[-11.75142,45.978413],[-11.750567,45.978896],[-11.749714,45.979359],[-11.749106,45.979695],[-11.748348,45.980111],[-11.74759,45.980527],[-11.746833,45.980942],[-11.746076,45.981358],[-11.745317,45.981774],[-11.744559,45.98219],[-11.7438,45.982606],[-11.743041,45.983022],[-11.742285,45.983437],[-11.741528,45.983853],[-11.74077,45.984268],[-11.740011,45.984685],[-11.739252,45.985101],[-11.738492,45.985518],[-11.737732,45.985935],[-11.734713,45.987565],[-11.733943,45.987976],[-11.73318,45.988383],[-11.732436,45.98882],[-11.731672,45.989222],[-11.730907,45.989625],[-11.730141,45.990028],[-11.729377,45.990431],[-11.728629,45.990865],[-11.727861,45.991265],[-11.727095,45.991664],[-11.726347,45.99209],[-11.725579,45.992485],[-11.724823,45.992908],[-11.724053,45.993301],[-11.723381,45.993887],[-11.722623,45.994302],[-11.721864,45.994718],[-11.721107,45.995132],[-11.720352,45.995546],[-11.719588,45.995964],[-11.718831,45.996378],[-11.718072,45.996794],[-11.717315,45.997208],[-11.716555,45.997625],[-11.715799,45.998038],[-11.715041,45.998454],[-11.714281,45.998869],[-11.713524,45.999284],[-11.712764,45.9997],[-11.712005,46.000116],[-11.711249,46.00053],[-11.710492,46.000944],[-11.709733,46.00136],[-11.708973,46.001776],[-11.708216,46.002191],[-11.707459,46.002605],[-11.706699,46.003021],[-11.705941,46.003436],[-11.705185,46.00385],[-11.704427,46.004265],[-11.703666,46.004682],[-11.702907,46.005098],[-11.702149,46.005513],[-11.701392,46.005927],[-11.700632,46.006343],[-11.699876,46.006757],[-11.699118,46.007172],[-11.698359,46.007588],[-11.697601,46.008003],[-11.696841,46.008419],[-11.696083,46.008834],[-11.695326,46.009249],[-11.69457,46.009663],[-11.693811,46.010078],[-11.693051,46.010494],[-11.692293,46.010909],[-11.691536,46.011324],[-11.690776,46.01174],[-11.690018,46.012155],[-11.689262,46.012569],[-11.688504,46.012984],[-11.687744,46.0134],[-11.686985,46.013816],[-11.686228,46.014231],[-11.685469,46.014646],[-11.68471,46.015061],[-11.683954,46.015476],[-11.683198,46.01589],[-11.682437,46.016306],[-11.681678,46.016722],[-11.680921,46.017137],[-11.680162,46.017552],[-11.679404,46.017967],[-11.678647,46.018382],[-11.677889,46.018797],[-11.677129,46.019213],[-11.676372,46.019628],[-11.675611,46.020044],[-11.674848,46.020462],[-11.674071,46.020887],[-11.672802,46.021581],[-11.670263,46.022966],[-11.668993,46.023658],[-11.663906,46.026423],[-11.662634,46.027113],[-11.660088,46.028493],[-11.658815,46.029181],[-11.648613,46.034686],[-11.647338,46.035373],[-11.644785,46.036745],[-11.643509,46.03743],[-11.638394,46.04017],[-11.637116,46.040853],[-11.634557,46.042219],[-11.633278,46.042901],[-11.612756,46.053809],[-11.61019,46.055168],[-11.605047,46.057882],[-11.602472,46.059235],[-11.592155,46.064638],[-11.589574,46.065985],[-11.584403,46.068674],[-11.581815,46.070014],[-11.561064,46.08072],[-11.558469,46.082054],[-11.553269,46.084717],[-11.550666,46.086044],[-11.540236,46.091346],[-11.537626,46.092667],[-11.532398,46.095305],[-11.529783,46.096619],[-11.508807,46.107121],[-11.506184,46.108429],[-11.500928,46.11104],[-11.498297,46.112342],[-11.487755,46.11754],[-11.485117,46.118836],[-11.479834,46.121422],[-11.477191,46.122711],[-11.455994,46.133005],[-11.453343,46.134287],[-11.448032,46.136846],[-11.445374,46.138122],[-11.434723,46.143217],[-11.432058,46.144486],[-11.42672,46.14702],[-11.424049,46.148283],[-11.402636,46.158367],[-11.399049,46.160048],[-11.391862,46.163398],[-11.388264,46.165066],[-11.37384,46.171721],[-11.370229,46.173377],[-11.362996,46.17668],[-11.359376,46.178325],[-11.330337,46.191444],[-11.326704,46.193076],[-11.319423,46.196331],[-11.315779,46.197952],[-11.301168,46.204415],[-11.297512,46.206024],[-11.290186,46.20923],[-11.286521,46.210826],[-11.249675,46.22678],[-11.248686,46.227207],[-11.246703,46.228063],[-11.245711,46.22849],[-11.241737,46.2302],[-11.240744,46.230627],[-11.238756,46.23148],[-11.237762,46.231906],[-11.229796,46.235314],[-11.227638,46.236234],[-11.223318,46.23807],[-11.221157,46.238986],[-11.2125,46.242644],[-11.209241,46.244014],[-11.202713,46.246747],[-11.199445,46.248108],[-11.195057,46.249928],[-11.193961,46.250382],[-11.191766,46.251289],[-11.190669,46.251742],[-11.172411,46.259264],[-11.170099,46.260213],[-11.165631,46.262041],[-11.163395,46.262953],[-11.154089,46.266736],[-11.151995,46.267584],[-11.147429,46.269428],[-11.145145,46.270347],[-11.129954,46.27644],[-11.129006,46.27682],[-11.127107,46.277579],[-11.126157,46.277958],[-11.122355,46.279474],[-11.121405,46.279853],[-11.119503,46.280609],[-11.118552,46.280987],[-11.110934,46.284008],[-11.109982,46.284385],[-11.108077,46.285138],[-11.107124,46.285514],[-11.10331,46.287019],[-11.102356,46.287394],[-11.100447,46.288145],[-11.099493,46.288519],[-11.098661,46.288845],[-11.097838,46.289168],[-11.09702,46.289489],[-11.096201,46.28981],[-11.095385,46.29013],[-11.094565,46.290452],[-11.09375,46.290771],[-11.092934,46.291091],[-11.092118,46.291411],[-11.091302,46.291731],[-11.090487,46.292051],[-11.089671,46.292371],[-11.088854,46.292691],[-11.088037,46.293012],[-11.087221,46.293332],[-11.086407,46.293651],[-11.08559,46.293971],[-11.084775,46.294291],[-11.083957,46.294612],[-11.083139,46.294932],[-11.082321,46.295253],[-11.081497,46.295576],[-11.073368,46.298728],[-11.069802,46.300097],[-11.068768,46.300509],[-11.067952,46.300834],[-11.067137,46.301159],[-11.066327,46.301482],[-11.065473,46.301822],[-11.064614,46.302164],[-11.050312,46.307747],[-11.048762,46.308339],[-11.047897,46.308676],[-11.046991,46.309034],[-11.046182,46.309353],[-11.045361,46.309677],[-11.044546,46.309998],[-11.043721,46.310324],[-11.042253,46.310896],[-11.037957,46.312594],[-11.036985,46.312968],[-11.034494,46.313969],[-11.026016,46.317334],[-11.025186,46.317659],[-11.02437,46.317979],[-11.023556,46.318298],[-11.022741,46.318618],[-11.021923,46.318938],[-11.021108,46.319258],[-11.020291,46.319578],[-11.019474,46.319899],[-11.018659,46.320219],[-11.017841,46.320539],[-11.017025,46.320859],[-11.016211,46.321179],[-11.015394,46.321499],[-11.014577,46.321819],[-11.013762,46.322139],[-11.012945,46.322459],[-11.01213,46.322779],[-11.011312,46.3231],[-11.010478,46.323427],[-11.005013,46.325449],[-10.999067,46.327796],[-10.993382,46.330081],[-10.985171,46.333342],[-10.984217,46.333716],[-10.982221,46.334498],[-10.978224,46.336058],[-10.97621,46.336842],[-10.97566,46.337056],[-10.974111,46.337663],[-10.971879,46.338534],[-10.971046,46.338859],[-10.97021,46.339184],[-10.968417,46.339879],[-10.963332,46.341902],[-10.958278,46.343898],[-10.957448,46.344223],[-10.956628,46.344545],[-10.955811,46.344865],[-10.954994,46.345186],[-10.954177,46.345506],[-10.953362,46.345826],[-10.952547,46.346145],[-10.951733,46.346465],[-10.950916,46.346785],[-10.950098,46.347106],[-10.949281,46.347426],[-10.948464,46.347747],[-10.947648,46.348067],[-10.946834,46.348386],[-10.946019,46.348705],[-10.945203,46.349025],[-10.944388,46.349345],[-10.943572,46.349665],[-10.942753,46.349986],[-10.941937,46.350306],[-10.941119,46.350627],[-10.940303,46.350947],[-10.939485,46.351268],[-10.938665,46.35159],[-10.937836,46.351915],[-10.935952,46.352652],[-10.932181,46.354122],[-10.930295,46.354856],[-10.924936,46.356935],[-10.924505,46.357106],[-10.923624,46.357455],[-10.922697,46.357822],[-10.920842,46.358556],[-10.919914,46.358922],[-10.916201,46.360387],[-10.915273,46.360752],[-10.913416,46.361483],[-10.912488,46.361847],[-10.905052,46.364764],[-10.904031,46.364907],[-10.903573,46.365043],[-10.902077,46.365817],[-10.901149,46.366251],[-10.900384,46.366607],[-10.899278,46.367121],[-10.898734,46.367381],[-10.896617,46.368674],[-10.896079,46.368967],[-10.895,46.369552],[-10.894461,46.369844],[-10.890143,46.372184],[-10.889604,46.372477],[-10.888524,46.373061],[-10.887984,46.373353],[-10.885823,46.37452],[-10.885283,46.374812],[-10.884202,46.375395],[-10.883658,46.375688],[-10.877734,46.378878],[-10.877321,46.3791],[-10.873288,46.381303],[-10.868819,46.383729],[-10.859901,46.388541],[-10.855432,46.390937],[-10.837549,46.400463],[-10.833068,46.402834],[-10.824085,46.407559],[-10.819583,46.409911],[-10.801555,46.419272],[-10.799301,46.420438],[-10.794785,46.422768],[-10.792525,46.42393],[-10.783469,46.428571],[-10.781204,46.429728],[-10.776667,46.432039],[-10.774398,46.433191],[-10.75537,46.44277],[-10.751185,46.444893],[-10.748286,46.44636],[-10.742479,46.449292],[-10.739568,46.450744],[-10.727881,46.456506],[-10.724958,46.457944],[-10.723404,46.458708],[-10.719086,46.460773],[-10.716146,46.462182],[-10.692742,46.473812],[-10.689806,46.475242],[-10.683923,46.478095],[-10.680979,46.479518],[-10.669177,46.485194],[-10.666223,46.486609],[-10.660307,46.489431],[-10.657347,46.490837],[-10.633607,46.502064],[-10.630637,46.503462],[-10.624687,46.506252],[-10.621709,46.507642],[-10.609774,46.513191],[-10.606788,46.514573],[-10.600806,46.517331],[-10.597812,46.518705],[-10.573808,46.529675],[-10.570806,46.53104],[-10.564791,46.533765],[-10.56178,46.535124],[-10.549715,46.540543],[-10.546696,46.541893],[-10.540649,46.544585],[-10.537623,46.545927],[-10.513362,46.556636],[-10.511273,46.557555],[-10.507089,46.55939],[-10.504995,46.560306],[-10.496609,46.563963],[-10.494512,46.564874],[-10.490312,46.566695],[-10.488212,46.567602],[-10.471376,46.574855],[-10.468775,46.575971],[-10.463566,46.578198],[-10.460959,46.579308],[-10.450516,46.58374],[-10.447903,46.584845],[-10.44267,46.587048],[-10.440052,46.588147],[-10.436057,46.589817],[-10.435559,46.590026],[-10.43456,46.590443],[-10.434061,46.590651],[-10.432064,46.591484],[-10.431565,46.591691],[-10.430567,46.592107],[-10.430068,46.592314],[-10.41248,46.599623],[-10.411676,46.599957],[-10.409481,46.600866],[-10.40514,46.602657],[-10.402968,46.60355],[-10.394641,46.606965],[-10.393742,46.607333],[-10.391703,46.608165],[-10.388343,46.609534],[-10.386663,46.610216],[-10.369213,46.617286],[-10.367799,46.617858],[-10.367032,46.618167],[-10.362663,46.619926],[-10.360478,46.620803],[-10.351725,46.624304],[-10.349535,46.625177],[-10.345153,46.626919],[-10.342961,46.627788],[-10.325393,46.634725],[-10.324297,46.635158],[-10.3221,46.636022],[-10.321002,46.636453],[-10.316604,46.638179],[-10.315504,46.638609],[-10.313304,46.63947],[-10.312204,46.639899],[-10.303391,46.643335],[-10.302289,46.643763],[-10.300085,46.64462],[-10.298982,46.645047],[-10.294568,46.646756],[-10.293465,46.647183],[-10.291256,46.648036],[-10.290151,46.648461],[-10.289311,46.648785],[-10.288492,46.6491],[-10.287673,46.649415],[-10.286856,46.649729],[-10.286039,46.650044],[-10.285222,46.650358],[-10.284404,46.650673],[-10.283585,46.650988],[-10.282768,46.651302],[-10.28195,46.651617],[-10.281132,46.651932],[-10.280315,46.652246],[-10.279496,46.652561],[-10.278679,46.652876],[-10.277861,46.65319],[-10.277042,46.653505],[-10.276225,46.65382],[-10.275408,46.654134],[-10.27459,46.654449],[-10.273773,46.654763],[-10.272954,46.655078],[-10.272137,46.655393],[-10.271319,46.655707],[-10.270502,46.656022],[-10.269684,46.656337],[-10.268864,46.656652],[-10.268048,46.656966],[-10.26723,46.657281],[-10.266414,46.657595],[-10.265597,46.657909],[-10.264778,46.658224],[-10.263959,46.658539],[-10.263142,46.658854],[-10.262323,46.659169],[-10.261506,46.659483],[-10.260689,46.659798],[-10.259871,46.660112],[-10.259053,46.660427],[-10.258236,46.660741],[-10.257418,46.661056],[-10.2566,46.661371],[-10.255782,46.661685],[-10.254965,46.662],[-10.254146,46.662315],[-10.253329,46.662629],[-10.252511,46.662944],[-10.251694,46.663259],[-10.250876,46.663573],[-10.250058,46.663888],[-10.24924,46.664203],[-10.248423,46.664517],[-10.247604,46.664832],[-10.246788,46.665146],[-10.24597,46.665461],[-10.245152,46.665776],[-10.244334,46.666091],[-10.243515,46.666406],[-10.242699,46.66672],[-10.241882,46.667034],[-10.241045,46.667356],[-10.233315,46.670298],[-10.229581,46.671704],[-10.226644,46.672894],[-10.224879,46.673606],[-10.22262,46.674514],[-10.214616,46.677719],[-10.210609,46.679315],[-10.196773,46.684792],[-10.195044,46.685475],[-10.191582,46.686838],[-10.189851,46.687518],[-10.182916,46.690236],[-10.181182,46.690913],[-10.177712,46.692266],[-10.175977,46.692941],[-10.154399,46.701309],[-10.153052,46.70183],[-10.150354,46.702872],[-10.149005,46.703392],[-10.143601,46.705471],[-10.14225,46.705989],[-10.139546,46.707025],[-10.138194,46.707542],[-10.127362,46.711676],[-10.126008,46.712191],[-10.123298,46.713221],[-10.121943,46.713735],[-10.116516,46.71579],[-10.115159,46.716302],[-10.112443,46.717326],[-10.111085,46.717837],[-10.109672,46.718368],[-10.108032,46.718982],[-10.104748,46.72021],[-10.103105,46.720822],[-10.09653,46.723268],[-10.094886,46.723878],[-10.091596,46.725096],[-10.08995,46.725704],[-10.076769,46.730559],[-10.075123,46.731164],[-10.071825,46.732372],[-10.070176,46.732975],[-10.063572,46.735384],[-10.061922,46.735984],[-10.058618,46.737183],[-10.056967,46.737781],[-10.030484,46.747342],[-10.027173,46.748531],[-10.020539,46.750901],[-10.01722,46.752082],[-10.003921,46.756788],[-10.000594,46.757959],[-9.993932,46.760293],[-9.990599,46.761454],[-9.963882,46.770718],[-9.960541,46.77187],[-9.95385,46.774167],[-9.950502,46.77531],[-9.937087,46.779866],[-9.933732,46.781],[-9.927013,46.78326],[-9.923651,46.784384],[-9.896527,46.793408],[-9.89483,46.793982],[-9.891317,46.795167],[-9.884356,46.797502],[-9.880873,46.798665],[-9.861804,46.804995],[-9.859421,46.805783],[-9.854649,46.807355],[-9.852262,46.808139],[-9.842701,46.811265],[-9.84031,46.812044],[-9.835524,46.813598],[-9.833131,46.814372],[-9.813952,46.820551],[-9.811555,46.82132],[-9.806756,46.822854],[-9.804355,46.823619],[-9.794739,46.82667],[-9.792335,46.82743],[-9.787522,46.828946],[-9.785116,46.829701],[-9.765829,46.835728],[-9.763419,46.836478],[-9.758592,46.837975],[-9.756178,46.83872],[-9.746509,46.841695],[-9.744092,46.842436],[-9.739253,46.843914],[-9.736833,46.84465],[-9.717441,46.850524],[-9.715018,46.851255],[-9.710165,46.852713],[-9.707738,46.85344],[-9.698017,46.856338],[-9.695587,46.85706],[-9.690722,46.8585],[-9.688289,46.859216],[-9.668795,46.864937],[-9.666359,46.865649],[-9.661481,46.867069],[-9.659041,46.867776],[-9.64927,46.870598],[-9.646827,46.8713],[-9.641937,46.872701],[-9.639491,46.873399],[-9.637363,46.874003],[-9.687778,46.956389],[-9.7475,47.072778],[-9.801389,47.191944],[-9.850278,47.313333],[-9.877283,47.4354],[-9.87728,47.435405],[-9.882992,47.438879],[-9.89046,47.443421],[-9.903915,47.451681],[-9.908657,47.454592],[-9.926779,47.465822],[-9.944827,47.477111],[-9.956037,47.484189],[-9.962798,47.488457],[-9.980694,47.499861],[-9.998513,47.511323],[-10.016256,47.522843],[-10.033921,47.534419],[-10.051508,47.546052],[-10.069017,47.557742],[-10.075106,47.561845],[-10.086448,47.569488],[-10.103799,47.58129],[-10.121071,47.593148],[-10.138263,47.605062],[-10.155375,47.617031],[-10.172406,47.629055],[-10.189356,47.641134],[-10.206224,47.653267],[-10.22301,47.665455],[-10.239714,47.677696],[-10.256335,47.689992],[-10.272872,47.70234],[-10.289326,47.714742],[-10.305696,47.727197],[-10.321981,47.739705],[-10.338181,47.752264],[-10.354296,47.764876],[-10.370325,47.77754],[-10.386268,47.790255],[-10.402124,47.803022],[-10.417894,47.81584],[-10.433576,47.828708],[-10.44917,47.841626],[-10.464676,47.854595],[-10.476241,47.864361],[-10.480093,47.867614],[-10.495421,47.880682],[-10.51066,47.893799],[-10.525808,47.906965],[-10.540867,47.92018],[-10.555835,47.933444],[-10.570712,47.946755],[-10.585497,47.960114],[-10.600191,47.973521],[-10.614792,47.986975],[-10.628785,48.0],[-10.806493,48.177315],[-10.809371,48.180188],[-10.82517,48.180188],[-10.825818,48.180271],[-10.833092,48.181219],[-10.87906,48.18732],[-10.905541,48.190894],[-10.911342,48.191689],[-10.922598,48.193253],[-10.928241,48.194048],[-10.933886,48.194855],[-10.939009,48.195545],[-10.947738,48.196747],[-10.965253,48.199211],[-10.974094,48.200482],[-10.983885,48.20192],[-10.99476,48.20353],[-11.003738,48.204873],[-11.018993,48.20718],[-11.028386,48.208616],[-11.033088,48.209343],[-11.041941,48.210727],[-11.046364,48.211425],[-11.064927,48.214386],[-11.077288,48.216391],[-11.114346,48.222504],[-11.126685,48.224574],[-11.145182,48.227726],[-11.149524,48.228474],[-11.158207,48.229981],[-11.162837,48.230793],[-11.172038,48.232422],[-11.188706,48.235403],[-11.203015,48.237994],[-11.216764,48.240507],[-11.230499,48.243038],[-11.244252,48.245595],[-11.258001,48.248173],[-11.271704,48.250764],[-11.284991,48.253297],[-11.296322,48.255474],[-11.30645,48.257437],[-11.320913,48.260267],[-11.330347,48.262128],[-11.337308,48.263512],[-11.34218,48.264489],[-11.35144,48.266364],[-11.356065,48.267308],[-11.375989,48.271409],[-11.395822,48.275346],[-11.405248,48.277247],[-11.443115,48.285011],[-11.452718,48.287013],[-11.471899,48.29108],[-11.481677,48.293188],[-11.48937,48.294877],[-11.502893,48.297865],[-11.51778,48.301184],[-11.531301,48.304227],[-11.545642,48.307484],[-11.559616,48.310688],[-11.573064,48.313798],[-11.586379,48.316903],[-11.599285,48.319937],[-11.612411,48.323048],[-11.625245,48.326115],[-11.638399,48.329284],[-11.651213,48.332396],[-11.664005,48.335526],[-11.676784,48.338679],[-11.689552,48.341853],[-11.702309,48.345049],[-11.715054,48.348267],[-11.727788,48.351506],[-11.74051,48.354767],[-11.753221,48.35805],[-11.765919,48.361354],[-11.778606,48.36468],[-11.79128,48.368028],[-11.803943,48.371397],[-11.816594,48.374788],[-11.829232,48.3782],[-11.841858,48.381634],[-11.854471,48.385089],[-11.867072,48.388566],[-11.879661,48.392065],[-11.892237,48.395584],[-11.9048,48.399125],[-11.917351,48.402688],[-11.929889,48.406272],[-11.942413,48.409877],[-11.954925,48.413504],[-11.967424,48.417151],[-11.979909,48.420821],[-11.991591,48.424277],[-12.061671,48.443882],[-12.150008,48.468631],[-12.237179,48.493054],[-12.247411,48.495944],[-12.264449,48.500804],[-12.274674,48.503748],[-12.346506,48.5246],[-12.353926,48.526649],[-12.370607,48.531311],[-12.37893,48.533665],[-12.412182,48.543181],[-12.420523,48.545595],[-12.437179,48.550474],[-12.445561,48.552959],[-12.452679,48.555094],[-12.462429,48.558029],[-12.472287,48.561007],[-12.482143,48.563995],[-12.491994,48.566994],[-12.50184,48.570002],[-12.511682,48.57302],[-12.521515,48.576047],[-12.531231,48.579048],[-12.540248,48.581845],[-12.548811,48.58452],[-12.562826,48.588933],[-12.571212,48.591593],[-12.579929,48.59438],[-12.590827,48.597898],[-12.608979,48.603814],[-12.619988,48.607437],[-12.629328,48.610538],[-12.638902,48.61373],[-12.648578,48.616967],[-12.658252,48.620215],[-12.667918,48.623472],[-12.677489,48.626707],[-12.685153,48.629306],[-12.692553,48.631841],[-12.707199,48.636906],[-12.714506,48.639457],[-12.743503,48.649676],[-12.749006,48.651635],[-12.764043,48.656736],[-12.768353,48.658207],[-12.776964,48.661161],[-12.781314,48.662662],[-12.787412,48.664778],[-12.795064,48.66744],[-12.802853,48.670158],[-12.807428,48.671763],[-12.816458,48.674952],[-12.820965,48.676553],[-12.838809,48.682926],[-12.843587,48.684643],[-12.853131,48.688094],[-12.857897,48.689827],[-12.865482,48.692605],[-12.871976,48.694995],[-12.88291,48.699041],[-12.889044,48.701324],[-12.898886,48.705008],[-12.905937,48.70766],[-12.910077,48.709182],[-12.914574,48.710841],[-12.926081,48.715106],[-12.940123,48.720342],[-12.951885,48.724755],[-12.963283,48.729057],[-12.974531,48.733326],[-12.98576,48.737611],[-12.996974,48.741915],[-13.005001,48.745012],[-13.017873,48.749729],[-13.024755,48.75234],[-13.029409,48.754121],[-13.033696,48.755771],[-13.050923,48.762436],[-13.057685,48.765074],[-13.064643,48.767812],[-13.084092,48.77566],[-13.094321,48.779892],[-13.105266,48.78444],[-13.115831,48.788842],[-13.126385,48.793252],[-13.133994,48.796441],[-13.141386,48.799483],[-13.152387,48.804036],[-13.154605,48.804959],[-13.187393,48.818055],[-13.19782,48.822465],[-13.209388,48.827383],[-13.220937,48.83232],[-13.232469,48.837277],[-13.243982,48.842253],[-13.255477,48.847249],[-13.266954,48.852264],[-13.278412,48.857299],[-13.289852,48.862353],[-13.301273,48.867427],[-13.312676,48.87252],[-13.32406,48.877632],[-13.335425,48.882764],[-13.346771,48.887915],[-13.358098,48.893085],[-13.369406,48.898274],[-13.380695,48.903483],[-13.391965,48.908711],[-13.403215,48.913957],[-13.414446,48.919223],[-13.425658,48.924508],[-13.43685,48.929812],[-13.448023,48.935135],[-13.459176,48.940476],[-13.470309,48.945837],[-13.481421,48.951216],[-13.492487,48.956601],[-13.503358,48.961919],[-13.513744,48.967025],[-13.523983,48.972083],[-13.534402,48.977256],[-13.54708,48.983586],[-13.560056,48.990102],[-13.572986,48.996637],[-13.586266,49.003392],[-13.59887,49.009844],[-13.61234,49.016782],[-13.623613,49.022621],[-13.634959,49.02853],[-13.645678,49.034142],[-13.656475,49.039824],[-13.667226,49.045512],[-13.677785,49.051126],[-13.68871,49.056966],[-13.699414,49.062717],[-13.710164,49.068522],[-13.720753,49.074271],[-13.73139,49.080075],[-13.742005,49.085896],[-13.752599,49.091736],[-13.763171,49.097594],[-13.773721,49.10347],[-13.784249,49.109364],[-13.794755,49.115275],[-13.805239,49.121204],[-13.815701,49.127151],[-13.826141,49.133116],[-13.836559,49.139099],[-13.846954,49.145099],[-13.857327,49.151116],[-13.867677,49.157152],[-13.878005,49.163204],[-13.88831,49.169275],[-13.898592,49.175362],[-13.908852,49.181467],[-13.919088,49.18759],[-13.929302,49.19373],[-13.939493,49.199887],[-13.94966,49.206061],[-13.959805,49.212253],[-13.969926,49.218462],[-13.980024,49.224688],[-13.990099,49.230931],[-14.00015,49.237191],[-14.010177,49.243468],[-14.020181,49.249762],[-14.030162,49.256073],[-14.040118,49.262401],[-14.050051,49.268746],[-14.05996,49.275107],[-14.069845,49.281486],[-14.079706,49.287881],[-14.089543,49.294293],[-14.099355,49.300721],[-14.109144,49.307166],[-14.118908,49.313628],[-14.128648,49.320106],[-14.138363,49.3266],[-14.148052,49.333111],[-14.157702,49.339627],[-14.167302,49.346142],[-14.177276,49.352948],[-14.190082,49.361738],[-14.204591,49.371767],[-14.216957,49.380374],[-14.228104,49.388183],[-14.238182,49.395285],[-14.239251,49.396043],[-14.301071,49.438205],[-14.366036,49.482504],[-14.433188,49.528294],[-14.442364,49.534573],[-14.452683,49.541671],[-14.465417,49.550484],[-14.479026,49.559967],[-14.490104,49.567738],[-14.500952,49.575394],[-14.513215,49.584101],[-14.523462,49.591419],[-14.53316,49.598382],[-14.542659,49.605239],[-14.551861,49.611916],[-14.561378,49.618857],[-14.570663,49.625663],[-14.579895,49.632465],[-14.588998,49.639205],[-14.598328,49.64615],[-14.607496,49.65301],[-14.616639,49.659885],[-14.62567,49.666712],[-14.634845,49.673682],[-14.643908,49.680603],[-14.652945,49.68754],[-14.661956,49.694492],[-14.67094,49.701459],[-14.679897,49.708441],[-14.688827,49.715439],[-14.697731,49.722451],[-14.706607,49.729478],[-14.715457,49.736521],[-14.724279,49.743578],[-14.733075,49.75065],[-14.741843,49.757737],[-14.750584,49.764839],[-14.759297,49.771955],[-14.767984,49.779086],[-14.776642,49.786232],[-14.785274,49.793392],[-14.793877,49.800567],[-14.802453,49.807756],[-14.811002,49.81496],[-14.819522,49.822178],[-14.828015,49.829411],[-14.836479,49.836657],[-14.844916,49.843919],[-14.853324,49.851194],[-14.861705,49.858483],[-14.870057,49.865787],[-14.878381,49.873104],[-14.886676,49.880436],[-14.894944,49.887782],[-14.903182,49.895141],[-14.911392,49.902515],[-14.919574,49.909902],[-14.927727,49.917303],[-14.935851,49.924718],[-14.943946,49.932146],[-14.952013,49.939588],[-14.96005,49.947044],[-14.968058,49.954512],[-14.976025,49.961982],[-14.983949,49.969453],[-14.992196,49.977275],[-15.002803,49.9874],[-15.014857,49.998992],[-15.025097,50.008916],[-15.034243,50.017843],[-15.042514,50.025969],[-15.051257,50.034614],[-15.06154,50.044847],[-15.069243,50.052562],[-15.076925,50.060301],[-15.084559,50.068036],[-15.090574,50.07416],[-15.095042,50.078752],[-15.103707,50.087733],[-15.114523,50.099194],[-15.124242,50.109905],[-15.140111,50.126135],[-15.152337,50.138907],[-15.160271,50.147405],[-15.164213,50.151662],[-15.167722,50.155453],[-15.174912,50.16321],[-15.181318,50.170169],[-15.187332,50.17679],[-15.198783,50.189559],[-15.204549,50.19607],[-15.210002,50.202308],[-15.216172,50.209401],[-15.221766,50.215853],[-15.227316,50.222273],[-15.232851,50.228696],[-15.238371,50.23512],[-15.243287,50.240857],[-15.258661,50.258033],[-15.272082,50.273486],[-15.277417,50.279824],[-15.28407,50.287771],[-15.290739,50.295785],[-15.297376,50.30381],[-15.303986,50.311853],[-15.310663,50.320028],[-15.317945,50.329007],[-15.327673,50.341103],[-15.339819,50.356364],[-15.352491,50.37248],[-15.365117,50.388744],[-15.377618,50.405055],[-15.389987,50.421409],[-15.402225,50.437802],[-15.414312,50.45421],[-15.426092,50.470414],[-15.436946,50.485535],[-15.445963,50.498241],[-15.454345,50.510177],[-15.462591,50.522035],[-15.470162,50.533028],[-15.477691,50.544066],[-15.485412,50.555493],[-15.492176,50.565589],[-15.497413,50.573467],[-15.542332,50.641394],[-15.586011,50.707415],[-15.629774,50.773519],[-15.677089,50.844977],[-15.686351,50.859111],[-15.69407,50.871022],[-15.701895,50.883231],[-15.711011,50.897619],[-15.719128,50.910582],[-15.721948,50.915124],[-15.729804,50.927875],[-15.738,50.941334],[-15.739787,50.944292],[-15.747975,50.957944],[-15.756929,50.973072],[-15.765772,50.988226],[-15.774505,51.003407],[-15.783126,51.018614],[-15.791637,51.033846],[-15.800036,51.049103],[-15.807934,51.064715],[-15.81628,51.079814],[-15.824506,51.09505],[-15.832172,51.110536],[-15.839754,51.126034],[-15.844198,51.135189],[-15.847274,51.141427],[-15.855682,51.15658],[-15.863179,51.172027],[-15.870561,51.187495],[-15.877829,51.202986],[-15.884983,51.218497],[-15.892021,51.23403],[-15.898946,51.249586],[-15.90577,51.2652],[-15.912573,51.281056],[-15.919479,51.297469],[-15.925789,51.312751],[-15.931174,51.326031],[-15.936771,51.340077],[-15.942387,51.354418],[-15.94662,51.365408],[-15.95003,51.37438],[-15.954143,51.385357],[-15.959102,51.398809],[-15.963902,51.412056],[-15.966592,51.419595],[-15.971702,51.434147],[-15.977659,51.451494],[-15.983624,51.469311],[-15.989415,51.487081],[-15.995057,51.504875],[-16.00013,51.521305],[-16.001097,51.524491],[-16.005901,51.540559],[-16.011096,51.558427],[-16.016139,51.576313],[-16.021029,51.594215],[-16.025766,51.612134],[-16.03035,51.630068],[-16.034781,51.648017],[-16.039058,51.66598],[-16.043181,51.683958],[-16.04715,51.701949],[-16.050964,51.719953],[-16.054623,51.737969],[-16.058127,51.755998],[-16.061475,51.774037],[-16.064668,51.792088],[-16.067704,51.810148],[-16.07058,51.828189],[-16.073261,51.845971],[-16.075621,51.862515],[-16.077485,51.876286],[-16.079138,51.889133],[-16.080712,51.901974],[-16.082187,51.914649],[-16.083604,51.927533],[-16.084785,51.93886],[-16.085861,51.949774],[-16.087181,51.964029],[-16.088381,51.977997],[-16.089488,51.991963],[-16.090472,52.005529],[-16.091432,52.020133],[-16.092263,52.034271],[-16.092998,52.048413],[-16.093632,52.06248],[-16.09417,52.076554],[-16.094613,52.090646],[-16.094951,52.104323],[-16.095209,52.118832],[-16.095363,52.132926],[-16.095419,52.147021],[-16.095379,52.161115],[-16.095242,52.175209],[-16.095007,52.189302],[-16.094676,52.203395],[-16.094248,52.217487],[-16.093722,52.231577],[-16.093099,52.245666],[-16.092378,52.259758],[-16.091558,52.273872],[-16.090636,52.288049],[-16.089614,52.302223],[-16.088496,52.316369],[-16.087263,52.330705],[-16.085984,52.344472],[-16.079494,52.409456],[-16.07799,52.423521],[-16.076738,52.434583],[-16.075417,52.445684],[-16.073694,52.459435],[-16.071686,52.474607],[-16.069705,52.488807],[-16.068097,52.499827],[-16.062613,52.529957],[-16.060723,52.542457],[-16.059115,52.552953],[-16.058021,52.560141],[-16.054541,52.579808],[-16.052962,52.58763],[-16.050743,52.598538],[-16.048006,52.61073],[-16.043919,52.632304],[-16.040308,52.648671],[-16.036215,52.66651],[-16.032538,52.681972],[-16.031201,52.687461],[-16.027409,52.702685],[-16.023291,52.718702],[-16.022446,52.72193],[-16.018038,52.738417],[-16.013089,52.756323],[-16.007975,52.774212],[-16.002697,52.792083],[-15.997254,52.809937],[-15.991646,52.827772],[-15.985873,52.845588],[-15.979936,52.863385],[-15.973833,52.881161],[-15.967565,52.898916],[-15.961133,52.91665],[-15.954535,52.934363],[-15.947772,52.952053],[-15.940845,52.969719],[-15.933752,52.987363],[-15.926496,53.004979],[-15.919098,53.022518],[-15.9117,53.039659],[-15.904675,53.055589],[-15.89781,53.070843],[-15.890643,53.086459],[-15.883758,53.101183],[-15.877913,53.113476],[-15.87235,53.125],[-15.866132,53.137696],[-15.860439,53.14916],[-15.855383,53.159207],[-15.848973,53.171768],[-15.84368,53.182],[-15.8465,53.191547],[-15.852975,53.21448],[-15.856109,53.226202],[-15.859083,53.238012],[-15.863256,53.255064],[-15.86739,53.272578],[-15.871378,53.290125],[-15.875213,53.307685],[-15.878895,53.325256],[-15.882424,53.342837],[-15.885794,53.360394],[-15.888957,53.377657],[-15.891673,53.393172],[-15.893847,53.406117],[-15.895773,53.418039],[-15.897713,53.430522],[-15.899645,53.443482],[-15.901594,53.457156],[-15.90344,53.470752],[-15.90516,53.484067],[-15.906704,53.496661],[-15.90833,53.510704],[-15.909968,53.525774],[-15.911423,53.540137],[-15.912744,53.554195],[-15.912783,53.554635],[-15.916561,53.566321],[-15.917674,53.569813],[-15.922712,53.585875],[-15.928159,53.603737],[-15.933448,53.621616],[-15.938576,53.639511],[-15.943545,53.657423],[-15.948354,53.67535],[-15.953003,53.693292],[-15.957491,53.711249],[-15.961817,53.72922],[-15.965982,53.747204],[-15.969986,53.765201],[-15.973827,53.783211],[-15.977506,53.801233],[-15.981022,53.819266],[-15.984375,53.837309],[-15.987561,53.85534],[-15.990561,53.873246],[-15.993336,53.890732],[-15.995875,53.907659],[-15.997828,53.921369],[-15.999343,53.932508],[-16.000845,53.944053],[-16.002275,53.955563],[-16.003691,53.967561],[-16.005273,53.981737],[-16.006741,53.995782],[-16.008103,54.009787],[-16.009326,54.023291],[-16.009982,54.031009],[-16.011155,54.045857],[-16.012405,54.063459],[-16.013368,54.078779],[-16.013676,54.084119],[-16.014498,54.099972],[-16.015281,54.117997],[-16.015912,54.136445],[-16.016356,54.154295],[-16.016642,54.172445],[-16.016759,54.190597],[-16.016708,54.208749],[-16.016489,54.2269],[-16.0161,54.24505],[-16.015542,54.263198],[-16.014815,54.281345],[-16.013918,54.299488],[-16.012852,54.317629],[-16.011615,54.335766],[-16.010209,54.353898],[-16.008632,54.372026],[-16.006884,54.390149],[-16.004967,54.408262],[-16.002885,54.42631],[-16.000698,54.443874],[-15.998623,54.459466],[-15.996926,54.471557],[-15.995419,54.481852],[-15.993979,54.49135],[-15.9922,54.502657],[-15.99022,54.514765],[-15.988338,54.52586],[-15.986554,54.536023],[-15.984434,54.547707],[-15.981628,54.562591],[-15.978175,54.580112],[-15.974563,54.597624],[-15.971319,54.612727],[-15.969663,54.620212],[-15.966424,54.634455],[-15.962315,54.651884],[-15.958485,54.667552],[-15.957158,54.67285],[-15.953267,54.688036],[-15.948545,54.705847],[-15.94407,54.722158],[-15.943116,54.725562],[-15.938517,54.74168],[-15.933243,54.759572],[-15.927796,54.777446],[-15.922177,54.795303],[-15.916383,54.813142],[-15.910417,54.830962],[-15.904277,54.848762],[-15.897964,54.866543],[-15.891478,54.884303],[-15.884818,54.902042],[-15.877985,54.919759],[-15.870978,54.937454],[-15.863798,54.955127],[-15.856447,54.97277],[-15.848972,54.990276],[-15.841696,55.006928],[-15.835614,55.020568],[-15.830287,55.032313],[-15.825291,55.043163],[-15.820709,55.052984],[-15.816372,55.062164],[-15.810984,55.073416],[-15.804559,55.086628],[-15.798442,55.099014],[-15.794116,55.107658],[-15.789232,55.117304],[-15.784046,55.127428],[-15.779399,55.136393],[-15.772817,55.148923],[-15.764675,55.164182],[-15.757793,55.176883],[-15.752383,55.186734],[-15.747503,55.195522],[-15.742653,55.204169],[-15.737765,55.212797],[-15.732785,55.221505],[-15.727846,55.230057],[-15.722835,55.238652],[-15.717772,55.247253],[-15.712666,55.255846],[-15.707518,55.264431],[-15.702432,55.272834],[-15.697091,55.281575],[-15.691813,55.290135],[-15.686491,55.298686],[-15.681127,55.307228],[-15.67572,55.315762],[-15.670269,55.324288],[-15.664776,55.332804],[-15.659239,55.341312],[-15.65366,55.349811],[-15.648037,55.358301],[-15.642372,55.366781],[-15.636663,55.375253],[-15.630912,55.383716],[-15.625118,55.392169],[-15.619281,55.400613],[-15.613401,55.409048],[-15.607478,55.417473],[-15.601512,55.425889],[-15.595504,55.434295],[-15.589452,55.442691],[-15.583358,55.451078],[-15.577222,55.459455],[-15.571042,55.467822],[-15.56482,55.47618],[-15.558555,55.484527],[-15.552247,55.492864],[-15.545897,55.501191],[-15.539505,55.509508],[-15.533069,55.517815],[-15.526591,55.526111],[-15.520071,55.534397],[-15.513508,55.542673],[-15.5069,55.550941],[-15.500201,55.559258],[-15.49316,55.56793],[-15.48494,55.577969],[-15.476673,55.587973],[-15.469099,55.597061],[-15.462186,55.60529],[-15.454471,55.614397],[-15.44517,55.625276],[-15.434336,55.637816],[-15.423871,55.6498],[-15.413235,55.661845],[-15.401715,55.674746],[-15.389786,55.687951],[-15.377426,55.701474],[-15.365252,55.714635],[-15.352968,55.727764],[-15.342386,55.738956],[-15.338711,55.742817],[-15.327615,55.75439],[-15.315024,55.767388],[-15.302853,55.779815],[-15.293073,55.789706],[-15.284173,55.798633],[-15.275787,55.80698],[-15.266881,55.815778],[-15.255489,55.826936],[-15.19189,55.888558],[-15.135728,55.942964],[-15.079912,55.99706],[-15.066568,56.009993],[-15.060672,56.015944],[-15.056462,56.020196],[-15.04914,56.027506],[-15.040328,56.036265],[-15.032526,56.043987],[-15.024481,56.05191],[-15.01703,56.059196],[-15.009446,56.066498],[-14.994517,56.080654],[-14.986787,56.087874],[-14.978636,56.095373],[-14.96823,56.104879],[-14.959456,56.112855],[-14.952266,56.119365],[-14.945396,56.125563],[-14.939318,56.131031],[-14.936089,56.133928],[-14.927687,56.141354],[-14.924232,56.144362],[-14.91809,56.150199],[-14.894764,56.171424],[-14.887052,56.178148],[-14.877351,56.186552],[-14.86753,56.195],[-14.858648,56.202589],[-14.845771,56.212434],[-14.845103,56.212999],[-14.839419,56.217783],[-14.833851,56.222588],[-14.825579,56.229749],[-14.821902,56.232841],[-14.812997,56.240307],[-14.804005,56.247819],[-14.794336,56.255867],[-14.785089,56.26351],[-14.766555,56.278371],[-14.757106,56.285724],[-14.747141,56.293429],[-14.737969,56.300494],[-14.72937,56.307096],[-14.720631,56.313783],[-14.71739,56.316254],[-14.714492,56.318501],[-14.713555,56.319223],[-14.691762,56.33681],[-14.681256,56.34477],[-14.67019,56.353097],[-14.65922,56.361292],[-14.646069,56.371044],[-14.633477,56.380309],[-14.623774,56.387398],[-14.614081,56.394436],[-14.604211,56.40156],[-14.594502,56.408527],[-14.584141,56.415915],[-14.574025,56.423084],[-14.5639,56.430216],[-14.553575,56.437444],[-14.54352,56.444441],[-14.533299,56.45151],[-14.523021,56.458576],[-14.512705,56.465625],[-14.502474,56.472574],[-14.491957,56.479674],[-14.481526,56.486673],[-14.471056,56.493656],[-14.460549,56.500623],[-14.450003,56.507572],[-14.439419,56.514505],[-14.428797,56.521421],[-14.418137,56.52832],[-14.40744,56.535202],[-14.396704,56.542067],[-14.385931,56.548914],[-14.375121,56.555745],[-14.364272,56.562558],[-14.353387,56.569354],[-14.342464,56.576133],[-14.334092,56.581298],[-14.334108,56.581319]],[[39.750363,72.2625],[40.135694,72.205],[40.566783,72.131559],[40.730198,72.100041],[40.731555,72.194761],[40.730759,72.200494],[40.730859,72.210567],[40.727736,72.232869],[40.729071,72.384001],[40.729988,72.389758],[40.730025,72.394194],[40.730506,72.39722],[40.730759,72.432674],[40.745809,72.541925],[40.747843,72.552431],[40.756714,72.593694],[40.804179,72.744158],[40.875628,72.893801],[40.971516,73.042288],[41.019043,73.104061],[41.019418,73.104526],[41.092598,73.189711],[41.199266,73.295995],[41.22778,73.367466],[41.234316,73.389088],[41.304529,73.538875],[41.308727,73.545459],[41.314028,73.556683],[41.409619,73.705373],[41.53109,73.852621],[41.531729,73.853256],[41.582436,73.914381],[41.730353,74.05987],[41.733463,74.062446],[41.730627,74.105147],[41.745768,74.256196],[41.749504,74.273657],[41.751038,74.289182],[41.791801,74.439885],[41.849148,74.571151],[41.852755,74.578134],[41.862421,74.596438],[41.956761,74.745462],[42.078775,74.893139],[42.228972,75.03912],[42.407798,75.18305],[42.615625,75.32457],[42.772668,75.41646],[42.770934,75.432791],[42.775596,75.583874],[42.808197,75.734744],[42.869543,75.885076],[42.960405,76.03454],[43.08151,76.182794],[43.08893,76.190027],[43.107831,76.212969],[43.118619,76.224528],[43.119594,76.225563],[43.260761,76.36062],[43.444414,76.505419],[43.660216,76.647939],[43.908622,76.787809],[43.957438,76.812967],[43.800234,76.819825],[43.153536,76.853269],[42.51056,76.891773],[41.871864,76.935302],[41.612834,76.955127],[41.406068,76.942671],[40.754949,76.909304],[40.100665,76.881017],[39.443755,76.857838],[38.784751,76.839787],[38.124182,76.826882],[38.0,76.825428],[38.0,75.800206],[37.935065,75.76249],[37.870466,75.724757],[37.806201,75.687006],[37.742267,75.649239],[37.678661,75.611454],[37.615381,75.573651],[37.552425,75.535832],[37.48979,75.497997],[37.427475,75.460144],[37.365475,75.422275],[37.242417,75.346489],[37.120598,75.270637],[37.0,75.194722],[37.0,74.937706],[37.0,74.90911],[36.988533,74.90509],[36.936165,74.886914],[36.893216,74.872157],[36.850893,74.857748],[36.808873,74.843563],[36.770192,74.830618],[36.718085,74.813346],[36.663943,74.795588],[36.641962,74.787469],[36.601837,74.772751],[36.561458,74.758074],[36.520094,74.743176],[36.479916,74.728836],[36.439056,74.714382],[36.397814,74.699923],[36.356339,74.685512],[36.314621,74.671146],[36.272271,74.656692],[36.227162,74.641441],[36.171734,74.622893],[36.12148,74.606252],[36.071843,74.589988],[36.024921,74.574761],[35.986249,74.56232],[35.94788,74.550076],[35.906943,74.537113],[35.866797,74.524499],[35.840338,74.516239],[35.802019,74.504542],[35.723906,74.481193],[35.68628,74.470173],[35.631393,74.454408],[35.613836,74.449056],[35.58371,74.439904],[35.545379,74.428321],[35.503967,74.415911],[35.46162,74.403401],[35.393678,74.383609],[35.352289,74.371716],[35.316615,74.361599],[35.282406,74.35195],[35.248611,74.342458],[35.214583,74.332941],[35.176483,74.322342],[35.129602,74.309431],[35.086669,74.297742],[35.044861,74.286481],[35.020052,74.279859],[34.984806,74.270524],[34.954903,74.262638],[34.930995,74.256352],[34.889066,74.245462],[34.872227,74.241132],[34.779508,74.217449],[34.753658,74.210923],[34.692681,74.195734],[34.658423,74.187309],[34.623613,74.178783],[34.58603,74.169619],[34.549293,74.160702],[34.514027,74.152179],[34.482096,74.144493],[34.445775,74.135796],[34.3968,74.124183],[34.369584,74.117788],[34.347148,74.112576],[34.235911,74.085128],[34.192379,74.07457],[34.104534,74.053708],[34.059584,74.04326],[34.029945,74.036531],[33.983365,74.026022],[33.934775,74.015146],[33.885895,74.004296],[33.837318,73.993601],[33.787707,73.982771],[33.747762,73.974123],[33.796622,73.965382],[33.850811,73.955548],[33.904743,73.945619],[33.958416,73.935597],[34.011827,73.925482],[34.064974,73.915273],[34.117857,73.904973],[34.170472,73.89458],[34.222818,73.884096],[34.274893,73.873521],[34.326695,73.862856],[34.378224,73.852101],[34.429475,73.841256],[34.480449,73.830322],[34.531144,73.8193],[34.581556,73.80819],[34.631686,73.796992],[34.681532,73.785708],[34.731091,73.774337],[34.780362,73.76288],[34.829344,73.751337],[34.878035,73.73971],[34.926433,73.727998],[34.974538,73.716202],[35.022347,73.704323],[35.042842,73.699183],[35.455634,73.594315],[35.613225,73.565119],[35.666012,73.555234],[35.718548,73.545255],[35.770832,73.535182],[35.822861,73.525017],[35.874633,73.51476],[35.926146,73.504411],[35.9774,73.49397],[36.028391,73.483439],[36.079119,73.472818],[36.129581,73.462106],[36.179775,73.451305],[36.229701,73.440416],[36.279356,73.429437],[36.328739,73.418371],[36.377847,73.407218],[36.426681,73.395977],[36.475237,73.38465],[36.476221,73.384418],[36.47626,73.384408],[36.478616,73.385792],[36.574387,73.363969],[36.967928,73.263698],[37.197664,73.199738],[37.319,73.164706],[37.44596,73.127234],[37.741856,73.034047],[37.875106,72.989956],[38.276254,72.855368],[38.276255,72.855368],[38.276291,72.855356],[38.671433,72.720012],[38.936595,72.624014],[39.238647,72.503025],[39.518119,72.377635],[39.74072,72.265341],[39.750363,72.2625]]]]}}]}